"","Chr","baseMean","logFC","lfcSE","stat","P.Value","adj.P.Val","DifExpressed","start_position","end_position","strand","percentage_gene_gc_content","transcript_length","cds_length","Description"
"PCSK9","1",39.4214241674546,2.81556085366417,0.740271103933741,3.80341855666459,0.000142712926540132,0.0168373406892665,"UP",55039445,55064852,"+",55.53,3424,240,"proprotein convertase subtilisin/kexin type 9"
"ENSG00000228153","1",29.8290743267117,2.47471067333703,0.594231328379785,4.16455773222948,3.11956684906589e-05,0.00718628792844643,"UP",204663872,204664613,"+",52.7,445,NA,"novel transcript"
"GPR153","1",581.834451468947,1.70169934592014,0.393929544510484,4.31980634515433,1.56166182109291e-05,0.0049963315185462,"UP",6247353,6261098,"-",60.53,4198,1830,"G protein-coupled receptor 153"
"MSH4","1",77.7065673265811,1.52212296158416,0.437426413399435,3.47972348024224,0.000501931550616013,0.0312879290804095,"UP",75796882,75913242,"+",37.01,3270,2811,"mutS homolog 4"
"KAZN-AS1","1",122.605588437682,1.46314299064003,0.450802506976248,3.24564075842001,0.00117186615678563,0.0468059029571453,"UP",14338825,14419973,"-",42.04,1299,NA,"KAZN antisense RNA 1"
"GRIK3","1",2117.00714850676,1.2460602804858,0.383159535061288,3.25206648005376,0.00114569221346174,0.0463373108274008,"UP",36795527,37034515,"-",49.63,9491,2760,"glutamate ionotropic receptor kainate type subunit 3"
"HIVEP3","1",3431.11141514746,1.23103790035269,0.255753701744032,4.81337275651539,1.48404106236134e-06,0.00176167776837869,"UP",41506365,42035925,"-",46.45,12216,7218,"HIVEP zinc finger 3"
"HS6ST1P1","1",605.758418800191,1.22335086949783,0.261739067135101,4.67393302378651,2.95485728494041e-06,0.00243765062805471,"UP",21428303,21429536,"+",67.1,1234,NA,"heparan sulfate 6-O-sulfotransferase 1 pseudogene 1"
"ENSG00000289610","1",56.7320629852536,1.15447048090705,0.341032608335101,3.3852202185096,0.000711211710869453,0.0359109946536296,"UP",2585590,2586283,"+",64.55,694,NA,"novel transcript"
"SNORA14B","1",542.889273010093,1.13672726376012,0.328930148188293,3.45583179292344,0.000548597550817023,0.0327614329976803,"UP",235127803,235127937,"-",46.67,135,NA,"small nucleolar RNA, H/ACA box 14B"
"KIF21B","1",8651.96447304783,1.09084584158761,0.256099822060247,4.25945567947716,2.04925325559392e-05,0.00591948805712297,"UP",200969390,201023714,"-",55.01,9897,4875,"kinesin family member 21B"
"ENSG00000280222","1",347.097515702986,1.07312223228046,0.333039828177968,3.22220389720779,0.00127208574076009,0.0483777895965317,"UP",18109389,18115861,"+",54.4,6473,NA,"TEC"
"FAM43B","1",607.34895463848,1.03608290789519,0.30291476545301,3.42037769715755,0.000625342472133316,0.0340069706528812,"UP",20552573,20555020,"+",67.65,2448,990,"family with sequence similarity 43 member B"
"ENSG00000288398","1",521.870252007102,0.98846475529572,0.258191609208981,3.82841548694812,0.000128970901893842,0.0157539910767902,"UP",16228674,16231335,"-",56.35,2662,NA,"novel transcript"
"SEMA6C","1",810.895644959543,0.976909565448644,0.228848534910386,4.26880410587373,1.96523762677982e-05,0.00585741513394669,"UP",151131685,151146631,"-",57.43,3817,2889,"semaphorin 6C"
"TMCC2","1",7225.74637666345,0.91182637369491,0.225922187751854,4.03601958164655,5.43656806195284e-05,0.0098125996377904,"UP",205227946,205285632,"+",51.63,3968,2130,"transmembrane and coiled-coil domain family 2"
"CPLANE2","1",268.605324156014,0.877672034579101,0.200842079203521,4.36996090689603,1.24268781832932e-05,0.00448591754837505,"UP",16231692,16237183,"-",54.1,1574,777,"ciliogenesis and planar polarity effector complex subunit 2"
"DENND4B","1",3381.90730157359,0.855219257398461,0.227061627207772,3.76646317528543,0.000165576492715275,0.0177983691236073,"UP",153929501,153946718,"-",56.5,2530,NA,"DENN domain containing 4B"
"DVL1","1",4399.90919063904,0.791595522369218,0.227008023435667,3.48708169160177,0.00048832217228955,0.0310804212078817,"UP",1335276,1349418,"-",66.32,2926,2013,"dishevelled segment polarity protein 1"
"SKI","1",10951.4274850095,0.774686598158946,0.204917841304591,3.7804741316177,0.000156529983233992,0.0172869140388006,"UP",2227388,2310213,"+",57.89,448,NA,"SKI proto-oncogene"
"ARHGEF10L","1",2948.03717648085,0.76191034311592,0.165838865434716,4.59428096736378,4.34243968490276e-06,0.00278994503655109,"UP",17539698,17697874,"+",54.39,4625,3840,"Rho guanine nucleotide exchange factor 10 like"
"AHDC1","1",5043.12120657009,0.730451030230425,0.194333765499418,3.75874479843089,0.000170767907685956,0.0179073354849434,"UP",27534035,27604431,"-",56.39,6335,4812,"AT-hook DNA binding motif containing 1"
"FNDC10","1",539.845776764219,0.715585139465804,0.211646154600347,3.38104484259139,0.000722107572486333,0.0362342193945113,"UP",1598012,1600135,"-",70.72,2124,681,"fibronectin type III domain containing 10"
"PLEKHA6","1",6905.50690450157,0.691872802101841,0.194878566254702,3.5502765409182,0.00038482667952323,0.0273285313099123,"UP",204218853,204378214,"-",48.98,7476,3147,"pleckstrin homology domain containing A6"
"PLXNA2","1",8731.81788265753,0.631606021164719,0.156909244359027,4.02529515545642,5.69038967868269e-05,0.00983055462632997,"UP",208022242,208244384,"-",47.99,11508,5685,"plexin A2"
"PIK3CD","1",1373.75248706216,0.520432806693126,0.120403005462115,4.32242371937205,1.54324447019413e-05,0.0049963315185462,"UP",9629889,9729114,"+",51.08,525,NA,"phosphatidylinositol-4,5-bisphosphate 3-kinase catalytic subunit delta"
"TMEM240","1",519.291797832238,0.498216909846177,0.14258062309024,3.49428203530049,0.000475338573716812,0.0308071174644606,"UP",1534778,1540624,"-",66.8,1381,522,"transmembrane protein 240"
"LUZP1","1",4728.56935801593,0.49336525038501,0.153083439237785,3.22285188287849,0.00126921165567168,0.0483777895965317,"UP",23084030,23178152,"-",43.36,8602,3231,"leucine zipper protein 1"
"ZBTB17","1",2020.83673183148,0.463771510576894,0.14463332686977,3.20653282762748,0.00134344975510564,0.0497505363238076,"UP",15941869,15976132,"-",51.22,776,NA,"zinc finger and BTB domain containing 17"
"ODR4","1",1585.95249663234,-0.450495070000951,0.136942886544229,-3.28965659603978,0.0010030972241378,0.0434005536010677,"DOWN",186375838,186421378,"+",35.17,1900,1269,"odr-4 GPCR localization factor homolog"
"MTF2","1",925.707760502836,-0.504603884499506,0.148464978309335,-3.3988075184178,0.00067680329362699,0.0350534994413189,"DOWN",93079235,93139079,"+",37.37,3845,1476,"metal response element binding transcription factor 2"
"DAP3","1",1466.34706015187,-0.548644795578448,0.151293446876606,-3.62636192713568,0.000287442402964012,0.0231736065269586,"DOWN",155687960,155739010,"+",44.89,732,NA,"death associated protein 3"
"TMEM50A","1",1294.97791513988,-0.575051874151541,0.175399325116324,-3.27852957113814,0.0010434943055388,0.0441813295535053,"DOWN",25338317,25362361,"+",41.71,776,NA,"transmembrane protein 50A"
"SIKE1","1",1099.51772027354,-0.589373733528659,0.18282301666334,-3.22373924402507,0.00126528556627787,0.0483777895965317,"DOWN",114769479,114780685,"-",36.9,5494,624,"suppressor of IKBKE 1"
"ATF6","1",3037.25089427164,-0.599304853096833,0.155528217087062,-3.85335127169465,0.000116512047947999,0.0150017528665195,"DOWN",161766298,161977574,"+",37.99,3111,2070,"activating transcription factor 6"
"ZMYM1","1",360.315101830248,-0.628321356416515,0.143431698685195,-4.38063107511234,1.18336081887283e-05,0.0044031945792705,"DOWN",35032172,35118818,"+",41.81,7802,3429,"zinc finger MYM-type containing 1"
"ZNF678","1",749.300936810312,-0.634233346144847,0.185751592978084,-3.41441672707311,0.000639187291606996,0.0341250650991132,"DOWN",227563543,227677443,"+",40.32,8543,1578,"zinc finger protein 678"
"SUCO","1",2125.01061592581,-0.645801639062915,0.184947113714766,-3.49181788291598,0.000479745227578886,0.0308071174644606,"DOWN",172532349,172611833,"+",36.42,5916,4218,"SUN domain containing ossification factor"
"PEA15","1",27658.7481976121,-0.650724513079942,0.195724807634793,-3.32469103402641,0.00088516568718575,0.0407804911962364,"DOWN",160205380,160215376,"+",51.75,1021,327,"proliferation and apoptosis adaptor protein 15"
"DRAM2","1",397.093598452391,-0.661967495704321,0.192106479482803,-3.4458363793168,0.000569294943573782,0.033226162167225,"DOWN",111117163,111140203,"-",37.87,2098,801,"DNA damage regulated autophagy modulator 2"
"IPP","1",539.179547622511,-0.668401306396747,0.157784179735646,-4.2361744220276,2.27360189676655e-05,0.006320613273011,"DOWN",45694324,45750653,"-",42.35,1947,1749,"intracisternal A particle-promoted polypeptide"
"ALG6","1",152.590522345279,-0.675077276702879,0.198656802435787,-3.39820871183652,0.000678286518586673,0.0350534994413189,"DOWN",63367575,63438553,"+",37.94,1841,585,"ALG6 alpha-1,3-glucosyltransferase"
"SEC22B","1",1346.16333746577,-0.677263603840174,0.183528421702511,-3.69023826150468,0.000224044107469496,0.02104331887156,"DOWN",120150898,120176520,"-",36.14,6927,648,"SEC22 homolog B, vesicle trafficking protein"
"FGGY","1",593.716731153633,-0.690463191131691,0.203296627819448,-3.39633371461973,0.000682950394285143,0.0351992043954376,"DOWN",59296638,59810647,"+",40.3,563,163,"FGGY carbohydrate kinase domain containing"
"TMEM167B","1",1270.45614560255,-0.732204926794303,0.200929007236016,-3.64409766845778,0.000268331518130642,0.0224672243259665,"DOWN",109090764,109096934,"+",41.99,2769,225,"transmembrane protein 167B"
"RO60","1",5374.47984268846,-0.745817508963102,0.220361655889808,-3.38451581311428,0.000713039116289131,0.0359282584720186,"DOWN",193059454,193091777,"+",35.95,8291,1617,"Ro60, Y RNA binding protein"
"MR1","1",587.962205448438,-0.758642602284914,0.236379370817549,-3.20942813097881,0.0013299929129941,0.0496488303784008,"DOWN",181033374,181061938,"+",46.09,7911,1026,"major histocompatibility complex, class I-related"
"RPS8","1",6300.02587401432,-0.798484423778939,0.227172229846682,-3.51488570727961,0.000439943284885569,0.0298052333003988,"DOWN",44775251,44778779,"+",55.11,694,NA,"ribosomal protein S8"
"CAPZA1","1",1704.62795673616,-0.817638220925479,0.210144102944724,-3.89084542210803,9.9895558953653e-05,0.0139987095991824,"DOWN",112619805,112671616,"+",40.14,739,NA,"capping actin protein of muscle Z-line subunit alpha 1"
"SELENOF","1",1356.86750865529,-0.862186837647456,0.247452178881406,-3.48425639873095,0.000493506474835454,0.0310831968759643,"DOWN",86862445,86914424,"-",37.87,1542,498,"selenoprotein F"
"LEPROT","1",1210.40569281661,-0.870366948261415,0.20965450645842,-4.15143448602205,3.303978473883e-05,0.0075386814499372,"DOWN",65420587,65436007,"+",40.78,492,222,"leptin receptor overlapping transcript"
"AHCYL1","1",23652.4179800572,-0.925372638256826,0.283015424136718,-3.26968977425698,0.00107665490465584,0.0448965095241487,"DOWN",109984765,110023742,"+",40.92,4313,1452,"adenosylhomocysteinase like 1"
"ENSG00000225871","1",80.6974709068157,-0.927436078323712,0.253991957219162,-3.6514387639584,0.000260775282284764,0.0222866112273473,"DOWN",148435105,148436926,"+",42.37,1679,NA,"family with sequence similarity 91, member A1 (FAM91A1) pseudogene"
"HMGN2","1",3144.90872402612,-0.963585404404734,0.280691226857309,-3.43290175184057,0.000597158445186791,0.0335077866430792,"DOWN",26472440,26478209,"+",46.05,1940,273,"high mobility group nucleosomal binding domain 2"
"GNG12","1",1507.48090071522,-1.01121934485477,0.277118805537184,-3.64904627419479,0.000263215692649524,0.0223373148856891,"DOWN",67701475,67833467,"-",41.55,4395,219,"G protein subunit gamma 12"
"SRP9","1",2601.08561398466,-1.07302371056884,0.23695700204737,-4.52834776477434,5.94466866841013e-06,0.00315639922849399,"DOWN",225777813,225790468,"+",40.6,377,249,"signal recognition particle 9"
"H2AC20","1",1568.79799911106,-1.13891205457212,0.327270247102102,-3.4800354283865,0.000501347480853059,0.0312879290804095,"DOWN",149886918,149887411,"+",58.3,494,390,"H2A clustered histone 20"
"TXNIP","1",7453.23809823999,-1.32091211722683,0.403761800435454,-3.27151334227814,0.00106973540801969,0.0447623193397304,"DOWN",145992435,145996579,"-",42.39,2905,1176,"thioredoxin interacting protein"
"ADORA3","1",142.290243520377,-1.44107851084691,0.340920625811518,-4.22702060755817,2.36805987381299e-05,0.00643526922562258,"DOWN",111499429,111503633,"-",39.38,1757,957,"adenosine A3 receptor"
"DES","2",467.009990597339,4.63748648015999,1.07301236647795,4.32193199728169,1.54668863690603e-05,0.0049963315185462,"UP",219418377,219426735,"+",55.28,2243,1413,"desmin"
"ENSG00000232057","2",193.061097492967,2.02394864297271,0.553247913635893,3.65830325445153,0.000253890531316864,0.0222549473921363,"UP",1824412,1834145,"+",53.74,3403,NA,"novel transcript"
"ENSG00000284600","2",71.0359693051643,1.51676139321674,0.458327425009131,3.30934024553847,0.000935161166993902,0.0415005651099349,"UP",1795525,1812307,"+",51.69,1007,NA,"novel transcript, antisense to MYT1L"
"NAT8B","2",25.6553705340386,1.42662790826993,0.439530739745084,3.24579780039352,0.00117121994309948,0.0468059029571453,"UP",73700576,73701340,"-",55.42,765,684,"N-acetyltransferase 8B (putative, gene/pseudogene)"
"ERFE","2",105.375855604143,1.20032247172985,0.350897674653824,3.42071936758777,0.00062455743229546,0.0340069706528812,"UP",238158970,238168900,"+",61.86,2939,1065,"erythroferrone"
"KCNK3","2",337.834891429842,1.17529093726705,0.329202403790424,3.57011651110318,0.000356822483858596,0.0259943029957952,"UP",26692722,26733420,"+",53.75,6191,1185,"potassium two pore domain channel subfamily K member 3"
"FBXO41","2",9637.86027419912,1.17402840931863,0.279786913140409,4.19615197916513,2.7148810731726e-05,0.00689546979126907,"UP",73254682,73284478,"-",52.59,6928,2628,"F-box protein 41"
"KCNK12","2",1506.63665402354,1.08764922690691,0.320539769179409,3.39318028989452,0.000690861517819075,0.035400798029602,"UP",47509290,47570985,"-",49.02,13564,1293,"potassium two pore domain channel subfamily K member 12"
"KCNIP3","2",1246.87265393514,1.01983147958202,0.272535278887409,3.74201638681553,0.000182549608329358,0.0186293030677378,"UP",95297327,95386077,"+",53.69,565,NA,"potassium voltage-gated channel interacting protein 3"
"SH3RF3-AS1","2",242.079352826736,0.949217216612628,0.247292418835954,3.83844042239851,0.00012381824818107,0.0153572725667044,"UP",109125905,109128930,"-",53.01,1604,NA,"SH3RF3 antisense RNA 1"
"SH3RF3","2",1815.52756217513,0.859887901299851,0.208088649618619,4.13231525542522,3.5912739152431e-05,0.00759499125354641,"UP",109129205,109504634,"+",48.61,5948,2649,"SH3 domain containing ring finger 3"
"KLHL29","2",1523.42789819746,0.820104819484307,0.234760655102459,3.493365696762,0.0004769728373341,0.0308071174644606,"UP",23385179,23708611,"+",50.5,5325,2628,"kelch like family member 29"
"IRS1","2",1733.57638851204,0.809692842453465,0.233957596983679,3.4608529617867,0.000538466832877494,0.0325583970499377,"UP",226731312,226799820,"-",40.92,9771,3729,"insulin receptor substrate 1"
"TET3","2",2873.10018053513,0.659136748560962,0.188199171997051,3.50233607069903,0.000461197487968454,0.0307010851731007,"UP",73984910,74108177,"+",47.03,12060,5388,"tet methylcytosine dioxygenase 3"
"RAB11FIP5","2",4068.35664814878,0.645878660059192,0.176778937704586,3.65359509705006,0.000258593950741997,0.0222549473921363,"UP",73073382,73156721,"-",48.58,6285,3975,"RAB11 family interacting protein 5"
"MAT2A","2",5279.73064575845,-0.366222409426327,0.100491453406524,-3.64431398901979,0.000268105953375533,0.0224672243259665,"DOWN",85539168,85545281,"+",44.47,583,NA,"methionine adenosyltransferase 2A"
"PTCD3","2",3166.39261610387,-0.526890983271153,0.141006772358856,-3.73663601015021,0.00018649859007661,0.0187414176063106,"DOWN",86106223,86142157,"+",41.2,522,237,"pentatricopeptide repeat domain 3"
"OSGEPL1","2",294.08558666383,-0.537408763465557,0.167670292153681,-3.20515194768663,0.0013499119749663,0.0497697729063034,"DOWN",189746660,189763227,"-",39.12,1910,1245,"O-sialoglycoprotein endopeptidase like 1"
"MARCHF7","2",2971.34243499161,-0.563278994488729,0.149123663420216,-3.777260976358,0.000158562557386347,0.0174317909679372,"DOWN",159712457,159771027,"+",38.09,3303,1908,"membrane associated ring-CH-type finger 7"
"MOB1A","2",1825.26402192692,-0.683305468877295,0.186078173152331,-3.67214196754778,0.000240525994296834,0.0216258799184506,"DOWN",74152528,74178898,"-",41.02,4896,651,"MOB kinase activator 1A"
"FEZ2","2",2751.24200197984,-0.706518984342576,0.206805967045305,-3.41633751886763,0.000634695271047627,0.0341127551679065,"DOWN",36531805,36646087,"-",40.54,430,NA,"fasciculation and elongation protein zeta 2"
"ORMDL1","2",606.059751323377,-0.707116185119106,0.209966159954263,-3.36776262076297,0.000757808134728801,0.0373286100744415,"DOWN",189766012,189784364,"-",37.31,1987,477,"ORMDL sphingolipid biosynthesis regulator 1"
"ENSG00000233251","2",122.526478427309,-0.802250258243217,0.222211825003491,-3.61029507871875,0.000305848858599542,0.0238890481254502,"DOWN",56170244,56185870,"-",46.1,3075,NA,"novel transcript, antisense to CCDC85A"
"SERPINE2","2",4287.9429996743,-0.811315107120797,0.241567753911905,-3.35854059154214,0.000783552124743137,0.0381123258048782,"DOWN",223975045,224039318,"-",43.2,2229,1197,"serpin family E member 2"
"HADHB","2",3495.43480978699,-0.925384610092646,0.251154795559345,-3.68451897576444,0.000229134955801758,0.0211521299275623,"DOWN",26243170,26290465,"+",41.22,557,449,"hydroxyacyl-CoA dehydrogenase trifunctional multienzyme complex subunit beta"
"SLC40A1","2",600.00866221231,-0.956110879991498,0.279090148455964,-3.42581379271564,0.000612960445473575,0.0337700713763642,"DOWN",189560590,189583758,"-",38.25,3330,1716,"solute carrier family 40 member 1"
"C2orf76","2",131.453347631525,-0.964638141533345,0.288444225537524,-3.34427960807922,0.000824965470074916,0.0389827822327916,"DOWN",119302225,119366834,"-",39.21,1150,381,"chromosome 2 open reading frame 76"
"FBXO36","2",358.097825692107,-1.09002374652334,0.259977636195388,-4.19275966377401,2.75581359673148e-05,0.00689546979126907,"DOWN",229922302,230013119,"+",43.78,3120,474,"F-box protein 36"
"SULT1C4","2",625.828222529308,-1.11393604626187,0.296434392955745,-3.7577827429362,0.000171425617145688,0.0179073354849434,"DOWN",108377911,108388989,"+",40.65,1757,NA,"sulfotransferase family 1C member 4"
"RBM43","2",301.331490041914,-1.19205696987152,0.354977611817792,-3.35811873815692,0.000784748956041899,0.0381123258048782,"DOWN",151247940,151261863,"-",42.67,4176,1074,"RNA binding motif protein 43"
"LY75","2",57.856090003958,-1.23859899981135,0.310130122077676,-3.99380425065942,6.50215502692742e-05,0.0109209112139768,"DOWN",159803355,159904756,"-",37.97,6932,5169,"lymphocyte antigen 75"
"CYBRD1","2",2878.96018599958,-1.30056275226218,0.311226374287583,-4.1788320647286,2.93009940744117e-05,0.00694778277140903,"DOWN",171522247,171558129,"+",41.27,1493,687,"cytochrome b reductase 1"
"CKAP2L","2",21.5255256531862,-1.69897967928066,0.497117266214459,-3.41766378830164,0.000631610775766864,0.0341127551679065,"DOWN",112736349,112764664,"-",39.56,4723,2238,"cytoskeleton associated protein 2 like"
"ENSG00000227157","2",35.915152497804,-1.76343462170622,0.514575748476707,-3.4269679963086,0.000610361000845225,0.0337700713763642,"DOWN",104378996,104416783,"+",40.39,1926,NA,"novel transcript"
"COL6A4P2","3",37.6939046329616,2.35263003202457,0.601306465480899,3.91253074277696,9.1333906548165e-05,0.0134695235595971,"UP",130212823,130273327,"+",39.27,2753,NA,"collagen type VI alpha 4 pseudogene 2"
"RNA5SP149","3",1142.47511062705,1.45353728664257,0.418613867015284,3.47226262953565,0.000516091184254955,0.0317612757821637,"UP",180161886,180161977,"-",58.7,92,NA,"RNA, 5S ribosomal pseudogene 149"
"FGF12-AS2","3",63.084989118047,1.26129208500602,0.322272589981016,3.91374297479135,9.08763669912273e-05,0.0134695235595971,"UP",192515022,192516573,"+",52.64,580,NA,"FGF12 antisense RNA 2"
"RN7SL4P","3",83159.3896537995,1.25023630560711,0.264340844596266,4.72963725116573,2.24921355259067e-06,0.00233009731019666,"UP",15738515,15738809,"+",58.64,295,NA,"RNA, 7SL, cytoplasmic 4, pseudogene"
"TNK2","3",8482.41365439773,1.15937575689756,0.263636394819563,4.39763166117884,1.09438498673861e-05,0.00433091704331014,"UP",195863364,195911945,"-",58.27,2850,1653,"tyrosine kinase non receptor 2"
"CAMK2N2","3",1771.225529347,1.11351897138168,0.280580100130939,3.96863131370339,7.22866203643832e-05,0.0118130013522498,"UP",184259213,184261553,"-",69.03,1452,240,"calcium/calmodulin dependent protein kinase II inhibitor 2"
"GRIP2","3",552.08973558693,0.984810530067401,0.294302170701183,3.34625642658722,0.000819106081437753,0.0389827822327916,"UP",14489107,14556075,"-",52.35,7724,3132,"glutamate receptor interacting protein 2"
"MPRIPP1","3",173.147354121213,0.86211773346695,0.200618896936788,4.29729076687421,1.72898333227028e-05,0.00529331530054291,"UP",44579938,44581026,"-",59.78,1089,NA,"myosin phosphatase Rho interacting protein pseudogene 1"
"ZBTB47","3",4594.07305791907,0.747618188825081,0.206748452719129,3.61607634297865,0.000299102198294503,0.0237059053832581,"UP",42653697,42667580,"+",61.24,5494,2244,"zinc finger and BTB domain containing 47"
"ADCY5","3",4995.83209605101,0.708368361434497,0.205302619555468,3.45036202152848,0.000559835262554751,0.0330248186832908,"UP",123282296,123449090,"-",51.17,6643,3948,"adenylate cyclase 5"
"IQSEC1","3",20268.3625003837,0.535714823100973,0.156789947276622,3.41676767169148,0.000633693335715946,0.0341127551679065,"UP",12897043,13283281,"-",53.38,7700,3345,"IQ motif and Sec7 domain ArfGEF 1"
"CAPN7","3",1570.56692537224,-0.425575396445505,0.121788009656406,-3.49439487225515,0.000475137693817192,0.0308071174644606,"DOWN",15206152,15252916,"+",37.11,781,111,"calpain 7"
"KAT2B","3",5005.12898567227,-0.576255977081309,0.175435807189342,-3.28471129305647,0.00102086920324352,0.0437004292914119,"DOWN",20040446,20154404,"+",40.07,4410,2499,"lysine acetyltransferase 2B"
"GLT8D1","3",923.381102875438,-0.586547879467556,0.160531217764294,-3.65379324742167,0.000258394363870139,0.0222549473921363,"DOWN",52694486,52706032,"-",44.5,1856,1116,"glycosyltransferase 8 domain containing 1"
"IQCB1","3",816.875383291067,-0.606877949932505,0.178090074505637,-3.40770226312244,0.000655123351565351,0.0344452464803469,"DOWN",121769761,121835079,"-",36.52,2577,1797,"IQ motif containing B1"
"LRRC58","3",2961.71225510947,-0.622854895861909,0.181197518999207,-3.43743611558299,0.000587249229994988,0.0335077866430792,"DOWN",120324509,120349354,"-",38.96,7918,1116,"leucine rich repeat containing 58"
"DBR1","3",329.936555055343,-0.668370500034422,0.136468602053708,-4.89761373661161,9.70074865007198e-07,0.00146638941781651,"DOWN",138160988,138174949,"-",39.42,2702,NA,"debranching RNA lariats 1"
"ZBTB47-AS1","3",676.065379246018,-0.700426049220596,0.21224002749342,-3.30016000041421,0.000966297206780179,0.0421096653030368,"DOWN",42601961,42654396,"-",38.98,728,NA,"ZBTB47 and NKTR antisense RNA 1"
"NMD3","3",1606.55444791987,-0.778148626490928,0.2350923626852,-3.30996982463827,0.000933060295855235,0.0415005651099349,"DOWN",161104696,161253532,"+",37.99,589,294,"NMD3 ribosome export adaptor"
"LRRC34","3",281.556557874403,-0.822754075752371,0.208318735051716,-3.94949631173652,7.83158175741311e-05,0.0122202991215996,"DOWN",169793003,169812986,"-",38.9,2383,1395,"leucine rich repeat containing 34"
"PLSCR4","3",2252.87046712637,-0.845568679229969,0.210042610572596,-4.02570067532901,5.68059115152768e-05,0.00983055462632997,"DOWN",146192335,146251179,"-",35.8,3233,990,"phospholipid scramblase 4"
"OXSM","3",139.461595522017,-0.847896939830601,0.256711583035748,-3.30291656419931,0.000956848532491761,0.0419676234605981,"DOWN",25782917,25794534,"+",42,410,NA,"3-oxoacyl-ACP synthase, mitochondrial"
"HIGD1A","3",995.538721174847,-0.98426204438191,0.247625001491253,-3.97480883777674,7.04358077482001e-05,0.0115888465727753,"DOWN",42782908,42804490,"-",42.28,2722,282,"HIG1 hypoxia inducible domain family member 1A"
"ACKR2","3",97.4263699990092,-0.997866869739254,0.311053896315976,-3.20801919396501,0.00133652578362541,0.0497310963119448,"DOWN",42804752,42887974,"+",44.24,1121,NA,"atypical chemokine receptor 2"
"DHFR2","3",555.671114335136,-1.13018404526861,0.321051008264696,-3.52026318614397,0.000431118781853911,0.0293719404448414,"DOWN",94047836,94063389,"-",35.09,632,NA,"dihydrofolate reductase 2"
"BCHE","3",264.580722113305,-1.16196260591624,0.359013387468612,-3.23654394647841,0.00120986595674974,0.0475247404004392,"DOWN",165772904,165837462,"-",32.29,2405,1809,"butyrylcholinesterase"
"HNRNPKP4","3",36.3343892251858,-1.20015410698995,0.349311938626184,-3.43576607118,0.000590880933632374,0.0335077866430792,"DOWN",96349554,96350939,"+",45.96,1386,NA,"heterogeneous nuclear ribonucleoprotein K pseudogene 4"
"ABI3BP","3",990.524778808165,-1.34089377825483,0.378749162237719,-3.54032143683853,0.000399639967744673,0.0280011956834172,"DOWN",100749156,100993515,"-",37.02,6737,5382,"ABI family member 3 binding protein"
"EFHB","3",203.635274389989,-1.91725115066896,0.555362383814268,-3.45225245091529,0.000555927329030852,0.0330248186832908,"DOWN",19879472,19947025,"-",40.39,2860,2502,"EF-hand domain family member B"
"PSAPL1","4",72.1520454163096,2.13564184281322,0.549167065405938,3.88887458361069,0.000100710141001312,0.0139987095991824,"UP",7430285,7434930,"-",60.55,4646,1566,"prosaposin like 1"
"DOK7","4",206.322142284989,1.85577220543314,0.530374990590151,3.49898135914782,0.000467039231344535,0.0307473940970095,"UP",3463306,3501473,"+",62.88,2566,1515,"docking protein 7"
"RN7SL589P","4",39.1355700414295,1.54536791522758,0.425011917085833,3.63605784473918,0.000276842191272184,0.0226206258044224,"UP",2316197,2316506,"-",52.26,310,NA,"RNA, 7SL, cytoplasmic 589, pseudogene"
"C4orf50","4",4209.57704675306,1.16229835190468,0.274817063685278,4.22935292415377,2.34364437092283e-05,0.00643526922562258,"UP",5897373,6200555,"-",49.24,13296,2546,"chromosome 4 open reading frame 50"
"RPSAP70","4",69.9476538744614,1.14902671203925,0.352416547143633,3.26042213781451,0.00111246506562206,0.045620950174103,"UP",186157896,186158843,"+",61.18,864,NA,"ribosomal protein SA pseudogene 70"
"CPLX1","4",4158.12351944033,0.845257284665408,0.237027457109268,3.56607329367647,0.000362370065367578,0.0263145513218498,"UP",784957,826129,"-",55.24,2112,405,"complexin 1"
"NAT8L","4",8794.14776183133,0.826624682040766,0.217570800609062,3.79933649058944,0.000145083995704565,0.0168424372117324,"UP",2059327,2069089,"+",66.53,6056,909,"N-acetyltransferase 8 like"
"LETM1","4",4502.58850382418,0.371631556567152,0.115100818029034,3.22874817860468,0.00124333324793171,0.0479605389704566,"UP",1811479,1856156,"-",53.78,5371,2220,"leucine zipper and EF-hand containing transmembrane protein 1"
"ZNF141","4",1519.83064281717,-0.373725285959142,0.114995590090035,-3.24990971972522,0.00115441650456648,0.0464571007977452,"DOWN",337814,384868,"+",40.31,536,NA,"zinc finger protein 141"
"CEP44","4",629.057912570277,-0.558484200553082,0.138134179526191,-4.04305583504908,5.27590504588047e-05,0.00974919335560158,"DOWN",174283730,174333380,"+",35.65,600,336,"centrosomal protein 44"
"FBXL5","4",4486.83353195212,-0.568272226704474,0.169928299080315,-3.34418828282325,0.000825237100107059,0.0389827822327916,"DOWN",15604381,15681679,"-",37.86,3488,2076,"F-box and leucine rich repeat protein 5"
"UBA6","4",2334.19614297185,-0.568549979125551,0.16301059552804,-3.48780996280547,0.00048699408044785,0.0310804212078817,"DOWN",67612652,67701155,"-",35.51,9540,3159,"ubiquitin like modifier activating enzyme 6"
"FGF2","4",2527.33038913054,-0.629927951433875,0.183799618154488,-3.42725386352221,0.000609718770704007,0.0337700713763642,"DOWN",122826682,122898236,"+",38.75,6801,867,"fibroblast growth factor 2"
"INTS12","4",372.629265306588,-0.635024016120133,0.166676676629917,-3.80991527404951,0.00013901442340078,0.0166445685364914,"DOWN",105682627,105895986,"-",36.56,1927,1389,"integrator complex subunit 12"
"THAP9","4",325.559896875329,-0.641675792665412,0.186928034933595,-3.43274240749046,0.000597509484354723,0.0335077866430792,"DOWN",82900684,82919969,"+",37.02,553,93,"THAP domain containing 9"
"TLR6","4",279.553910416441,-0.709281656861252,0.22077305024768,-3.21271847295458,0.00131485104298917,0.0494093016131114,"DOWN",38822897,38856817,"-",39.82,6698,2391,"toll like receptor 6"
"TMEM154","4",67.457348210002,-0.718384037549291,0.221684239841061,-3.24057334010007,0.00119289581892858,0.0470658699455245,"DOWN",152618628,152680012,"-",41.51,10534,552,"transmembrane protein 154"
"SMAD1","4",891.900573843072,-0.721884561120879,0.217863622461286,-3.31346992657829,0.000921460159639959,0.0414246011543718,"DOWN",145481194,145559176,"+",38.35,616,319,"SMAD family member 1"
"PAICS","4",2220.00241860304,-0.742672763758923,0.193315749380869,-3.84176026080376,0.000122155118743755,0.0153079984556293,"DOWN",56435741,56464578,"+",39.99,3340,1002,"phosphoribosylaminoimidazole carboxylase and phosphoribosylaminoimidazolesuccinocarboxamide synthase"
"DCAF16","4",1395.47398551656,-0.753804767005758,0.166807467594976,-4.5190109164421,6.21291917565966e-06,0.00319714176984052,"DOWN",17793446,17810758,"-",38.69,2633,NA,"DDB1 and CUL4 associated factor 16"
"CFAP97","4",1733.50115421526,-0.822653719051868,0.202553073082501,-4.06142304598259,4.87744960404595e-05,0.00928866111208309,"DOWN",185159665,185209504,"-",41.18,4851,1599,"cilia and flagella associated protein 97"
"SLC7A11","4",4565.11170986712,-0.831399498823071,0.225992056982181,-3.67888814290772,0.000234252974167763,0.0212747074860397,"DOWN",138164097,138242349,"-",35.52,9645,1506,"solute carrier family 7 member 11"
"BMP2K","4",2175.07865026482,-0.832478118863361,0.216193607331652,-3.85061394339148,0.00011782209835493,0.0150139614762035,"DOWN",78776342,78916365,"+",35.68,2741,1068,"BMP2 inducible kinase"
"PLRG1","4",2055.39169635452,-0.832904082631252,0.252084079754977,-3.30407252786779,0.000952911762013835,0.0419676234605981,"DOWN",154535005,154550400,"-",34.62,3317,1545,"pleiotropic regulator 1"
"TLR3","4",144.775508398183,-0.901652121515911,0.257922241534002,-3.49582927068757,0.000472590973854007,0.0308071174644606,"DOWN",186068911,186088073,"+",39.22,1589,900,"toll like receptor 3"
"ABCG2","4",1569.56352200354,-0.926068281493407,0.282088108691832,-3.28290435845735,0.00102743517263186,0.0438335097632233,"DOWN",88090150,88231628,"-",41.38,4844,1968,"ATP binding cassette subfamily G member 2 (JR blood group)"
"MCUB","4",168.668860854668,-0.978446073666595,0.21469559199286,-4.55736452054934,5.17994810514252e-06,0.00305566402124334,"DOWN",109560209,109688719,"+",41.01,2230,1011,"mitochondrial calcium uniporter dominant negative subunit beta"
"GABRG1","4",3859.32833177186,-0.978735168955267,0.278974438159268,-3.50833278996157,0.000450924595418985,0.0303790035231297,"DOWN",46035769,46124054,"-",32.6,6758,1398,"gamma-aminobutyric acid type A receptor subunit gamma1"
"TLR1","4",280.351650607458,-1.09671964582196,0.279478281468559,-3.92416770297531,8.7030095786779e-05,0.0131244608780438,"DOWN",38787555,38856817,"-",40.6,11620,2361,"toll like receptor 1"
"CD38","4",567.123144132135,-1.39960597328137,0.425137960201391,-3.29212186232056,0.000994345153798974,0.0432540141902554,"DOWN",15778275,15853232,"+",41.09,1560,369,"CD38 molecule"
"SFRP2","4",1333.51965625461,-1.46111375287552,0.416313178732162,-3.50965049274969,0.000448696062503101,0.0303133043790503,"DOWN",153780591,153789083,"-",42.87,1996,888,"secreted frizzled related protein 2"
"ENSG00000248161","4",22.2625747736462,-1.75583315148022,0.495874174728727,-3.5408844440039,0.00039878819322545,0.0280011956834172,"DOWN",102418602,102502487,"-",38.94,673,NA,"novel transcript"
"ENSG00000233974","5",121.945051918972,1.93475397741266,0.464578181692777,4.16453904564141,3.11982234551755e-05,0.00718628792844643,"UP",21481324,21484011,"-",60.01,2688,2688,"novel protein"
"MARCHF11","5",114.754126440299,1.67208981306015,0.514316024642268,3.25109413851759,0.0011496178514704,0.0463781664787962,"UP",16067139,16180762,"-",39.41,1757,1209,"membrane associated ring-CH-type finger 11"
"RELL2","5",525.325162433261,1.13350131493495,0.228806719145605,4.95396865602372,7.27149245691517e-07,0.00146638941781651,"UP",141636950,141641064,"+",60,2154,912,"RELT like 2"
"N4BP3","5",477.454944056012,1.13112452810145,0.231552266400454,4.88496418404841,1.03447656555534e-06,0.00147175589497186,"UP",178113532,178127034,"+",59.62,5985,1635,"NEDD4 binding protein 3"
"RN7SKP230","5",33.2806717663613,1.11916956420977,0.330052377291976,3.3908847237895,0.000696673975273996,0.0355480100548035,"UP",109699500,109699834,"-",47.46,335,NA,"RN7SK pseudogene 230"
"TRIM41","5",2761.09241196582,0.619405831247565,0.189983501446748,3.2603137984652,0.00111289012663197,0.045620950174103,"UP",181222499,181235808,"+",52.1,914,574,"tripartite motif containing 41"
"LYSMD3","5",868.454660458049,-0.520453726231987,0.15257782694479,-3.41107051170885,0.000647083552580378,0.0341710978225088,"DOWN",90515611,90529584,"-",35.92,3863,453,"LysM domain containing 3"
"TNPO1","5",5087.35695284764,-0.536650886993072,0.155594475107502,-3.44903562046335,0.000562592482914006,0.0330409749349656,"DOWN",72816312,72916733,"+",37.25,11040,2613,"transportin 1"
"TMEM161B","5",610.824287377964,-0.549771134038481,0.147738527083137,-3.72124417978737,0.000198243630571153,0.0194907335324956,"DOWN",88185575,88269476,"-",35.56,5735,1509,"transmembrane protein 161B"
"ANKRA2","5",472.523707426076,-0.555836181005917,0.167386042356092,-3.32068416925378,0.000897970912010515,0.0409707593572732,"DOWN",73552190,73565667,"-",37.11,2161,942,"ankyrin repeat family A member 2"
"PRRC1","5",843.573961478261,-0.556830194559105,0.164674722599633,-3.38139445914177,0.000721189315035053,0.0362342193945113,"DOWN",127517617,127555085,"+",36.28,1748,1338,"proline rich coiled-coil 1"
"PCDHGA9","5",802.552058216735,-0.567632387159524,0.153204650644226,-3.7050597666104,0.000211340894190276,0.0202035212129882,"DOWN",141402778,141512975,"+",45.51,4776,2799,"protocadherin gamma subfamily A, 9"
"IL6ST","5",13080.6169370363,-0.624746558105563,0.194680495454458,-3.20908654278472,0.00133157405640974,0.0496488303784008,"DOWN",55935095,55995022,"-",37.44,9027,2757,"interleukin 6 cytokine family signal transducer"
"PCDHGC3","5",7623.7554959472,-0.645144553183026,0.200172800507522,-3.22293813918431,0.00126882952563252,0.0483777895965317,"DOWN",141475947,141512977,"+",50.58,2849,2592,"protocadherin gamma subfamily C, 3"
"MACIR","5",932.316967990142,-0.660325774601699,0.17718740047401,-3.72670840497238,0.000193996674296075,0.0193086566441353,"DOWN",103258763,103278660,"+",37.42,2988,621,"macrophage immunometabolism regulator"
"RIOK2","5",618.470485119624,-0.709243477657401,0.196318327812001,-3.61272167281594,0.00030299988389992,0.0237933610129983,"DOWN",97160867,97183247,"-",36.71,3909,1659,"RIO kinase 2"
"POC5","5",336.096356415222,-0.723353429802074,0.147548803624716,-4.90246895963923,9.46395731013821e-07,0.00146638941781651,"DOWN",75674124,75717448,"-",37.26,2185,1728,"POC5 centriolar protein"
"RHOBTB3","5",9869.53557667621,-0.830690578697848,0.233078942216459,-3.56398810977266,0.000365262507431716,0.0263708627007268,"DOWN",95713522,95824383,"+",40.56,575,NA,"Rho related BTB domain containing 3"
"RIMOC1","5",1390.82607145105,-0.894263770684922,0.223752780672601,-3.99665992081423,6.42424878847563e-05,0.0108655161676973,"DOWN",41904188,41921636,"+",36.01,563,NA,"RAB7A interacting MON1-CCZ1 complex subunit 1"
"EEF1A1P13","5",55.1485592922155,-0.910112922792149,0.273790672317303,-3.32411953661225,0.000886981682122779,0.0407842946080257,"DOWN",14651941,14653329,"-",47.73,1389,NA,"eukaryotic translation elongation factor 1 alpha 1 pseudogene 13"
"LIX1","5",2324.42965254097,-1.30382913863211,0.303194353004764,-4.30030812154217,1.70560796184184e-05,0.00528869668783421,"DOWN",97091867,97142753,"-",39.26,3765,849,"limb and CNS expressed 1"
"GRM4","6",615.446390755073,1.48586781622169,0.430148908547505,3.45431032532213,0.000551702143003064,0.0328656848046111,"UP",34018643,34155622,"-",56,7368,2739,"glutamate metabotropic receptor 4"
"SNORA20","6",322.437579958565,1.43661688588922,0.325645866886409,4.41159256718075,1.02613067574514e-05,0.00433091704331014,"UP",159780250,159780381,"-",40.15,132,NA,"small nucleolar RNA, H/ACA box 20"
"TMEM151B","6",5340.59965494505,1.13078802846897,0.257437471263699,4.39247644454476,1.12066775359367e-05,0.00433091704331014,"UP",44270450,44307506,"+",54.71,4911,1701,"transmembrane protein 151B"
"ENSG00000124593","6",171.171991872371,0.993753051622241,0.305500528722696,3.25286851638897,0.00114246347851495,0.046284123436118,"UP",41780349,41790141,"+",54.39,3947,213,"novel protein"
"RN7SL128P","6",1164.9901402639,0.957843611077746,0.277553830427072,3.45101924770381,0.000558473739277597,0.0330248186832908,"UP",20421583,20421887,"-",51.8,305,NA,"RNA, 7SL, cytoplasmic 128, pseudogene"
"TTBK1","6",5967.07387400095,0.92263318806386,0.234497700653501,3.9345084642308,8.33671310313834e-05,0.0128427861855098,"UP",43243481,43288258,"+",56.24,7130,3966,"tau tubulin kinase 1"
"PRRC2A","6",18192.1264076001,0.554328385880888,0.164782273042394,3.3640049724176,0.000768201591576442,0.037683851922077,"UP",31620715,31637771,"+",53.44,6903,6474,"proline rich coiled-coil 2A"
"EHMT2","6",4241.70475526908,0.423552988427299,0.116334881553046,3.64080818042669,0.000271783573258455,0.0224960897760056,"UP",31879759,31897698,"-",53.84,1517,NA,"euchromatic histone lysine methyltransferase 2"
"PHF10","6",3311.42503303228,-0.518399295426357,0.154653213935861,-3.35201113661533,0.000802267914769648,0.0385758484823433,"DOWN",169703902,169725566,"-",39.49,2167,1497,"PHD finger protein 10"
"TAB2","6",4486.81727736544,-0.57360892610796,0.177254107250076,-3.2360825653461,0.00121182326744898,0.0475247404004392,"DOWN",149218641,149411613,"+",38.87,648,392,"TGF-beta activated kinase 1 (MAP3K7) binding protein 2"
"DYNLT1","6",403.295854025636,-0.574739493903221,0.162853411549933,-3.52918301454802,0.000416844748473459,0.0287230971127609,"DOWN",158636474,158644743,"-",45.31,2891,NA,"dynein light chain Tctex-type 1"
"BLOC1S5","6",307.990055476145,-0.596279308650299,0.177655712665228,-3.35637565324973,0.000789712238653603,0.0381999604081521,"DOWN",8013567,8064396,"-",39.98,2659,564,"biogenesis of lysosomal organelles complex 1 subunit 5"
"SFT2D1","6",606.460127818251,-0.607061706713133,0.182252845553013,-3.33087642539196,0.000865730251332112,0.0401153722622447,"DOWN",166319728,166342576,"-",43.21,1033,480,"SFT2 domain containing 1"
"C6orf62","6",3404.04766725959,-0.636969801901217,0.170908634404022,-3.72696092343377,0.000193802491490165,0.0193086566441353,"DOWN",24704861,24720825,"-",40.3,2452,690,"chromosome 6 open reading frame 62"
"FBXO30","6",1923.96662393322,-0.653032241879255,0.189697722497736,-3.44248857224445,0.000576388217107352,0.0332709437206645,"DOWN",145793502,145814795,"-",35.27,9051,2238,"F-box protein 30"
"ECI2","6",874.06626380227,-0.722566507881228,0.205442614533383,-3.51712087349734,0.00043625507092922,0.029638385240152,"DOWN",4115693,4135597,"-",41.7,1405,1095,"enoyl-CoA delta isomerase 2"
"SNHG32","6",358.918291231086,-0.772299014332683,0.184681116439811,-4.18179740961433,2.8921361856946e-05,0.00692566393932767,"DOWN",31822094,31839766,"+",49.73,827,NA,"small nucleolar RNA host gene 32"
"NUP43","6",627.661916130487,-0.78975627656427,0.175809309136063,-4.4921186508563,7.05181153240664e-06,0.00341110227445574,"DOWN",149724315,149749665,"-",43.95,3831,1143,"nucleoporin 43"
"HLA-DMA","6",436.006580982765,-0.921725473099568,0.256500389743092,-3.59346616986725,0.000326308032244206,0.0248178807165358,"DOWN",32948613,32969094,"-",43.69,657,NA,"major histocompatibility complex, class II, DM alpha"
"ELOVL2","6",753.254475018412,-0.945006369197159,0.270483163167023,-3.49377150922189,0.000476248436887345,0.0308071174644606,"DOWN",10980759,11044305,"-",39.63,3988,891,"ELOVL fatty acid elongase 2"
"CD109","6",852.012647816722,-0.99699785239262,0.304426958668142,-3.27499856370951,0.00105662510833784,0.0445123493801142,"DOWN",73695785,73828316,"+",38.58,9031,4338,"CD109 molecule"
"EEF1A1","6",31863.3251343959,-1.00883859472903,0.244209432832479,-4.13103860497094,3.61127922830496e-05,0.00759499125354641,"DOWN",73489308,73525587,"-",42.73,5132,1131,"eukaryotic translation elongation factor 1 alpha 1"
"ENSG00000230882","7",49.6763106641403,2.40292480703409,0.718876900659979,3.34260956893738,0.00082994582578075,0.0390604200643749,"UP",76071469,76074963,"-",68.35,3495,NA,"hypothetical protein LOC285908 (LOC285908) pseudogene"
"ENSG00000176349","7",72.549623949744,1.75793522845751,0.37649537130646,4.66920807646951,3.02363015139508e-06,0.00243765062805471,"UP",1812093,1849931,"+",55.15,2967,NA,"novel transcript, antisense to MAD1L1"
"RN7SL845P","7",23.7615895584885,1.54141267638445,0.436054030142561,3.5349121205932,0.000407910794100505,0.0283288949693965,"UP",152757662,152757951,"+",56.55,290,NA,"RNA, 7SL, cytoplasmic 845, pseudogene"
"RNY4","7",200.656353988552,1.49414718165483,0.370106296253649,4.03707582599684,5.41215799343184e-05,0.0098125996377904,"UP",148963315,148963410,"+",41.67,96,NA,"RNA, Ro60-associated Y4"
"BHLHA15","7",91.2244858187096,1.27554240140589,0.348651066447474,3.65850709823674,0.000253688715865571,0.0222549473921363,"UP",98211439,98215457,"+",63.65,3262,570,"basic helix-loop-helix family member a15"
"TNRC18","7",11407.5055778735,1.11124407602454,0.25179276060332,4.41332814081664,1.01793529044751e-05,0.00433091704331014,"UP",5306790,5425414,"-",54.68,10572,8907,"trinucleotide repeat containing 18"
"ENSG00000222024","7",180.995559085812,1.09240782613034,0.293838505414311,3.71771502373404,0.000201032859245782,0.0195268302558975,"UP",79353410,79354392,"+",55.65,983,NA,"pseudogene similar to part of transmembrane protein 198 TMEM198"
"SSPOP","7",740.811130020342,1.08278230090551,0.258667600324503,4.18599894052112,2.83914671418105e-05,0.00692350303950298,"UP",149776042,149833829,"+",61.02,15799,NA,"SCO-spondin, pseudogene"
"MAD1L1","7",117.496883764982,1.00266124859925,0.30364160149698,3.30212080181384,0.000959567343657932,0.0419676234605981,"UP",1815793,2233243,"-",55.65,548,NA,"mitotic arrest deficient 1 like 1"
"FZD9","7",231.378478889867,0.9667810150607,0.29470464375846,3.28050824965308,0.00103620234400926,0.0440449734485201,"UP",73433778,73436120,"+",68.46,2343,1776,"frizzled class receptor 9"
"CASTOR2","7",9134.10460532495,0.904802958848711,0.26019179977791,3.4774460979209,0.000506214821472343,0.0314738089257843,"UP",74964705,75031528,"+",52.97,8100,990,"cytosolic arginine sensor for mTORC1 subunit 2"
"SH2B2","7",269.73136594744,0.897930346414713,0.279151368618673,3.21664318128888,0.00129699797185683,0.0490143639802022,"UP",102285091,102321711,"+",56.99,490,144,"SH2B adaptor protein 2"
"NYAP1","7",3128.83013175743,0.896056404300736,0.203976828312691,4.39293233311338,1.11831943053693e-05,0.00433091704331014,"UP",100483927,100494802,"+",59.21,3584,2526,"neuronal tyrosine phosphorylated phosphoinositide-3-kinase adaptor 1"
"ZNF316","7",2390.247017664,0.787423290849179,0.209699691763807,3.75500452206713,0.000173338348653549,0.0179160739339092,"UP",6637318,6658279,"+",60.32,7243,3015,"zinc finger protein 316"
"ZNF853","7",3448.6005737124,0.78498438242932,0.191593678219712,4.0971309164446,4.18302358253848e-05,0.00829267281698981,"UP",6615610,6624290,"+",57.56,3864,1980,"zinc finger protein 853"
"ZNF815P","7",350.156479725046,0.755896412527048,0.224329739887606,3.36957735922918,0.000752835559020095,0.0372353391215951,"UP",5823207,5847743,"+",48.47,1737,NA,"zinc finger protein 815, pseudogene"
"FBXL18","7",2218.54531990058,0.748002838260425,0.230607637898432,3.24361692907098,0.00118022356886805,0.0469488276918464,"UP",5431335,5513809,"-",54.7,2526,2007,"F-box and leucine rich repeat protein 18"
"IQCE","7",4084.08646060925,0.661060459916806,0.189330923066986,3.4915609621938,0.000480206866952023,0.0308071174644606,"UP",2558972,2614733,"+",52.81,6775,1893,"IQ motif containing E"
"CYTH3","7",2609.54608829276,0.597234782781286,0.165145205824367,3.61642216496705,0.000298703079616459,0.0237059053832581,"UP",6161779,6272644,"-",44.78,4482,1200,"cytohesin 3"
"LMTK2","7",11593.1655888138,0.526722358749478,0.162451851676261,3.2423290551292,0.00118557048741213,0.0470068980468029,"UP",98106862,98209638,"+",43.73,8974,4512,"lemur tyrosine kinase 2"
"INTS15","7",800.684560803099,0.464135635473725,0.139710394937358,3.32212671563795,0.00089334114005193,0.0409211151766969,"UP",6590021,6608726,"+",53.1,2178,1350,"integrator complex subunit 15"
"SMARCD3","7",3419.23601993442,0.458421425039302,0.128372164337278,3.57103447936634,0.000355574078286764,0.025981615279286,"UP",151238764,151277896,"-",56.14,468,NA,"SWI/SNF related, matrix associated, actin dependent regulator of chromatin, subfamily d, member 3"
"INTS1","7",9254.33439727876,0.426697872049686,0.121760599410254,3.50440022565913,0.000457637017610077,0.0306604124873056,"UP",1470277,1504389,"-",63.53,6981,6573,"integrator complex subunit 1"
"COG5","7",1768.0290637998,-0.465321391917071,0.10778015364289,-4.31731980508053,1.57935249066937e-05,0.0049963315185462,"DOWN",107201372,107564261,"-",37.09,4532,2427,"component of oligomeric golgi complex 5"
"HERPUD2","7",1258.16946346272,-0.468033996521681,0.144949861073248,-3.22893718597749,0.00124251182556532,0.0479605389704566,"DOWN",35632659,35697459,"-",38.61,2884,1221,"HERPUD family member 2"
"PMPCB","7",1965.84625257471,-0.481240173233758,0.149031670688936,-3.22911345628151,0.00124174620989232,0.0479605389704566,"DOWN",103297407,103331818,"+",38.66,2425,1428,"peptidase, mitochondrial processing subunit beta"
"POT1","7",646.20859760232,-0.565621544539463,0.176264403183939,-3.20893801767345,0.0013322620902829,0.0496488303784008,"DOWN",124822386,124929983,"-",34.37,3924,1905,"protection of telomeres 1"
"ITGB8","7",11122.0971710437,-0.727154878551596,0.192998869541577,-3.7676639261089,0.000164782334148466,0.0177920782755124,"DOWN",20330702,20415754,"+",37.44,3420,1905,"integrin subunit beta 8"
"PON2","7",3458.10281109205,-0.773151238238177,0.220886480409104,-3.50021982697277,0.000464874627246211,0.0307473940970095,"DOWN",95404862,95435329,"-",38.28,1610,1065,"paraoxonase 2"
"PTPRZ1","7",20507.3113729381,-0.843693871724828,0.236801921883416,-3.56286750130432,0.000366825852013393,0.0263993957969061,"DOWN",121873089,122062036,"+",35.6,5633,4485,"protein tyrosine phosphatase receptor type Z1"
"ZNF92","7",685.168706337806,-0.990874056354203,0.270652960104909,-3.66105013582754,0.000251183595529903,0.0222532104083745,"DOWN",65373799,65401136,"+",39.16,3165,1761,"zinc finger protein 92"
"TMEM209","7",617.373779000685,-1.07727228960372,0.302151944150496,-3.56533297388666,0.000363394531609106,0.0263145513218498,"DOWN",130164713,130207770,"-",37.56,3455,1686,"transmembrane protein 209"
"WEE2-AS1","7",68.2303149537392,-1.1330161663697,0.350087723103441,-3.23637788930668,0.00121057008213037,0.0475247404004392,"DOWN",141704003,141738346,"-",40,2372,NA,"WEE2 antisense RNA 1"
"KLHL7-DT","7",42.9791148477366,-1.42030501521211,0.415012689003498,-3.42231708293657,0.000620898591831668,0.0340069706528812,"DOWN",23100214,23105703,"-",40.09,3578,NA,"KLHL7 divergent transcript"
"SCRT1","8",1579.22964060515,1.41036554000757,0.326795455251531,4.31574404522249,1.59066206453344e-05,0.0049963315185462,"UP",144330565,144336482,"-",66.53,3980,1047,"scratch family transcriptional repressor 1"
"KCNK9","8",450.686060572885,1.12125530123127,0.338556701815821,3.31186857391247,0.000926750723867552,0.0414314103649919,"UP",139600838,139704109,"-",52.02,3276,1125,"potassium two pore domain channel subfamily K member 9"
"RN7SL396P","8",3698.48721944366,0.959060925869303,0.291726762088244,3.28753152094836,0.00101069873839072,0.0435981079790368,"UP",119862662,119862956,"+",56.27,295,NA,"RNA, 7SL, cytoplasmic 396, pseudogene"
"SLC45A4","8",2601.88926036316,0.834210746507722,0.255700325305017,3.26245477205638,0.00110451795995293,0.045586811227682,"UP",141207166,141308305,"-",52.64,7483,2154,"solute carrier family 45 member 4"
"ADGRB1","8",5868.66071780923,0.827055861632078,0.250389540206967,3.30307672176901,0.000956302199499162,0.0419676234605981,"UP",142449430,142545009,"+",62.67,6232,4746,"adhesion G protein-coupled receptor B1"
"POLR3D","8",1546.04013118953,0.465821687985369,0.143697041612386,3.24169295873116,0.00118821964379774,0.0470199141296817,"UP",22245133,22254601,"+",49.41,5336,1197,"RNA polymerase III subunit D"
"VPS13B","8",4882.25759069859,-0.40037178804325,0.113655968513278,-3.52266399451319,0.000427232630664046,0.0292278348478631,"DOWN",99013266,99877580,"+",36.65,5625,4284,"vacuolar protein sorting 13 homolog B"
"RMDN1","8",1371.29055475738,-0.530341607619128,0.161804992229772,-3.2776591149055,0.00104671718490691,0.0441813295535053,"DOWN",86468257,86514357,"-",38.38,898,479,"regulator of microtubule dynamics 1"
"PEX2","8",911.243651875499,-0.561163751358045,0.167734261131627,-3.34555234912729,0.000821188560727294,0.0389827822327916,"DOWN",76980258,77001044,"-",38.37,4169,918,"peroxisomal biogenesis factor 2"
"ERI1","8",447.176008452192,-0.62051844549481,0.161158736170617,-3.85035561980253,0.000117946443416798,0.0150139614762035,"DOWN",9002147,9116746,"+",41.64,540,NA,"exoribonuclease 1"
"DPY19L4","8",1282.64944931638,-0.72692164333918,0.222466739447435,-3.26755201763964,0.00108481929012137,0.0451591038741401,"DOWN",94719703,94793836,"+",40.06,680,384,"dpy-19 like 4"
"FSBP","8",239.860512516647,-0.84334040999836,0.205606846656035,-4.10171365260617,4.10101592361992e-05,0.00819728687013814,"DOWN",94378377,94436952,"-",35.62,2472,390,"fibrinogen silencer binding protein"
"CPNE3","8",2438.50253523051,-0.847409083971645,0.238615298282699,-3.55136108233798,0.000383244244805097,0.0273285313099123,"DOWN",86514435,86561498,"+",37.62,4857,1614,"copine 3"
"RIPK2","8",395.034794521141,-0.860506700236753,0.250106504134255,-3.44056106503668,0.000580509426376676,0.0333583735267075,"DOWN",89757806,89791064,"+",35.92,1916,207,"receptor interacting serine/threonine kinase 2"
"CFAP418","8",206.745069130544,-0.929830775510098,0.230382907422028,-4.03602327062738,5.43648262746486e-05,0.0098125996377904,"DOWN",95244913,95269201,"-",37.4,3340,624,"cilia and flagella associated protein 418"
"ADHFE1","8",286.185952524264,-0.973799108736059,0.273913520707183,-3.55513340934003,0.000377787350182765,0.0270330321050898,"DOWN",66432492,66468907,"+",43.48,1956,1260,"alcohol dehydrogenase iron containing 1"
"CYP7B1","8",1869.00728159961,-1.31778076089713,0.407231487222578,-3.23595007322427,0.00121238587724597,0.0475247404004392,"DOWN",64587763,64798737,"-",37.55,587,NA,"cytochrome P450 family 7 subfamily B member 1"
"PPP1R42","8",42.1076719422454,-1.79329142703609,0.51612369425754,-3.47453807486167,0.000511733733962615,0.0316515248097391,"DOWN",66964099,67056604,"-",39.58,369,NA,"protein phosphatase 1 regulatory subunit 42"
"ENSG00000227619","9",30.5804285464135,3.193917149012,0.880076047178899,3.62913768560133,0.000284369546625997,0.0230530117150346,"UP",129575117,129584557,"+",53.72,1860,NA,"novel transcript"
"SOHLH1","9",264.099628079634,1.63059885571036,0.487513739560936,3.34472389881546,0.000823645192628483,0.0389827822327916,"UP",135693407,135704498,"-",63.42,1368,1164,"spermatogenesis and oogenesis specific basic helix-loop-helix 1"
"LINC00484","9",95.3185506914581,1.38623894707471,0.417550878474286,3.31992822560924,0.000900405942049592,0.0409707593572732,"UP",91118361,91183601,"+",44.39,3049,NA,"long intergenic non-protein coding RNA 484"
"AJM1","9",4475.37201745747,1.07488312355534,0.256415098917015,4.19196501335207,2.76548652010708e-05,0.00689546979126907,"UP",136842478,136848801,"+",71.36,4642,2931,"apical junction component 1 homolog"
"MIR600HG","9",1302.99723774692,1.01803161120055,0.186091118850558,5.47060825626011,4.48493653231586e-08,0.000308483580250224,"UP",123109494,123115477,"-",53.98,5984,NA,"MIR600 host gene"
"ST6GALNAC6","9",637.72961172558,0.98174430413339,0.23842252019011,4.11766599627661,3.82728841559389e-05,0.00797989634651327,"UP",127885321,127905408,"-",53.52,2018,261,"ST6 N-acetylgalactosaminide alpha-2,6-sialyltransferase 6"
"RALGDS","9",2600.29645730939,0.803798381141464,0.244648538915171,3.28552291669386,0.00101793261498352,0.0436519826701974,"UP",133097720,133149334,"-",58.92,5596,NA,"ral guanine nucleotide dissociation stimulator"
"DAB2IP","9",6084.657256478,0.758682650423121,0.216636426570542,3.50210101982122,0.000461604563428959,0.0307010851731007,"UP",121567057,121785530,"+",53.14,5514,3399,"DAB2 interacting protein"
"WNK2","9",12542.0081953203,0.687091534959141,0.165826523370465,4.14343568805423,3.42141050150195e-05,0.00759499125354641,"UP",93184122,93320572,"+",52.51,8338,6894,"WNK lysine deficient protein kinase 2"
"RNF208","9",1781.30095295602,0.676618403252224,0.186740314836295,3.62331189087573,0.000290854751595155,0.0232934206029153,"UP",137220247,137222240,"-",71.82,1135,786,"ring finger protein 208"
"RABL6","9",6332.85781313755,0.652016379785625,0.169482096573611,3.8471106563308,0.000119518996861063,0.0151344840737261,"UP",136807943,136841187,"+",57.06,1580,945,"RAB, member RAS oncogene family like 6"
"RAPGEF1","9",8620.74726428141,0.637353117952085,0.18511055571373,3.44309440104398,0.000575098529995241,0.0332709437206645,"UP",131576770,131740076,"-",48.49,5447,NA,"Rap guanine nucleotide exchange factor 1"
"PPP1R26","9",2954.6741751142,0.599796459111481,0.163055361625896,3.67848351094161,0.000234624856403491,0.0212747074860397,"UP",135479079,135488893,"+",59.96,4744,3630,"protein phosphatase 1 regulatory subunit 26"
"AOPEP","9",3155.1878176398,0.526483742005664,0.145888808119199,3.6088014481241,0.000307614926426165,0.0239227479438689,"UP",94726604,95151793,"+",43.58,2292,NA,"aminopeptidase O (putative)"
"TESK1","9",1800.17953493964,0.524511786067134,0.15406533001427,3.40447643878446,0.000662910188345647,0.0347037788210559,"UP",35605262,35610041,"+",59.33,2530,1881,"testis associated actin remodelling kinase 1"
"NPDC1","9",5272.11847505267,0.492502102400631,0.107557071302834,4.57898394252444,4.67240062144134e-06,0.00289760721615847,"UP",137039463,137046179,"-",65.82,1475,978,"neural proliferation, differentiation and control 1"
"NELFB","9",2813.65320422501,0.397945507392322,0.112098957329299,3.54994833915651,0.000385306755010341,0.0273285313099123,"UP",137255327,137273542,"+",56.43,2540,1887,"negative elongation factor complex member B"
"STX17","9",1574.48665635253,-0.384988951563691,0.115178333808714,-3.34254663036777,0.000830134064119081,0.0390604200643749,"DOWN",99906654,99974534,"+",36.39,6885,909,"syntaxin 17"
"NFX1","9",2781.46871138962,-0.38980979610744,0.11990949511257,-3.25086679534002,0.00115053749637301,0.0463781664787962,"DOWN",33290512,33371157,"+",42.57,4599,3363,"nuclear transcription factor, X-box binding 1"
"ACO1","9",1761.95439738479,-0.531326999423884,0.135958197035685,-3.90801739805675,9.30566066803003e-05,0.0135582354769262,"DOWN",32384603,32454769,"+",41.71,3618,2670,"aconitase 1"
"IFT74","9",844.477063254063,-0.57575614263837,0.164415189981368,-3.50184275980593,0.000462052220417128,0.0307010851731007,"DOWN",26947039,27066134,"+",37.42,652,525,"intraflagellar transport 74"
"PTAR1","9",4764.78723810287,-0.588214338131331,0.154275367048256,-3.81275604385595,0.00013742574290318,0.0165362140191856,"DOWN",69709522,69760011,"-",36.07,9876,1053,"protein prenyltransferase alpha subunit repeat containing 1"
"NMRK1","9",436.464492201965,-0.751277891434317,0.233857146561214,-3.21255049281834,0.00131562020337566,0.0494093016131114,"DOWN",75060573,75088217,"-",40.5,2050,612,"nicotinamide riboside kinase 1"
"HAUS6","9",993.533580326671,-0.75484129693687,0.179579442053413,-4.20338368526813,2.62954302306725e-05,0.00688398910174097,"DOWN",19053141,19102904,"-",39.6,6323,2868,"HAUS augmin like complex subunit 6"
"ALDH1A1","9",2262.90463686168,-0.917737791367294,0.277707015184049,-3.30469790530523,0.000950788224478982,0.04196307298768,"DOWN",72900671,73080442,"-",36.05,2096,1506,"aldehyde dehydrogenase 1 family member A1"
"HSDL2","9",2428.88748525938,-1.09574499527053,0.241692584045438,-4.53363101560672,5.79782756276104e-06,0.00315639922849399,"DOWN",112380080,112472405,"+",40.76,2983,1038,"hydroxysteroid dehydrogenase like 2"
"IL33","9",591.520394616921,-1.28520893691601,0.398175327126058,-3.22774629506143,0.00124769579458191,0.0480521823053473,"DOWN",6215786,6257983,"+",37.75,2327,435,"interleukin 33"
"SYT15","10",171.890719955439,1.54818453112426,0.308142525428416,5.02424820777915,5.0540839053458e-07,0.00146638941781651,"UP",46578217,46594173,"+",52.37,6428,1425,"synaptotagmin 15"
"ENSG00000227076","10",30.092077706315,1.3405174291042,0.372653460572174,3.59722254301883,0.000321633288617088,0.0246171605015598,"UP",127934594,127937394,"+",51.62,371,NA,"novel transcript"
"KCNMA1-AS3","10",121.579120486884,1.24901016301314,0.37658438530343,3.31668070094504,0.000910936582380243,0.0411214959839776,"UP",77350851,77376613,"+",44.63,1514,NA,"KCNMA1 antisense RNA 3"
"SFTA1P","10",95.876288486947,1.22401960444879,0.378780853910516,3.23147168557245,0.00123154524714701,0.0478108400441372,"UP",10784436,10798639,"-",37.91,412,NA,"surfactant associated 1, lncRNA"
"ENSG00000287945","10",39.304908130031,1.15720669430313,0.359267006417927,3.22102133964669,0.00127734636690637,0.0484990568759772,"UP",35443411,35444569,"-",44.78,1005,NA,"novel transcript, antisense to CCNY"
"ENSG00000289972","10",85.6229872073909,1.1552194070454,0.350970650872422,3.29149860301375,0.000996551116819617,0.0432721459809681,"UP",103660155,103685914,"+",54.02,490,NA,"novel transcript, antisense to SH3PXD2A"
"SYT15-AS1","10",447.968043646797,0.94893368826212,0.264934554602929,3.58176640900745,0.00034127887829834,0.0255547088251506,"UP",46580708,46598150,"-",49.85,2748,NA,"SYT15 antisense RNA 1"
"SNORA12","10",793.283444962494,0.929693076423737,0.271717909536643,3.42153771905993,0.000622680871742905,0.0340069706528812,"UP",100237156,100237302,"-",42.18,147,NA,"small nucleolar RNA, H/ACA box 12"
"ENSG00000289328","10",76.6962126965405,0.904296350865638,0.272964157626073,3.31287579559955,0.000923419781230116,0.0414314103649919,"UP",10462473,10463973,"+",35.64,1501,NA,"novel transcript"
"NEURL1","10",3090.7054969292,0.872821356641127,0.259633688537516,3.36174154270049,0.00077452582665169,0.037767503313302,"UP",103493705,103592546,"+",50.53,4582,1725,"neuralized E3 ubiquitin protein ligase 1"
"TRIM8-DT","10",654.946170667378,0.867567435599906,0.236376727639772,3.67027432972184,0.000242290296998036,0.0217038263822018,"UP",102642792,102644140,"-",65.53,1349,NA,"TRIM8 divergent transcript"
"SPRN","10",525.424893618227,0.860564644183057,0.233908764701221,3.67906113001915,0.000234094156969331,0.0212747074860397,"UP",133420666,133424625,"-",66.16,3128,456,"shadow of prion protein"
"FAM53B","10",2298.91403250867,0.737828205928455,0.227198537686519,3.24750420245436,0.00116421944840476,0.0466962049404933,"UP",124619292,124744378,"-",52.7,5759,1269,"family with sequence similarity 53 member B"
"GRK5","10",847.494932372042,0.72001517602953,0.169603670935597,4.24528061248709,2.183200265978e-05,0.00614966564698129,"UP",119207571,119459745,"+",50.47,6798,1773,"G protein-coupled receptor kinase 5"
"ADGRA1","10",1590.78240975032,0.607343429046725,0.179176746261416,3.38963309536061,0.000699862257615772,0.035560648240956,"UP",133087924,133131675,"+",59.78,4264,1683,"adhesion G protein-coupled receptor A1"
"BTAF1","10",2962.29239465269,-0.411996714393102,0.126963119314737,-3.24501096552123,0.00117446100977352,0.0468059029571453,"DOWN",91923770,92031437,"+",37.3,8361,5550,"B-TFIID TATA-box binding protein associated factor 1"
"ZDHHC6","10",944.693942687154,-0.451760098538468,0.11785940302864,-3.83304248052818,0.000126568086396805,0.0156182435591486,"DOWN",112424428,112447572,"-",39.22,2906,1152,"zinc finger DHHC-type palmitoyltransferase 6"
"NHLRC2","10",2532.76590785931,-0.460333259642691,0.132512886698715,-3.47387541778724,0.000512999161722391,0.0316515248097391,"DOWN",113854661,113917194,"+",35.52,11051,2181,"NHL repeat containing 2"
"OGA","10",13593.3849869156,-0.49191279399838,0.137416740522026,-3.57971519430366,0.00034396889071806,0.0256270003442501,"DOWN",101784443,101818465,"-",41.92,5043,2592,"O-GlcNAcase"
"ZNF438","10",685.155109936243,-0.500161495932955,0.143974161834864,-3.47396706158034,0.000512823982638264,0.0316515248097391,"DOWN",30820207,31031937,"-",39.39,857,288,"zinc finger protein 438"
"ATE1","10",2810.44824773056,-0.517602344402088,0.154656370688644,-3.34678967376088,0.000817532135877306,0.0389827822327916,"DOWN",121709393,121928801,"-",39.73,527,489,"arginyltransferase 1"
"MRPS16","10",1122.95639123018,-0.548526231649091,0.144750296429711,-3.7894653425836,0.00015097187169868,0.0170626434060947,"DOWN",73248843,73252693,"-",47.47,2580,NA,"mitochondrial ribosomal protein S16"
"COMMD3","10",136.821359150539,-0.560326047895489,0.164741803270816,-3.40123779617964,0.000670814469743694,0.0350417251948617,"DOWN",22316386,22320306,"+",37.41,2290,NA,"COMM domain containing 3"
"SAMD8","10",6143.89959077126,-0.576908612429964,0.158318601942061,-3.64397237818645,0.000268462243868533,0.0224672243259665,"DOWN",75099586,75182123,"+",43.24,919,761,"sterile alpha motif domain containing 8"
"RAB18","10",2865.43143746653,-0.649564892484715,0.195839905736592,-3.31681579421505,0.000910496254384605,0.0411214959839776,"DOWN",27504174,27545117,"+",36.57,4941,150,"RAB18, member RAS oncogene family"
"IKZF5","10",1561.46974515676,-0.711543677299751,0.216548248167394,-3.28584360908669,0.00101677445349603,0.0436519826701974,"DOWN",122990807,123008812,"-",38.31,4532,1260,"IKAROS family zinc finger 5"
"COX15","10",836.624286048937,-0.71595338074917,0.148929606072829,-4.80732743225719,1.52961354237793e-06,0.00176167776837869,"DOWN",99710868,99732127,"-",42.22,5030,1233,"cytochrome c oxidase assembly homolog COX15"
"ZNF518A","10",2121.15189096088,-0.723949809833507,0.149797223694782,-4.83286533606648,1.34581827061268e-06,0.00176167776837869,"DOWN",96129715,96205288,"+",38.02,8294,4452,"zinc finger protein 518A"
"GLUD1","10",11191.5598833601,-0.802733590002871,0.206308982929047,-3.8909289290566,9.98611817978359e-05,0.0139987095991824,"DOWN",87050202,87094843,"-",42.02,3300,1677,"glutamate dehydrogenase 1"
"ADD3","10",16785.3309684519,-0.877910051415587,0.237995716783418,-3.68876408063473,0.000225346050927563,0.02104331887156,"DOWN",109996368,110135565,"+",38.65,697,NA,"adducin 3"
"ARHGAP19","10",391.638493547749,-0.91147035632468,0.177959122279467,-5.12179620044039,3.02638883217301e-07,0.00121993733824894,"DOWN",97222173,97292673,"-",42.77,5525,902,"Rho GTPase activating protein 19"
"AGGF1P2","10",25.3643562828041,-1.69377483909879,0.44607665430287,-3.79704883176597,0.000146428952721806,0.0168424372117324,"DOWN",133640789,133642894,"+",42.12,2106,NA,"angiogenic factor with G-patch and FHA domains 1 pseudogene 2"
"ENSG00000288033","11",69.8986079617924,1.92375905626366,0.51488344106087,3.73630010765142,0.000186747773220907,0.0187414176063106,"UP",512513,518134,"+",51.14,944,NA,"novel transcript"
"ENSG00000255132","11",36.3187593067688,1.80842287884555,0.560738687767446,3.22507242374465,0.00125940804579179,0.0483492745960638,"UP",41394595,41426504,"+",36.73,578,NA,"novel transcript"
"ENSG00000270403","11",57.8042862915977,1.69737533740172,0.434094685489878,3.91015000675767,9.22388210898287e-05,0.0135205341022945,"UP",117659056,117668872,"+",50.49,706,NA,"novel transcript"
"SNORD67","11",49.0933456354633,1.65796490018618,0.429614217506493,3.85919467425707,0.000113761290533347,0.0150017528665195,"UP",46762389,46762499,"-",51.35,111,NA,"small nucleolar RNA, C/D box 67"
"DUSP8","11",3853.9071295133,1.02919977837871,0.310022453110181,3.31975883699279,0.000900952411815476,0.0409707593572732,"UP",1554051,1572271,"-",64.56,4455,1878,"dual specificity phosphatase 8"
"ENSG00000237654","11",258.17521624897,1.02305585073845,0.29242467435244,3.49852779353846,0.000467834326788204,0.0307473940970095,"UP",131502715,131540867,"-",45.04,682,NA,"novel transcript"
"PITPNM1","11",4060.28019161291,1.00361565160475,0.223305721254951,4.49435709020149,6.97804472744754e-06,0.00341110227445574,"UP",67491760,67506263,"-",62.46,4224,3732,"phosphatidylinositol transfer protein membrane associated 1"
"LRFN4","11",721.006180010796,1.00087628484872,0.210494588250586,4.75487894091228,1.98565365389642e-06,0.00218295542150631,"UP",66856647,66860475,"+",70.38,274,NA,"leucine rich repeat and fibronectin type III domain containing 4"
"B4GALNT4","11",3914.59307533956,0.969046269876787,0.277955654354426,3.48633407774155,0.000489689050670188,0.0310831968759643,"UP",369499,382117,"+",66.45,3750,3120,"beta-1,4-N-acetyl-galactosaminyltransferase 4"
"STARD10","11",1150.83030790883,0.905910883889535,0.259778851419172,3.48723877613803,0.000488035423998172,0.0310804212078817,"UP",72754729,72794047,"-",54.41,426,426,"StAR related lipid transfer domain containing 10"
"BCL9L","11",3178.53651501296,0.839883325588548,0.170550308228887,4.92454885781491,8.45552013640634e-07,0.00146638941781651,"UP",118893875,118925926,"-",59.41,10005,4500,"BCL9 like"
"CSKMT","11",203.20129727425,0.815310583912108,0.250528728942938,3.2543596391207,0.00113648305206349,0.0461966035247187,"UP",62665309,62668496,"+",52.54,1368,NA,"citrate synthase lysine methyltransferase"
"BRSK2","11",4938.32442496117,0.743715517245651,0.216721454460934,3.43166540246578,0.000599887191617187,0.0335077866430792,"UP",1389899,1462689,"+",63.85,4089,2007,"BR serine/threonine kinase 2"
"ESRRA","11",835.428943161446,0.721628996165406,0.215998344611808,3.3409005863555,0.000835071181217991,0.0391415340870898,"UP",64305497,64316743,"+",57.13,2293,1521,"estrogen related receptor alpha"
"RASGRP2","11",740.358492115074,0.630846502434546,0.184856347846454,3.41263099581813,0.000643389964657058,0.0341250650991132,"UP",64726911,64745456,"-",55.63,2409,NA,"RAS guanyl releasing protein 2"
"PHRF1","11",5503.22747951407,0.520600458138053,0.132587152120698,3.9264774136195,8.61989825351805e-05,0.0131120037207288,"UP",576470,612222,"+",56.31,5278,4947,"PHD and ring finger domains 1"
"RNASEH2C","11",1339.79522003508,0.472188952604017,0.137552137481044,3.43279981868031,0.000597382984090133,0.0335077866430792,"UP",65714005,65720818,"-",55.55,1807,NA,"ribonuclease H2 subunit C"
"SBF2","11",5206.0292892084,-0.371809145643653,0.113113747822585,-3.28703763071153,0.00101247303151827,0.0435981079790368,"DOWN",9776776,10304877,"-",38.48,9215,5421,"SET binding factor 2"
"ZBED5","11",1539.94246931234,-0.391985785028086,0.122262481399258,-3.20610035508788,0.0013454705572015,0.0497505363238076,"DOWN",10812074,10858796,"-",40.77,3677,NA,"zinc finger BED-type containing 5"
"CEP57","11",983.604769911058,-0.418955769627065,0.118359058415924,-3.53970177892779,0.000400579413977605,0.0280011956834172,"DOWN",95789965,95832693,"+",37.69,1647,1422,"centrosomal protein 57"
"POLD3","11",505.368263051999,-0.501454923892661,0.126863716178668,-3.95270561983568,7.72724785771196e-05,0.01221511220174,"DOWN",74493851,74669117,"+",41.72,513,333,"DNA polymerase delta 3, accessory subunit"
"EIF3F","11",3246.7140698496,-0.581191819806917,0.150835675837391,-3.85314559423909,0.000116610003262452,0.0150017528665195,"DOWN",7970251,8001862,"+",41.38,7540,1074,"eukaryotic translation initiation factor 3 subunit F"
"RBM7","11",359.678568499423,-0.60950338372238,0.189698884429007,-3.21300457594668,0.00131354196776823,0.0494093016131114,"DOWN",114400030,114414203,"+",38.27,4243,801,"RNA binding motif protein 7"
"PRMT3","11",941.542509994372,-0.624941191651302,0.161942709962192,-3.85902639147637,0.000113839644976255,0.0150017528665195,"DOWN",20387558,20509338,"+",36,2530,141,"protein arginine methyltransferase 3"
"NPAT","11",1227.34462631225,-0.647600812223019,0.17006580438332,-3.80794254654134,0.000140127817950887,0.0166952285958628,"DOWN",108155280,108222638,"-",40.14,8048,4284,"nuclear protein, coactivator of histone transcription"
"ZW10","11",652.651435411778,-0.669551079746704,0.152968641124365,-4.37704796764424,1.202975071744e-05,0.00440835683109096,"DOWN",113733187,113773735,"-",39.08,2873,2340,"zw10 kinetochore protein"
"PLAAT4","11",707.357512685506,-0.995989937925852,0.300845678545332,-3.31063401921452,0.000930848655314384,0.0415005651099349,"DOWN",63536808,63548808,"+",47.9,758,495,"phospholipase A and acyltransferase 4"
"TMEM123","11",3158.23523742938,-1.00353511910766,0.265403386770389,-3.7811692281676,0.000156093518026997,0.0172869140388006,"DOWN",102396332,102470384,"-",40.62,3304,627,"transmembrane protein 123"
"NLRP14","11",36.7753454906502,-1.24764291992791,0.389335109874433,-3.20454767187654,0.00135274886493222,0.0497984536487835,"DOWN",7020479,7071526,"+",37.29,3813,3282,"NLR family pyrin domain containing 14"
"SCARNA11","12",22.4847013569839,2.37888428776076,0.503571093967493,4.72402867491503,2.31217793122963e-06,0.00233009731019666,"UP",6581474,6581609,"-",51.47,136,NA,"small Cajal body-specific RNA 11"
"KRT8P19","12",25.2020834813344,2.32662093956003,0.68883933011535,3.37759596155816,0.00073122434400122,0.0365400660826725,"UP",61879318,61880772,"+",56.08,1455,NA,"keratin 8 pseudogene 19"
"ENSG00000280287","12",532.264834144147,1.6215795955298,0.500096199685196,3.24253532930377,0.00118471258795394,0.0470068980468029,"UP",132550729,132554947,"+",63.14,4219,NA,"novel transcript"
"ENSG00000280381","12",219.956506822434,1.47407228554709,0.423297696531716,3.48235366652094,0.000497026786367626,0.031223610013214,"UP",123087256,123092821,"-",49.23,5566,NA,"novel transcript"
"RNU4-2","12",6862.03475368669,1.2363189531645,0.333088479720305,3.71168331670503,0.000205885477597495,0.019918184644692,"UP",120291759,120291903,"-",45.52,145,NA,"RNA, U4 small nuclear 2"
"WNT1","12",87.4282793185976,1.13334804623712,0.26004666736306,4.35824868562847,1.31107358847364e-05,0.00466318026629758,"UP",48978322,48982620,"+",62.64,2422,1113,"Wnt family member 1"
"FBRSL1","12",4428.58431485968,1.12599121456896,0.290305270139922,3.87864544803563,0.000105039716387743,0.0141861129797448,"UP",132489551,132585188,"+",62.75,5568,3138,"fibrosin like 1"
"IQSEC3","12",5663.04407416642,1.12258077289212,0.291179734270853,3.85528469453133,0.000115595027538708,0.0150017528665195,"UP",66767,178455,"+",52.3,7087,3549,"IQ motif and Sec7 domain ArfGEF 3"
"MMP17","12",2500.23404430041,0.940127617507989,0.271724464910658,3.45985635786273,0.000540463611790644,0.0325976381914427,"UP",131828393,131851783,"+",61.93,1870,1230,"matrix metallopeptidase 17"
"RAPGEF3","12",3963.34642115775,0.810578665145513,0.241993685491176,3.34958601709081,0.000809324220825236,0.0388023289003942,"UP",47734363,47771040,"-",54.34,6300,2772,"Rap guanine nucleotide exchange factor 3"
"KMT2D","12",13063.319032121,0.794426090786614,0.203837990940466,3.89734066314771,9.72547685364001e-05,0.0139987095991824,"UP",49018975,49060794,"-",54.55,20686,16662,"lysine methyltransferase 2D"
"POU6F1","12",2544.60622432511,0.731148111379361,0.211377464525888,3.4589690675839,0.00054224717476842,0.0326119191010216,"UP",51186936,51218062,"-",50.3,5157,747,"POU class 6 homeobox 1"
"NCOR2","12",25657.836064723,0.723466103299063,0.166252355289336,4.35161415933017,1.35138926886769e-05,0.00473691316765709,"UP",124324415,124567612,"-",57.38,8520,7377,"nuclear receptor corepressor 2"
"FBXL14","12",1669.58246157137,0.650538331007428,0.189746122992249,3.42846705244145,0.000607000208091874,0.0337700713763642,"UP",1565993,1594581,"-",46.72,2527,1257,"F-box and leucine rich repeat protein 14"
"PGAM5","12",1624.66158949447,0.489394199474912,0.142398139165304,3.43680192974147,0.000588625885867538,0.0335077866430792,"UP",132710819,132722734,"+",55.09,1182,768,"PGAM family member 5, mitochondrial serine/threonine protein phosphatase"
"AACS","12",3231.54929300969,0.48889699593127,0.136727788379979,3.5756959263656,0.000349297461796052,0.0259144429785255,"UP",125065434,125143333,"+",51.2,1235,657,"acetoacetyl-CoA synthetase"
"ARID2","12",2343.54091865228,-0.447029209302426,0.110572755261327,-4.04285131763173,5.28051074829987e-05,0.00974919335560158,"DOWN",45729706,45908040,"+",36.08,735,NA,"AT-rich interaction domain 2"
"EIF2B1","12",1470.88797438146,-0.477154341504474,0.133477057662902,-3.57480416379519,0.000350490141366729,0.0259234084376015,"DOWN",123620406,123633766,"-",45.42,2397,918,"eukaryotic translation initiation factor 2B subunit alpha"
"CCNT1","12",1855.83741975568,-0.48685746125465,0.135322609683948,-3.59775400719603,0.000320976974889314,0.0246171605015598,"DOWN",48688458,48716998,"-",40.95,6788,2181,"cyclin T1"
"ITPR2","12",7365.37325257866,-0.503962593274293,0.141477385104453,-3.56214240814684,0.000367840750167757,0.0263993957969061,"DOWN",26335352,26833194,"-",38.26,12564,8106,"inositol 1,4,5-trisphosphate receptor type 2"
"ATF7IP","12",4801.38766553506,-0.554667181563398,0.125771040586758,-4.41013431212555,1.03306523958516e-05,0.00433091704331014,"DOWN",14365676,14502931,"+",36.09,2298,NA,"activating transcription factor 7 interacting protein"
"COPZ1","12",1177.35918257962,-0.571001333420785,0.154290058432945,-3.70083036600148,0.000214895103427435,0.0203821685156704,"DOWN",54301202,54351846,"+",46.59,537,277,"COPI coat complex subunit zeta 1"
"MDM1","12",801.986848127361,-0.581230654765742,0.160804436755291,-3.6145187688462,0.000300906018054256,0.0237059053832581,"DOWN",68272443,68332381,"-",38.66,393,92,"Mdm1 nuclear protein"
"FRS2","12",3132.42788022493,-0.590195627009527,0.182444738862264,-3.23492817984241,0.00121673332230964,0.0475410535272712,"DOWN",69470349,69579793,"+",37.9,611,108,"fibroblast growth factor receptor substrate 2"
"NEMP1","12",474.926460906566,-0.60085123519118,0.177329678027344,-3.38832868742101,0.00070319941105625,0.0356144912537103,"DOWN",57055643,57088063,"-",44.16,5370,1116,"nuclear envelope integral membrane protein 1"
"TULP3","12",832.051160208325,-0.642324883752329,0.178685643491209,-3.59472015323901,0.000324740445921735,0.0247765691642368,"DOWN",2877223,2941138,"+",44.99,978,513,"TUB like protein 3"
"TMBIM4","12",441.376984148418,-0.680836641598111,0.18280346644614,-3.72441866029224,0.00019576581728118,0.0193256818643372,"DOWN",66135846,66170027,"-",38.06,2876,717,"transmembrane BAX inhibitor motif containing 4"
"WASHC4","12",2674.0573222598,-0.693376873431487,0.208167885382721,-3.33085419086953,0.000865799401343411,0.0401153722622447,"DOWN",105107324,105169130,"+",35.27,576,125,"WASH complex subunit 4"
"ZNF268","12",1201.96415548003,-0.718888278472326,0.144573868067562,-4.97246347546278,6.61074288230202e-07,0.00146638941781651,"DOWN",133181409,133214832,"+",41.98,13390,2844,"zinc finger protein 268"
"ALG10B","12",648.310023612881,-0.730526151559651,0.20088772634073,-3.63648971924044,0.000276378668482621,0.0226206258044224,"DOWN",38316762,38329721,"+",33.73,10050,1422,"ALG10 alpha-1,2-glucosyltransferase B"
"NEDD1","12",342.548599522869,-0.799541119952444,0.200933601651366,-3.97913098347634,6.91676280135408e-05,0.0114581387064075,"DOWN",96907224,96953780,"+",35.02,3366,1983,"NEDD1 gamma-tubulin ring complex targeting factor"
"RHNO1","12",376.66239498635,-0.825569721692015,0.235552734867657,-3.50481908926191,0.000456917655457758,0.0306604124873056,"DOWN",2876258,2889524,"+",47.54,516,NA,"RAD9-HUS1-RAD1 interacting nuclear orphan 1"
"CD4","12",920.532076663167,-0.904398110674446,0.238566356414675,-3.79097088234196,0.000150059547621309,0.0170391559566619,"DOWN",6786858,6820799,"+",48.56,577,NA,"CD4 molecule"
"ENSG00000250790","12",70.3666645639382,-0.907948385389768,0.27466105636285,-3.30570484732387,0.000947378251693755,0.041889013520046,"DOWN",132911470,132914732,"+",39.2,3263,NA,"novel transcript"
"LRRC23","12",581.242092151301,-0.920067499684489,0.218290238768859,-4.21488154886632,2.49909318864366e-05,0.00664888164890237,"DOWN",6873569,6914241,"+",47.35,1387,693,"leucine rich repeat containing 23"
"SPX","12",1347.30965438589,-0.996235868730339,0.304971930643322,-3.2666477423966,0.0010882900444302,0.0452257440113208,"DOWN",21526296,21541249,"+",38.71,2280,351,"spexin hormone"
"DBX2","12",286.481683155772,-1.14199775450414,0.33634417317142,-3.39532492487125,0.000685471978427649,0.0351992043954376,"DOWN",45014672,45051099,"-",37.28,2806,1020,"developing brain homeobox 2"
"MGST1","12",1331.18088647966,-1.15040663525477,0.350954978334965,-3.27793223140085,0.00104570497611346,0.0441813295535053,"DOWN",16347142,16609259,"+",36.94,298,233,"microsomal glutathione S-transferase 1"
"LYZ","12",115.45817004548,-1.40199793545034,0.430486684442668,-3.25677421884824,0.00112686026931682,0.0460375717461092,"DOWN",69348381,69354234,"+",36.54,1490,447,"lysozyme"
"CLEC9A","12",65.8774054470575,-1.65663812320782,0.488962413741619,-3.38806844176622,0.000703866981694928,0.0356144912537103,"DOWN",10030678,10066031,"+",36.89,1733,726,"C-type lectin domain containing 9A"
"MFAP1P1","13",206.684102189504,1.81599127556763,0.543855733134731,3.33910477526905,0.000840488565616567,0.0393192581199271,"UP",30541643,30542897,"-",54.02,1255,NA,"microfibril associated protein 1 pseudogene 1"
"HMGN1P24","13",21.7071770565182,1.73196852904929,0.539599856350199,3.20972755768349,0.00132860835164406,0.0496488303784008,"UP",95809310,95809607,"-",47.65,298,NA,"high mobility group nucleosome binding domain 1 pseudogene 24"
"SNORA31","13",121.840627040639,1.20867026537292,0.353389250527351,3.42022363037149,0.00062569676426578,0.0340069706528812,"UP",45337480,45337609,"-",43.08,130,NA,"small nucleolar RNA, H/ACA box 31"
"RN7SL49P","13",51.3970884058855,0.8182246330413,0.250643410101842,3.26449689105664,0.00109658666479634,0.0454049827352377,"UP",45002150,45002447,"+",53.69,298,NA,"RNA, 7SL, cytoplasmic 49, pseudogene"
"ZMYM2","13",5763.47671239497,-0.362201608308432,0.109559198555684,-3.30598994044615,0.000946414853965773,0.041889013520046,"DOWN",19958677,20091829,"+",37.61,1912,NA,"zinc finger MYM-type containing 2"
"CDC16","13",1687.07657065454,-0.481837928052482,0.134887533350444,-3.57214574308099,0.000354068263076699,0.025981615279286,"DOWN",114234887,114272723,"+",41.32,2211,1863,"cell division cycle 16"
"TGDS","13",181.837805348138,-0.819533310675315,0.225094784191632,-3.64083651968415,0.000271753656516148,0.0224960897760056,"DOWN",94574054,94596242,"-",36.97,1797,1053,"TDP-glucose 4,6-dehydratase"
"DCT","13",132.355672246215,-1.05655887133828,0.28637696590486,-3.68939892913485,0.000224784507366382,0.02104331887156,"DOWN",94436811,94479682,"-",39.87,5074,1560,"dopachrome tautomerase"
"ENSG00000285572","13",36.1888826240844,-1.85317313226555,0.542633692155736,-3.41514572179144,0.000637478972403947,0.0341250650991132,"DOWN",76552807,76846524,"-",38.96,1772,NA,"novel transcript"
"ENSG00000289594","13",21.2048380810824,-2.50631789162468,0.753853234511327,-3.32467617950775,0.000885212845366084,0.0407804911962364,"DOWN",100675033,100676887,"+",50.13,1854,NA,"novel transcript, antisense to TMTC4"
"RNA5SP389","14",102.722594510826,1.70310214693259,0.459632589034108,3.70535551126077,0.000211094439401681,0.0202035212129882,"UP",106636672,106636786,"+",52.17,115,NA,"RNA, 5S ribosomal pseudogene 389"
"ENSG00000282885","14",4681.24557390656,1.2127064493884,0.294772107320996,4.1140474938757,3.88781391019276e-05,0.00803680916512155,"UP",49860314,49868199,"-",46.45,1676,NA,"novel transcript"
"CRIP1","14",107.199918757292,1.15356541058109,0.349427363005686,3.30130245284288,0.000962370785661234,0.0420142596065029,"UP",105486317,105488947,"+",68.07,2241,NA,"cysteine rich protein 1"
"RN7SL587P","14",175.430428519204,1.00478891957414,0.283493684010229,3.54430795550947,0.000393645163071647,0.0277571484374661,"UP",77547566,77547846,"-",55.87,281,NA,"RNA, 7SL, cytoplasmic 587, pseudogene"
"ZNF219","14",1744.92793929085,1.000347282377,0.291468969361632,3.43208844690374,0.00059895218685602,0.0335077866430792,"UP",21090077,21104722,"-",55.48,3055,2169,"zinc finger protein 219"
"TMEM229B","14",1024.57488134597,0.976141880230818,0.202499139773346,4.82047420706774,1.43217373763806e-06,0.00176167776837869,"UP",67447084,67533739,"-",48.53,2812,504,"transmembrane protein 229B"
"CCDC85C","14",2085.48849258466,0.875193104658995,0.223527357461561,3.91537355694593,9.02643410404648e-05,0.0134695235595971,"UP",99500190,99604207,"-",56.1,16564,1260,"coiled-coil domain containing 85C"
"JDP2","14",1835.63862783297,0.874156695244602,0.25380546524702,3.44419965265057,0.000572752592601243,0.0332306369771273,"UP",75427716,75474111,"+",50,972,492,"Jun dimerization protein 2"
"ANKRD9","14",1864.14048451214,0.859928741612266,0.26135278513836,3.29029874756077,0.00100081064570629,0.0433792227187316,"UP",102501767,102509799,"-",59.94,6705,954,"ankyrin repeat domain 9"
"PABPN1","14",2197.74523344273,0.851684365821878,0.215556442360702,3.95109678233003,7.77938543851097e-05,0.0122176763776511,"UP",23321457,23326163,"+",50.18,1811,921,"poly(A) binding protein nuclear 1"
"CCDC177","14",1093.88732794966,0.837441830475215,0.188043538624531,4.4534464550114,8.45027888524613e-06,0.00393035471381852,"UP",69569799,69574871,"-",62.23,4182,2124,"coiled-coil domain containing 177"
"CEP170B","14",12385.513484054,0.775646777594387,0.212500187374017,3.6500992642853,0.000262138985316045,0.0223242728832883,"UP",104865268,104896747,"+",64.32,6727,4665,"centrosomal protein 170B"
"ZFHX2","14",2119.85853803003,0.765567797315429,0.226793097650547,3.37562212098293,0.000736489982873688,0.0365764819831274,"UP",23520857,23556192,"-",52.73,9296,7719,"zinc finger homeobox 2"
"VASH1","14",2953.03564740418,0.65786684323597,0.173069727097565,3.80116646780814,0.000144016501894739,0.0168424372117324,"UP",76761468,76783015,"+",55.57,6449,1098,"vasohibin 1"
"TRAF3","14",3437.81954730269,0.640712593460515,0.170481158168874,3.75826044556691,0.000171098738389127,0.0179073354849434,"UP",102777449,102911500,"+",45.84,7806,1707,"TNF receptor associated factor 3"
"PACS2","14",11021.8598790238,0.553885250272975,0.151473538039487,3.65664694600706,0.000255535949528797,0.0222549473921363,"UP",105300563,105398147,"+",57.4,2944,2445,"phosphofurin acidic cluster sorting protein 2"
"AP5M1","14",2308.71609575535,-0.505003036151567,0.151107351461058,-3.34201500634278,0.00083172564017006,0.0390604200643749,"DOWN",57268924,57298742,"+",35.15,11675,1473,"adaptor related protein complex 5 subunit mu 1"
"ENTPD5","14",628.253611158481,-0.562594602876302,0.174088103391038,-3.23166598933298,0.00123070821031355,0.0478108400441372,"DOWN",73958010,74019399,"-",44.47,3096,1224,"ectonucleoside triphosphate diphosphohydrolase 5 (inactive)"
"MIS18BP1","14",701.458696146028,-0.721559265745489,0.179996122567919,-4.00874894109575,6.10412689924371e-05,0.0103967896609231,"DOWN",45203190,45253540,"-",37.65,4577,3399,"MIS18 binding protein 1"
"SPTSSA","14",708.349536786375,-0.731207725269141,0.195664846318675,-3.73704188067713,0.000186197919398584,0.0187414176063106,"DOWN",34432788,34462240,"-",41.75,2662,216,"serine palmitoyltransferase small subunit A"
"GALC","14",1998.44343129228,-0.782022079750152,0.240349401751403,-3.25368848040241,0.00113917126916274,0.0462281817382046,"DOWN",87837820,87993665,"-",39.12,2067,1305,"galactosylceramidase"
"WDR89","14",333.982630820069,-0.793517102050625,0.207256704444185,-3.8286679515563,0.000128838694852627,0.0157539910767902,"DOWN",63597039,63641871,"-",41.2,2993,1164,"WD repeat domain 89"
"DTD2","14",131.381426540637,-0.806603830176295,0.237538477483002,-3.39567651827697,0.000684592150091367,0.0351992043954376,"DOWN",31446036,31457506,"-",38.5,2713,507,"D-aminoacyl-tRNA deacylase 2"
"EFCAB11","14",297.204519909205,-0.903476577779785,0.281834214659629,-3.20570225609731,0.00134733322137162,0.0497505363238076,"DOWN",89794669,89954777,"-",40,3136,492,"EF-hand calcium binding domain 11"
"FAM181A-AS1","14",115.611135248893,-0.958997365010735,0.292458998025134,-3.27908312442593,0.00104144954382676,0.0441813295535053,"DOWN",93904730,93927066,"-",49.82,2402,NA,"FAM181A antisense RNA 1"
"COX16","14",142.154523547327,-1.16049520282601,0.308941591550636,-3.7563579477961,0.000172404057243655,0.0179073354849434,"DOWN",70325081,70416984,"-",39.51,1669,321,"cytochrome c oxidase assembly factor COX16"
"SNORD115-8","15",124.86620246555,1.31336109741097,0.391171926250327,3.35750346401519,0.000786497579777147,0.0381207023336474,"UP",25184306,25184387,"+",41.46,82,NA,"small nucleolar RNA, C/D box 115-8"
"SNORD115-2","15",87.0119487924696,1.29236505287789,0.393190033156981,3.2868713443759,0.00101307106111878,0.0435981079790368,"UP",25172635,25172716,"+",42.68,82,NA,"small nucleolar RNA, C/D box 115-2"
"SNORD115-5","15",4646.5311706994,1.19903833298481,0.334054935757602,3.58934475931487,0.000331510178144419,0.0250559536518779,"UP",25178738,25178819,"+",42.68,82,NA,"small nucleolar RNA, C/D box 115-5"
"INSYN1","15",3367.44850522366,1.04932751547827,0.265388251888258,3.95393355965166,7.68767652396621e-05,0.01221511220174,"UP",73735458,73753351,"-",55.78,7150,882,"inhibitory synaptic factor 1"
"TLNRD1","15",1465.0002604771,0.638451669074545,0.171725234996129,3.71786749390056,0.000200911598037595,0.0195268302558975,"UP",81000923,81005788,"+",55.36,4866,1089,"talin rod domain containing 1"
"KLF13","15",6328.98966002167,0.549362776860094,0.171332362578563,3.20641569749082,0.00134399678909005,0.0497505363238076,"UP",31326835,31435665,"+",49.38,6845,867,"KLF transcription factor 13"
"ICE2","15",1361.60019062051,-0.431720690066277,0.110904579070954,-3.89272195686413,9.91257379698939e-05,0.0139987095991824,"DOWN",60419609,60479160,"-",36.91,7206,2949,"interactor of little elongation complex ELL subunit 2"
"EIF3J-DT","15",509.314733192749,-0.564628053841426,0.168581369695784,-3.349290938022,0.000810186723505295,0.0388023289003942,"DOWN",44526572,44537088,"-",43.72,1093,NA,"EIF3J divergent transcript"
"INTS14","15",555.439205164809,-0.769083480348918,0.202655900976954,-3.79502139657103,0.000147630723926539,0.0168424372117324,"DOWN",65578753,65611289,"-",40.67,2615,174,"integrator complex subunit 14"
"APH1B","15",1003.97842131656,-0.861260915365147,0.21952799047756,-3.9232396447103,8.73661705683064e-05,0.0131244608780438,"DOWN",63276018,63309126,"+",40.76,758,566,"aph-1 homolog B, gamma-secretase subunit"
"PRTG","15",298.247676895818,-1.00409742546254,0.264556042567767,-3.79540537315579,0.000147402409609311,0.0168424372117324,"DOWN",55611544,55743152,"-",38.59,12142,3453,"protogenin"
"HMGN2P5","15",34.7286034624229,-1.19537469239258,0.324859114701169,-3.67967108908791,0.000233534967426143,0.0212747074860397,"DOWN",29730713,29730985,"+",51.65,273,NA,"high mobility group nucleosomal binding domain 2 pseudogene 5"
"CHRM5","15",255.182964190263,-2.13999842572365,0.597862523340428,-3.57941557160477,0.000344363479363321,0.0256270003442501,"DOWN",33968497,34067458,"+",40.92,5802,1599,"cholinergic receptor muscarinic 5"
"MYH11","16",7969.27413684809,2.83640350291945,0.851014648489537,3.33296672149389,0.000859252193092178,0.040042145553232,"UP",15703135,15858438,"-",48.28,6880,5919,"myosin heavy chain 11"
"ENSG00000279255","16",72.6201322329659,2.25830841417926,0.412744527090115,5.47144363148927,4.46384327323789e-08,0.000308483580250224,"UP",707650,709816,"+",61.14,2167,NA,"TEC"
"ENSG00000275088","16",24.171621644803,2.15959998761144,0.574619800579951,3.75831112229652,0.000171064096114925,0.0179073354849434,"UP",85142696,85146001,"-",59.68,3306,NA,"novel transcript"
"ENSG00000289080","16",64.1144658145624,1.86950835981362,0.409197520981488,4.56871868463298,4.90714893162016e-06,0.00296710760150413,"UP",29145438,29148379,"-",57,2942,NA,"novel transcript"
"NTN3","16",136.31399849959,1.41016403509899,0.379067826167389,3.72008368358935,0.000199156778187526,0.0195012382074636,"UP",2471297,2474145,"+",71.5,2188,1743,"netrin 3"
"CASKIN1","16",7331.92706929865,1.3837742337739,0.273450490828247,5.06041963787531,4.18334750360669e-07,0.00144540632460331,"UP",2177180,2196605,"-",64.94,5839,4296,"CASK interacting protein 1"
"ENSG00000279129","16",96.2191489055449,1.31987395209358,0.393356963466349,3.35541016094531,0.00079247391695532,0.0382570342424778,"UP",78550739,78553296,"-",44.02,2552,NA,"TEC"
"FOXL1","16",37.2810413314507,1.312497062717,0.408724818046131,3.21119982141349,0.00132181986942618,0.0495651711037854,"UP",86576368,86583478,"+",51.36,592,343,"forkhead box L1"
"SBK1","16",1692.53009402829,1.27782124614458,0.272245594013422,4.69363425614001,2.68393706443625e-06,0.00243765062805471,"UP",28259246,28323849,"+",52.79,1539,1539,"SH3 domain binding kinase 1"
"CAPN15","16",1485.4006790993,1.24791022020188,0.317771738688192,3.92706483387553,8.59888078735887e-05,0.0131120037207288,"UP",527712,554636,"+",65,4888,3261,"calpain 15"
"ZNF469","16",1603.29883002883,1.23250441602916,0.300321798109662,4.10394591330702,4.06162457851122e-05,0.00818620433798937,"UP",88382959,88440757,"+",61.26,13770,11862,"zinc finger protein 469"
"BEAN1","16",310.170948228509,1.06171603473088,0.29716147316805,3.5728589692731,0.000353104952139773,0.025981615279286,"UP",66427295,66493529,"+",50.58,2907,780,"brain expressed associated with NEDD4 1"
"FBXL19-AS1","16",158.07105559999,1.05624901921117,0.259687922411153,4.06737829547136,4.75450255873302e-05,0.00919939191084135,"UP",30919319,30923279,"-",52.64,3961,NA,"FBXL19 antisense RNA 1"
"FBXL19","16",2166.12168879595,1.02131938823901,0.21733919442795,4.69919560955027,2.61188195556055e-06,0.00243765062805471,"UP",30923055,30948783,"+",55.33,299,243,"F-box and leucine rich repeat protein 19"
"RAB11FIP3","16",7845.39935393147,0.966671116768339,0.20911480052359,4.62268148571001,3.78811142755592e-06,0.00261769322819621,"UP",425649,523011,"+",52.85,4801,2271,"RAB11 family interacting protein 3"
"ZNF771","16",790.938261001567,0.903512622894749,0.219930966961135,4.10816464538354,3.98815763756779e-05,0.00810567904388358,"UP",30407414,30431108,"+",51.75,1454,954,"zinc finger protein 771"
"CBFA2T3","16",743.880567245898,0.836532485046526,0.254872872617441,3.28215583108425,0.00103016657383246,0.0438655083709717,"UP",88874858,88977207,"-",60.67,4033,1704,"CBFA2/RUNX1 partner transcriptional co-repressor 3"
"SPIRE2","16",1371.08491891904,0.829617769264059,0.183289291315315,4.52627517576494,6.00324007734738e-06,0.00315639922849399,"UP",89818179,89871319,"+",54.79,663,NA,"spire type actin nucleation factor 2"
"TLCD3B","16",862.859505680585,0.823409933139339,0.228368315221232,3.60562248901148,0.000311405562032945,0.0241399196260539,"UP",30024427,30052978,"-",52,1481,675,"TLC domain containing 3B"
"ZNF598","16",1386.09782801553,0.820352555874548,0.176918112470365,4.63690542714762,3.53664127570281e-06,0.00259203654224692,"UP",1997654,2009821,"-",64.24,3382,NA,"zinc finger protein 598, E3 ubiquitin ligase"
"MAZ","16",1852.83050095587,0.802643890032364,0.199338760975981,4.02653195044731,5.66055508856783e-05,0.00983055462632997,"UP",29806106,29811164,"+",66.53,2333,1365,"MYC associated zinc finger protein"
"MMP15","16",617.60068033965,0.778660874226342,0.200625245696296,3.88117094398513,0.000103954736646098,0.0141861129797448,"UP",58025754,58046901,"+",59.38,4062,2010,"matrix metallopeptidase 15"
"ANKRD11","16",17758.5284891905,0.764317002139945,0.164256305799679,4.65319732121625,3.26827216567901e-06,0.00254988485803589,"UP",89267619,89490561,"-",51.18,9227,7992,"ankyrin repeat domain containing 11"
"DBNDD1","16",1722.46350223985,0.721256815360711,0.19067919029844,3.78256701337907,0.000155219285806444,0.0172869140388006,"UP",90004871,90019890,"-",59.3,1843,231,"dysbindin domain containing 1"
"GSE1","16",3371.01580315894,0.715073639784232,0.213173118755212,3.35442688064885,0.000795295686378783,0.0383167758381618,"UP",85169525,85676204,"+",56.58,2683,2683,"Gse1 coiled-coil protein"
"ZFPM1","16",1078.68352068822,0.711702603171159,0.190065532151663,3.7445116698132,0.000180744976392379,0.0185232966060427,"UP",88453280,88537031,"+",63.06,5432,3021,"zinc finger protein, FOG family member 1"
"ZNF205","16",587.761002707832,0.671636979657207,0.187038531681836,3.59090169077944,0.000329535926098106,0.0249848147605291,"UP",3112560,3120517,"+",58.51,2062,1665,"zinc finger protein 205"
"RAB40C","16",1595.60969229449,0.670280125416375,0.191939004393693,3.4921517256677,0.0004791459918126,0.0308071174644606,"UP",589357,629272,"+",56.81,692,470,"RAB40C, member RAS oncogene family"
"SETD1A","16",2880.74191168571,0.66544925894941,0.175190964175492,3.7984222649909,0.000145620084332018,0.0168424372117324,"UP",30957294,30984664,"+",55.71,6451,5124,"SET domain containing 1A, histone lysine methyltransferase"
"ASPHD1","16",1112.52347284023,0.649647503708989,0.191075377122289,3.39995405736246,0.000673971762994422,0.0350534994413189,"UP",29900375,29919864,"+",50.19,775,320,"aspartate beta-hydroxylase domain containing 1"
"RHBDL1","16",397.889079911455,0.64652641321384,0.186484967949562,3.46690899713002,0.000526480100944624,0.032214014057595,"UP",675671,678268,"+",68.21,1458,1122,"rhomboid like 1"
"XYLT1","16",3949.62986567217,0.636322100566724,0.156882379526947,4.05604569796462,4.99104985586293e-05,0.00943074467296101,"UP",17101769,17470960,"-",45.89,9970,2880,"xylosyltransferase 1"
"DOK4","16",794.341340262191,0.613569952333712,0.17978384999778,3.41282018569126,0.000642943496940747,0.0341250650991132,"UP",57471922,57487327,"-",58.39,2851,1098,"docking protein 4"
"DEF8","16",3522.70585898589,0.564537730962518,0.132991272024339,4.24492316201925,2.18668339386583e-05,0.00614966564698129,"UP",89948697,89968060,"+",56.83,3620,1356,"differentially expressed in FDCP 8 homolog"
"SLX4","16",1493.87511398748,0.493559822198752,0.143132944551837,3.44826150083153,0.000564207502197171,0.0330409749349656,"UP",3581181,3611606,"-",52.41,7315,5505,"SLX4 structure-specific endonuclease subunit"
"STUB1","16",5474.55302793178,0.48883075519586,0.134136918646026,3.64426706778493,0.000268154864630927,0.0224672243259665,"UP",680224,682870,"+",64.94,1560,696,"STIP1 homology and U-box containing protein 1"
"TAOK2","16",6331.79018514662,0.358541374057878,0.110888052024561,3.23336344639243,0.00122341808566854,0.0476802744128655,"UP",29973868,29992261,"+",54.91,4937,3708,"TAO kinase 2"
"ZFP90","16",2513.25244069564,-0.435961588145147,0.127171807932079,-3.42813077233274,0.000607752625873397,0.0337700713763642,"DOWN",68530090,68576072,"+",44.64,579,141,"ZFP90 zinc finger protein"
"CEP20","16",750.213861460186,-0.643557579994065,0.184675428345174,-3.48480350505104,0.000492498566280244,0.0310831968759643,"DOWN",15865719,15888625,"-",41.69,2264,525,"centrosomal protein 20"
"IGSF6","16",281.813690707933,-0.982964844971567,0.244974030113019,-4.01252673403004,6.00722732646067e-05,0.0103043120650906,"DOWN",21639550,21652608,"-",40.71,2720,726,"immunoglobulin superfamily member 6"
"LINC01229","16",30.9173792963974,-1.76131252374781,0.521652314955375,-3.37641082623871,0.000734381733365839,0.0365764819831274,"DOWN",79676048,79809716,"+",40.75,2089,NA,"long intergenic non-protein coding RNA 1229"
"ENSG00000266711","17",26.5021833553347,3.35212370721288,0.972914232812379,3.44544626253743,0.000570117311643032,0.033226162167225,"UP",79132722,79136402,"+",59.49,547,NA,"novel transcript, antisense to RBFOX3"
"KRT19","17",73.5989951040892,2.11322299892602,0.558559171977679,3.78334669797611,0.000154733643454,0.0172869140388006,"UP",41523617,41528308,"-",57.44,1390,1203,"keratin 19"
"ENSG00000279801","17",52.2084912596832,1.95618070450283,0.530795305734418,3.6853767984934,0.000228364531568724,0.0211521299275623,"UP",77444704,77447167,"+",53.69,2464,NA,"TEC"
"ENSG00000265775","17",25.7398037102833,1.89564079997933,0.588057732052647,3.22356241004178,0.00126606706456353,0.0483777895965317,"UP",34118347,34118882,"-",47.95,536,NA,"novel transcript, sense intronic ASIC2"
"CACNA1G","17",1163.7662068222,1.73764518950251,0.438655552911282,3.96129760120453,7.45435542594642e-05,0.0120133430505079,"UP",50560715,50627474,"+",56.94,7497,6786,"calcium voltage-gated channel subunit alpha1 G"
"RAI1-AS1","17",45.6093147402115,1.67714965478901,0.465525741695292,3.60270014002101,0.000314928751028005,0.0243350376113844,"UP",17758962,17774684,"-",55.13,870,NA,"RAI1 antisense RNA 1"
"MYADML2","17",60.8510686583656,1.52948455566543,0.445472644641159,3.43339725584604,0.000596068064992788,0.0335077866430792,"UP",81939645,81947233,"-",55.48,2452,924,"myeloid associated differentiation marker like 2"
"ENSG00000279339","17",143.086058520026,1.37796962259944,0.405441926291905,3.39868556565448,0.000677105122040368,0.0350534994413189,"UP",78897264,78900152,"+",55.52,2889,NA,"TEC"
"ENSG00000279668","17",315.362342678814,1.27993784693866,0.380281226393405,3.36576659089279,0.000763312678158172,0.0375233342153121,"UP",33827699,34079100,"-",43.77,884,NA,"novel transcript"
"ENSG00000279674","17",285.00862167009,1.22816659116436,0.347820707592868,3.5310335593991,0.000413939225461253,0.0286043831628739,"UP",34000789,34006772,"-",42.43,5984,NA,"TEC"
"BAHCC1","17",3374.50163667184,1.00862404124783,0.229955159072056,4.38617704998644,1.15360233438938e-05,0.00435953532180337,"UP",81395457,81466331,"+",63.19,10726,7827,"BAH domain and coiled-coil containing 1"
"NXPH3","17",652.938257007648,0.95310424952074,0.286804852178448,3.323180351662,0.000889973547204107,0.0408442129272837,"UP",49575871,49583827,"+",59.75,5635,759,"neurexophilin 3"
"FAM171A2","17",2345.93210270671,0.943527674543151,0.258292827916472,3.6529379547785,0.000259256892099543,0.0222549473921363,"UP",44353215,44363853,"-",60.58,3138,2481,"family with sequence similarity 171 member A2"
"CCDC92B","17",865.190040097253,0.900158840560315,0.214858125634307,4.18954990835396,2.79508304207346e-05,0.00689815086281516,"UP",2720801,2749652,"-",52.85,4643,768,"coiled-coil domain containing 92B"
"HDAC5","17",6642.53249061239,0.872178694225645,0.226058005829277,3.85820750309692,0.000114221656099719,0.0150017528665195,"UP",44076746,44123702,"-",55.66,5326,3372,"histone deacetylase 5"
"BAIAP2-DT","17",1987.46586193737,0.817117206237168,0.191494641625138,4.2670499774961,1.98074798054048e-05,0.00585741513394669,"UP",81017969,81034881,"-",57.81,905,NA,"BAIAP2 divergent transcript"
"RAI1","17",4837.97583100011,0.813943851560749,0.19672006779634,4.13757406998969,3.50997159030303e-05,0.00759499125354641,"UP",17681458,17811453,"+",56.45,7677,5721,"retinoic acid induced 1"
"TBKBP1","17",1871.07892485194,0.80300716772703,0.249916101779833,3.21310696673097,0.00131307376711651,0.0494093016131114,"UP",47694161,47712052,"+",58.59,3342,1848,"TBK1 binding protein 1"
"PPP1R9B","17",19201.2743544671,0.765220337421234,0.210225015273032,3.64000609740662,0.000272631584850064,0.0224960897760056,"UP",50133737,50150677,"-",59.42,4212,2454,"protein phosphatase 1 regulatory subunit 9B"
"TSPOAP1","17",11673.585735311,0.747957141641737,0.215882846184866,3.46464369383587,0.0005309344106339,0.0323455406941851,"UP",58301228,58328795,"-",57.84,4161,NA,"TSPO associated protein 1"
"GPS2","17",429.475558619041,0.740126601145422,0.228341302565217,3.24131724235055,0.00118978696135637,0.0470199141296817,"UP",7311324,7315564,"-",56.28,1238,983,"G protein pathway suppressor 2"
"CHD3","17",14162.5860779216,0.674093706981073,0.177106108326383,3.80615729943547,0.000141142634646255,0.0167337047135016,"UP",7884796,7912760,"+",53.17,7388,6345,"chromodomain helicase DNA binding protein 3"
"SPNS2","17",2263.74651854455,0.643634964477394,0.197187775555522,3.26407132827646,0.0010982351318992,0.0454049827352377,"UP",4498881,4539035,"+",57.38,3404,1650,"SPNS lysolipid transporter 2, sphingosine-1-phosphate"
"NT5M","17",231.917133232696,0.529798572032263,0.162714805327589,3.25599487376477,0.00112995791592371,0.0460862768204568,"UP",17303335,17347663,"+",49.17,1635,705,"5',3'-nucleotidase, mitochondrial"
"SENP3","17",834.030624317617,0.466185746823088,0.143504952874479,3.24856903880421,0.00115987058485395,0.0465990530984677,"UP",7561919,7571969,"+",51.42,2567,1725,"SUMO specific peptidase 3"
"TIMM22","17",1036.72752637106,0.435804409252484,0.128944043512685,3.3797948116123,0.000725399633563246,0.0363240487315956,"UP",997129,1003671,"+",48.66,3182,585,"translocase of inner mitochondrial membrane 22"
"NUP88","17",1226.24634984948,-0.360342924057565,0.0986374537783213,-3.65320585897729,0.000258986431552894,0.0222549473921363,"DOWN",5359668,5420164,"-",42.72,4626,2199,"nucleoporin 88"
"HEATR6","17",1087.04473196961,-0.481924288640166,0.149221832058555,-3.22958297718164,0.00123970900932425,0.0479605389704566,"DOWN",60041008,60078922,"-",40.88,6108,3546,"HEAT repeat containing 6"
"SRSF2","17",1068.76959595566,-0.545416348659745,0.158670081618768,-3.43742401273986,0.000587275474105374,0.0335077866430792,"DOWN",76734115,76737333,"-",48.99,1867,645,"serine and arginine rich splicing factor 2"
"ATP1B2","17",20253.5157268325,-0.613530491718569,0.177140966162097,-3.46351555493461,0.000533165767749804,0.0323998674844139,"DOWN",7646627,7657770,"+",54.22,580,500,"ATPase Na+/K+ transporting subunit beta 2"
"FN3KRP","17",1651.32349191277,-0.698598036548455,0.194851181267945,-3.58529023022856,0.000336703550164976,0.0253691964619629,"DOWN",82716706,82730328,"+",53.21,1822,930,"fructosamine 3 kinase related protein"
"SRR","17",400.144350673359,-0.729396509322846,0.22654946165109,-3.21959056537593,0.00128373803484462,0.0486653418663825,"DOWN",2303383,2325260,"+",45.63,298,199,"serine racemase"
"RPA1","17",2080.52075244842,-0.80366330336996,0.236437910715854,-3.3990458676307,0.000676213749543479,0.0350534994413189,"DOWN",1829702,1900082,"+",44.49,577,372,"replication protein A1"
"CCT6B","17",200.470801990413,-1.05923231069484,0.319792584751191,-3.31224787941521,0.000925495033123416,0.0414314103649919,"DOWN",34927859,34981078,"-",39.87,1680,1482,"chaperonin containing TCP1 subunit 6B"
"PRR11","17",149.520965569897,-1.18427513339706,0.28634707806175,-4.13580310095456,3.53715391311843e-05,0.00759499125354641,"DOWN",59155732,59206709,"+",44.35,860,597,"proline rich 11"
"ENSG00000266947","17",56.5479353495655,-1.27440455374553,0.338695186573146,-3.76268870732919,0.000168096382515358,0.0179073354849434,"DOWN",35231449,35243011,"-",45.91,2659,NA,"novel transcript, antisense SLFN5"
"MTCO2P2","18",45.088501189809,1.37585182835925,0.422397217023559,3.25724643276356,0.00112498719200659,0.0460375717461092,"UP",47853233,47853457,"-",49.33,225,NA,"MT-CO2 pseudogene 2"
"CCDC68","18",141.609222320772,1.01373653208364,0.279617545883912,3.62543962997413,0.000288470282854936,0.0231792101698654,"UP",54901509,54959461,"-",39.73,4085,1008,"coiled-coil domain containing 68"
"SETBP1","18",2938.8482588263,0.675081184803042,0.194570387059629,3.46959881719388,0.00052123628760904,0.0319964996246503,"UP",44680173,45068510,"+",42.22,1785,729,"SET binding protein 1"
"CTIF","18",7729.83379212883,0.618830010092863,0.165439566561499,3.7405200155842,0.000183639920728966,0.018661828246852,"UP",48539031,48863217,"+",50.34,5765,1797,"cap binding complex dependent translation initiation factor"
"ACAA2","18",954.214867178676,-0.827752983085468,0.224352829811917,-3.68951434122495,0.000224682562930628,0.02104331887156,"DOWN",49782164,49813953,"-",39.53,2926,1194,"acetyl-CoA acyltransferase 2"
"AQP4-AS1","18",710.376831821633,-0.941348334023559,0.291153207603424,-3.23317177843274,0.00122423924627427,0.0476802744128655,"DOWN",26655505,27190698,"+",39.29,902,NA,"AQP4 antisense RNA 1"
"SERPINB8","18",147.625465275422,-0.96918742167182,0.234502494610391,-4.13295143525895,3.58134420595225e-05,0.00759499125354641,"DOWN",63970029,64019779,"+",41.09,3387,1125,"serpin family B member 8"
"AQP4","18",55041.2758820553,-1.07970771691791,0.33103038139077,-3.26165747198698,0.0011076289310822,0.0456094507140155,"DOWN",26852043,26865771,"-",40.01,5158,972,"aquaporin 4"
"ENSG00000269487","19",23.6001838031483,1.7698494014025,0.469599890098072,3.768845433573,0.000164004401895363,0.017787490871037,"UP",46728603,46732700,"+",59.61,562,NA,"novel transcript, antisense to STRN4"
"SHANK1","19",14414.2163671566,1.61562503763794,0.426611486440392,3.78711096393249,0.000152409048010756,0.0171449545822704,"UP",50659255,50719802,"-",56.45,9636,6486,"SH3 and multiple ankyrin repeat domains 1"
"COL5A3","19",2626.4969056533,1.59303327674559,0.433098148334402,3.67822693971804,0.000234860948431845,0.0212747074860397,"UP",9959561,10010504,"-",52.35,6207,5238,"collagen type V alpha 3 chain"
"ENSG00000261342","19",158.696326346715,1.51845574711586,0.418333771620262,3.62977089139776,0.00028367289156612,0.0230530117150346,"UP",2727743,2729327,"-",59.18,1585,NA,"novel transcript"
"MAP3K10","19",5750.85599462854,1.36277358119884,0.351465597246608,3.8774024879671,0.000105577620786987,0.0141861129797448,"UP",40191426,40215575,"+",53.37,3754,2865,"mitogen-activated protein kinase kinase kinase 10"
"RNU6-9","19",72.3121575172522,1.31756669906317,0.325713293071829,4.04517324619173,5.22844444293248e-05,0.00974919335560158,"UP",893484,893590,"+",45.79,107,NA,"RNA, U6 small nuclear 9"
"TTC9B","19",1589.83200316543,1.24460508863395,0.251666710699451,4.94544981803452,7.59682391522593e-07,0.00146638941781651,"UP",40216058,40218384,"-",63.9,828,720,"tetratricopeptide repeat domain 9B"
"MBD3","19",1622.78958776758,1.20866974367857,0.287649499997781,4.20188369417604,2.64703128446998e-05,0.00688398910174097,"UP",1573596,1592865,"-",58.14,5518,780,"methyl-CpG binding domain protein 3"
"PIP5K1C","19",10860.5073715102,1.03142181302159,0.271600887587546,3.79756422073227,0.000146124925410356,0.0168424372117324,"UP",3630183,3700468,"-",60.55,5069,2085,"phosphatidylinositol-4-phosphate 5-kinase type 1 gamma"
"P2RY11","19",216.678935329689,1.02484785043458,0.313364929090488,3.27046122681661,0.00107372260442438,0.0448515628853334,"UP",10111693,10115372,"+",62.34,1788,1125,"purinergic receptor P2Y11"
"ANKRD24","19",1488.3963612743,0.994020575405459,0.260127016217487,3.82128926806426,0.000132755825463101,0.0160541619732528,"UP",4182689,4224814,"+",53.64,3838,3441,"ankyrin repeat domain 24"
"LRP3","19",4096.22016317727,0.987240400764322,0.273085614814915,3.6151314723532,0.000300195236651302,0.0237059053832581,"UP",33177603,33208864,"+",54.7,575,275,"LDL receptor related protein 3"
"ZSWIM9","19",747.027279763602,0.94988831034752,0.209337871897256,4.53758463167014,5.69021973362621e-06,0.00315639922849399,"UP",48170680,48197620,"+",50.04,3600,2763,"zinc finger SWIM-type containing 9"
"ZNF865","19",1182.01998379844,0.946418136644361,0.170228694417002,5.55968627901218,2.70260005299812e-08,0.000308483580250224,"UP",55605647,55617269,"+",57.91,3763,3180,"zinc finger protein 865"
"GRIN2D","19",502.246035159826,0.942730945525553,0.284855901383949,3.30950119321865,0.000934623676791095,0.0415005651099349,"UP",48393668,48444931,"+",52.92,5511,4011,"glutamate ionotropic receptor NMDA type subunit 2D"
"CIC","19",10816.654545384,0.915604067357584,0.247240220851641,3.7032974012226,0.00021281514945778,0.0202643590739601,"UP",42268537,42295797,"+",61.52,8218,7545,"capicua transcriptional repressor"
"HCN2","19",7213.79341139003,0.905346017944802,0.193344373785718,4.68255682965045,2.83318604773669e-06,0.00243765062805471,"UP",589881,617159,"+",63.15,3420,2670,"hyperpolarization activated cyclic nucleotide gated potassium and sodium channel 2"
"BICRA","19",1515.90897822295,0.885569101734311,0.211649539101707,4.1841296016655,2.86260772327089e-05,0.00692350303950298,"UP",47608196,47703277,"+",51.9,5739,4683,"BRD4 interacting chromatin remodeling complex associated protein"
"WIZ","19",3273.33896659369,0.874721504813274,0.224870362632403,3.88989235652717,0.00010028869791095,0.0139987095991824,"UP",15419978,15449956,"-",58.15,6356,3201,"WIZ zinc finger"
"SAMD1","19",3886.11665048016,0.873249550079632,0.208282965083141,4.19261147800087,2.75761495218435e-05,0.00689546979126907,"UP",14087851,14091036,"-",64.5,2196,1299,"sterile alpha motif domain containing 1"
"APC2","19",19977.8112256015,0.872064936647425,0.188389264807225,4.62905854821289,3.67331910197387e-06,0.00261302634706882,"UP",1446302,1473244,"+",63.5,568,510,"APC regulator of WNT signaling pathway 2"
"REXO1","19",3393.32137939074,0.869045454223919,0.258420592769085,3.36291100067426,0.000771252241024896,0.037683851922077,"UP",1815248,1848483,"-",60.94,4609,3666,"RNA exonuclease 1 homolog"
"ZNF358","19",2048.44801360233,0.864881037762516,0.268830145243942,3.21720258335502,0.00129447160858139,0.0489954465182309,"UP",7515292,7521025,"+",60.97,662,509,"zinc finger protein 358"
"NR2F6","19",1138.80713461083,0.842300867615588,0.207297256916107,4.06325139148594,4.83938610115597e-05,0.00928866111208309,"UP",17231883,17245919,"-",58.96,2383,1215,"nuclear receptor subfamily 2 group F member 6"
"ZBTB7A","19",8294.44279100653,0.808390238922486,0.175267134533133,4.61233214701564,3.98176055857563e-06,0.00267507946860306,"UP",4043303,4066899,"-",61.71,6437,1755,"zinc finger and BTB domain containing 7A"
"TLE2","19",949.521965183937,0.806774182806342,0.23145646280463,3.48564120020849,0.00049095903838175,0.0310831968759643,"UP",2997639,3047635,"-",54.68,2406,2121,"TLE family member 2, transcriptional corepressor"
"MLLT1","19",5200.54086217834,0.783239563178887,0.226269357369366,3.46153616329193,0.00053710195520595,0.0325572628787246,"UP",6210381,6279975,"-",55.58,4532,1680,"MLLT1 super elongation complex subunit"
"ZNF653","19",577.292488856275,0.782349182872317,0.174046440028333,4.49505995494628,6.95503478400059e-06,0.00341110227445574,"UP",11483427,11505839,"-",55.65,674,652,"zinc finger protein 653"
"LMTK3","19",8868.73376613086,0.780049907057635,0.203922013386282,3.82523639358157,0.00013064666280081,0.0158784933994995,"UP",48485271,48513935,"-",58.49,2222,1953,"lemur tyrosine kinase 3"
"FEM1A","19",425.354342472911,0.779325790360429,0.22990014887563,3.38984465287155,0.000699322405085904,0.035560648240956,"UP",4791734,4801273,"+",55.13,9540,2010,"fem-1 homolog A"
"CAMSAP3","19",1703.18218516313,0.776965510726615,0.176943585384334,4.39103519372568,1.12812277238294e-05,0.00433091704331014,"UP",7595863,7618304,"+",58.7,4137,3750,"calmodulin regulated spectrin associated protein family member 3"
"SPTBN4","19",10656.9917160328,0.764953980555915,0.16657242280216,4.59232067161836,4.38344130442989e-06,0.00278994503655109,"UP",40466241,40576464,"+",51.05,6105,6009,"spectrin beta, non-erythrocytic 4"
"TPGS1","19",534.468234488944,0.764894145244433,0.184389113962751,4.14826086424468,3.35010538378381e-05,0.00757249054319583,"UP",507497,519654,"+",61.72,1114,873,"tubulin polyglutamylase complex subunit 1"
"ZNF628","19",252.792350134137,0.762331350364015,0.22308270228428,3.41725890245205,0.00063255093395863,0.0341127551679065,"UP",55476617,55484487,"+",62.42,3562,3180,"zinc finger protein 628"
"PRR12","19",5420.54214640998,0.745629174809651,0.169196193820186,4.40689094698,1.04864950543709e-05,0.00433091704331014,"UP",49591182,49626439,"+",55.73,7416,6111,"proline rich 12"
"PPP1R12C","19",7050.55414133644,0.740075099898625,0.180066167555232,4.11001750049253,3.95629132519667e-05,0.00810567904388358,"UP",55090914,55117637,"-",57.68,1262,704,"protein phosphatase 1 regulatory subunit 12C"
"CSNK1G2","19",2626.40551582016,0.739463287293329,0.215437860582184,3.43237388867052,0.000598322075469724,0.0335077866430792,"UP",1941172,1981338,"+",61.02,2895,1248,"casein kinase 1 gamma 2"
"MATK","19",2035.62100996864,0.719841328710781,0.216840456284185,3.31968185755603,0.000901200859094904,0.0409707593572732,"UP",3777970,3802129,"-",54.4,1907,1401,"megakaryocyte-associated tyrosine kinase"
"NACC1","19",4906.5563819798,0.715112006565945,0.186058163491549,3.8434863224823,0.000121298762587156,0.0152798534996507,"UP",13116862,13141147,"+",55.36,4524,1584,"nucleus accumbens associated 1"
"PPFIA3","19",7150.78700369806,0.713048896376797,0.174391287326435,4.08878738902863,4.33634071976639e-05,0.00852672655676992,"UP",49119544,49151026,"+",55.14,4583,3585,"PTPRF interacting protein alpha 3"
"BRSK1","19",9197.44869738708,0.70630421683845,0.205606620671283,3.43522117397019,0.000592070391626968,0.0335077866430792,"UP",55282072,55312562,"+",54.43,2977,2385,"BR serine/threonine kinase 1"
"LRFN3","19",1355.13488482123,0.671306920140891,0.202352316360867,3.3175153722664,0.000908219177692917,0.0411214959839776,"UP",35935358,35946624,"+",56.69,558,NA,"leucine rich repeat and fibronectin type III domain containing 3"
"TMEM160","19",1065.34304993387,0.670463619151107,0.193902784474887,3.45773074361365,0.000544745527032693,0.0326119191010216,"UP",47045909,47048624,"-",61.56,655,567,"transmembrane protein 160"
"LRRC4B","19",8044.70687689958,0.656295314154497,0.162908383917775,4.0286159519313,5.61061866155849e-05,0.00983055462632997,"UP",50516892,50568435,"-",55.28,3019,2142,"leucine rich repeat containing 4B"
"MEGF8","19",12003.0397331556,0.633925247157997,0.191971369974006,3.3021864002108,0.00095934294908585,0.0419676234605981,"UP",42325609,42378769,"+",54.75,10966,8337,"multiple EGF like domains 8"
"ZNF584-DT","19",435.272741845006,0.616658674202493,0.188391431277671,3.27328408739353,0.00106305573559944,0.0445599064492342,"UP",58404238,58408484,"-",61.03,3059,NA,"ZNF584 divergent transcript"
"STK11","19",3123.15664138868,0.614234313510628,0.190626412314715,3.22218891942717,0.00127215224441388,0.0483777895965317,"UP",1177558,1228431,"+",57.49,2466,930,"serine/threonine kinase 11"
"ABHD8","19",2388.96596335235,0.608931768601243,0.18058429250394,3.37200849618722,0.000746221463679827,0.0369838367224596,"UP",17292131,17310236,"-",54.9,2042,1320,"abhydrolase domain containing 8"
"MYPOP","19",1428.44455994371,0.59574484925477,0.183030393943908,3.25489573844956,0.00113434000747068,0.0461871168698416,"UP",45890023,45902613,"-",54.09,1896,1200,"Myb related transcription factor, partner of profilin"
"DACT3","19",3599.96434667205,0.549572534643655,0.149105704860496,3.6857914669183,0.0002279929835762,0.0211521299275623,"UP",46647551,46661182,"-",54.78,2939,1890,"dishevelled binding antagonist of beta catenin 3"
"EVI5L","19",6310.3666909192,0.5443048237525,0.149420393109114,3.64277467370216,0.000269714924963399,0.0224942247419475,"UP",7830218,7864976,"+",58.04,3903,2418,"ecotropic viral integration site 5 like"
"CACTIN","19",1638.51167719066,0.520994928121394,0.138057403731926,3.77375580039909,0.000160808172862417,0.0175986718047531,"UP",3610645,3626815,"-",61.59,699,354,"cactin, spliceosome C complex subunit"
"EPN1","19",10478.0994655629,0.494729497695344,0.138107288967162,3.58221134738932,0.000340697978854818,0.0255547088251506,"UP",55675226,55709858,"+",54.85,16219,1731,"epsin 1"
"LMNB2","19",2318.55181741105,0.485674856002068,0.122550659739804,3.96305378553847,7.39971022742019e-05,0.0120113685610996,"UP",2427638,2456959,"-",59.73,769,NA,"lamin B2"
"SCAF1","19",7741.54957929328,0.460159375138515,0.128845341626816,3.5714087085221,0.000355066312402236,0.025981615279286,"UP",49642209,49658642,"+",58.14,4222,3939,"SR-related CTD associated factor 1"
"PWWP3A","19",5270.65767583552,0.356506774090328,0.105099961591406,3.39207330518644,0.00069365879360244,0.0354689885455996,"UP",1354711,1378431,"+",52.99,522,143,"PWWP domain containing 3A, DNA repair factor"
"MED25","19",1951.00281862148,0.342236373101085,0.0946512482592029,3.61576185623954,0.000299465586034664,0.0237059053832581,"UP",49818282,49840383,"+",55.17,506,NA,"mediator complex subunit 25"
"ZNF121","19",1587.97908788466,-0.395166671928757,0.101565691690264,-3.89074957647966,9.99350293211673e-05,0.0139987095991824,"DOWN",9560329,9584504,"-",41.93,7177,1173,"zinc finger protein 121"
"ZNF426","19",1069.93212405689,-0.471958890968965,0.137177801936804,-3.44049025648035,0.000580661343535262,0.0333583735267075,"DOWN",9523223,9538645,"-",43.51,7104,1665,"zinc finger protein 426"
"ZNF561","19",713.348706441304,-0.486144058472624,0.13506551545519,-3.59932035082565,0.000319049955910149,0.0245749752663786,"DOWN",9604680,9621236,"-",44.45,912,132,"zinc finger protein 561"
"ZNF540","19",803.152211742855,-0.492380397840219,0.131084740893206,-3.75619919210399,0.000172513403125437,0.0179073354849434,"DOWN",37551406,37614179,"+",39.55,3147,1983,"zinc finger protein 540"
"ZNF780A","19",754.151563875266,-0.519154525773199,0.156650879122127,-3.31408625781449,0.000919431387560055,0.0414103678575931,"DOWN",40069152,40090943,"-",38.53,7500,1824,"zinc finger protein 780A"
"ZNF302","19",1850.96452613662,-0.533679353818845,0.159952121275223,-3.33649438071886,0.000848421437883513,0.039613746904731,"DOWN",34677639,34686397,"+",39.83,568,NA,"zinc finger protein 302"
"ZNF432","19",657.125323191267,-0.555715616579865,0.157769984274042,-3.52231521817613,0.000427795151581227,0.0292278348478631,"DOWN",52031378,52095738,"-",41.15,4637,1959,"zinc finger protein 432"
"ZNF254","19",1617.23247739881,-0.561609402850644,0.120990566581034,-4.64176190525152,3.4545079010443e-06,0.00259203654224692,"DOWN",24033405,24129968,"+",41.42,792,162,"zinc finger protein 254"
"ZNF529","19",1150.56292408476,-0.583626665468013,0.140860793904416,-4.14328678187094,3.42363376053402e-05,0.00759499125354641,"DOWN",36534774,36605276,"-",40.96,395,338,"zinc finger protein 529"
"ZNF615","19",1005.14527188618,-0.586371191283944,0.11922341270961,-4.918255382541,8.73189458126229e-07,0.00146638941781651,"DOWN",51991332,52008230,"-",39.06,4094,2196,"zinc finger protein 615"
"ZNF677","19",581.053925911237,-0.61575600622495,0.144324432134602,-4.26647101338098,1.98589283463007e-05,0.00585741513394669,"DOWN",53235381,53254898,"-",38.84,3512,1755,"zinc finger protein 677"
"ZNF682","19",360.302669108638,-0.617274472187431,0.185561886412676,-3.32651539667288,0.000879391614673036,0.0406672382265431,"DOWN",19997058,20039505,"-",41.4,552,249,"zinc finger protein 682"
"ZNF229","19",571.306897981235,-0.620113012993321,0.169767809539426,-3.6527125765224,0.000259484626006054,0.0222549473921363,"DOWN",44417519,44448578,"-",41.83,550,NA,"zinc finger protein 229"
"ZNF486","19",218.027030628438,-0.623787252780948,0.15824884853044,-3.94181226955947,8.08682622839328e-05,0.0125376909717897,"DOWN",20167214,20200488,"+",40.91,3895,1392,"zinc finger protein 486"
"ZIK1","19",304.630661531001,-0.650813335315628,0.18413953412525,-3.53434876658779,0.000408781292661845,0.0283288949693965,"DOWN",57578456,57593890,"+",47.31,572,NA,"zinc finger protein interacting with K protein 1"
"ZNF136","19",546.21783254222,-0.685370211861751,0.183004478650652,-3.74510075881855,0.000180321391220478,0.0185232966060427,"DOWN",12163064,12189871,"+",44.4,474,128,"zinc finger protein 136"
"SLC44A2","19",4254.3715060435,-0.688410953470044,0.176401691660995,-3.90251900074187,9.51967625784562e-05,0.0137869993995362,"DOWN",10602457,10644557,"+",51.73,586,512,"solute carrier family 44 member 2 (CTL2 blood group)"
"ZNF599","19",218.461433143362,-0.692223350563753,0.178107088670115,-3.88655699069827,0.000101676064321712,0.0140522130953425,"DOWN",34758073,34773229,"-",43.52,3102,1767,"zinc finger protein 599"
"ZNF28","19",585.815668377799,-0.721847125692029,0.209167665314235,-3.45104547879134,0.000558419462471353,0.0330248186832908,"DOWN",52797408,52857600,"-",45.1,4558,2157,"zinc finger protein 28"
"ZNF665","19",249.745673158591,-0.739461556833623,0.219864610539211,-3.36325866641346,0.000770281523341126,0.037683851922077,"DOWN",53159213,53193386,"-",45.26,430,NA,"zinc finger protein 665"
"ZNF43","19",980.594268634756,-0.83833412264518,0.154359804573918,-5.43103902573115,5.60268792562872e-08,0.000308483580250224,"DOWN",21804946,21852125,"-",41.77,5584,2412,"zinc finger protein 43"
"ZNF404","19",209.465254822734,-0.844853551465373,0.248038323128761,-3.40614119950648,0.000658880929395687,0.0345676662871238,"DOWN",43872365,43901385,"-",36.81,1849,1659,"zinc finger protein 404"
"ZNF799","19",139.795548041156,-0.848520969388959,0.246051468780986,-3.44855071824115,0.000563603613258971,0.0330409749349656,"DOWN",12390016,12401271,"-",41.86,4076,NA,"zinc finger protein 799"
"ZNF441","19",754.275265942581,-0.984314925086987,0.221552456558356,-4.44280754263594,8.87925839657824e-06,0.00405195742603097,"DOWN",11767000,11784078,"+",41.78,560,NA,"zinc finger protein 441"
"ZNF442","19",202.708567786504,-1.00130561381783,0.293386667651837,-3.41292132267605,0.000642704942768585,0.0341250650991132,"DOWN",12345944,12365905,"-",44.79,6274,1884,"zinc finger protein 442"
"LRRC25","19",83.775146469936,-1.07373072151503,0.328881884887125,-3.26479131522716,0.00109544751794458,0.0454049827352377,"DOWN",18391137,18397622,"-",54.79,2427,918,"leucine rich repeat containing 25"
"ZNF763","19",64.0962218029616,-1.09103018497564,0.302224205565109,-3.61000265658931,0.000306193869134606,0.0238890481254502,"DOWN",11965037,11980617,"+",43.58,582,141,"zinc finger protein 763"
"C3","19",21490.1334210617,-1.13239117214145,0.330894665079709,-3.42221042418036,0.000621142222610023,0.0340069706528812,"DOWN",6677704,6730562,"-",51.26,3518,NA,"complement C3"
"ZNF730","19",72.3025032056402,-1.81363528526791,0.430316829182986,-4.21465107165653,2.50164653125823e-05,0.00664888164890237,"DOWN",23075210,23147221,"+",41.52,464,138,"zinc finger protein 730"
"CYP4F3","19",223.283530235453,-2.38724375182705,0.441437554634357,-5.40788550218481,6.3773170480903e-08,0.000308483580250224,"DOWN",15640897,15662825,"+",45.74,2078,NA,"cytochrome P450 family 4 subfamily F member 3"
"ADGRE4P","19",40.7030626844179,-2.74011778397036,0.58427854819849,-4.68974565713389,2.73544851166958e-06,0.00243765062805471,"DOWN",6954659,6990798,"-",43.3,1810,NA,"adhesion G protein-coupled receptor E4, pseudogene"
"ENSG00000231703","20",40.1306105836826,2.22973687874287,0.643239560587994,3.46641751434665,0.000527443544480592,0.032214014057595,"UP",53397661,53412910,"-",43.8,3280,NA,"novel transcript, antisense to TSHZ2"
"SNORA51","20",20.5821176229473,1.71109310273987,0.48997491875375,3.49220549307304,0.000479049546547845,0.0308071174644606,"UP",2655067,2655198,"+",50.76,132,NA,"small nucleolar RNA, H/ACA box 51"
"KCNQ2","20",14885.650125618,1.07798572694461,0.309656605421036,3.48122955581359,0.000499117531114825,0.0312737217811999,"UP",63400208,63472677,"-",62.3,9247,2619,"potassium voltage-gated channel subfamily Q member 2"
"CHRNA4","20",1351.64252014526,1.07262231326419,0.31370561796804,3.4192002049943,0.00062805497886532,0.0340586047507548,"UP",63343223,63378401,"-",63.44,5583,1884,"cholinergic receptor nicotinic alpha 4 subunit"
"SNPH","20",9290.71271283997,0.797667455170813,0.243670799683765,3.27354552209793,0.00106207281703971,0.0445599064492342,"UP",1266280,1309328,"+",50.5,2853,1584,"syntaphilin"
"SOX12","20",1760.3470781712,0.694852030513674,0.215418451724881,3.2255919813271,0.00125712433310226,0.0483383292852324,"UP",325552,330224,"+",62.19,4673,948,"SRY-box transcription factor 12"
"SRC","20",1915.94222822403,0.605002053497221,0.174969792715591,3.45775144444868,0.000544703674545392,0.0326119191010216,"UP",37344685,37406050,"+",54.1,446,NA,"SRC proto-oncogene, non-receptor tyrosine kinase"
"ZNF335","20",2285.13317342154,0.425435066052109,0.117245869811087,3.62857187837486,0.000284993405391356,0.0230530117150346,"UP",45948660,45972203,"-",53.48,4454,4029,"zinc finger protein 335"
"ITCH","20",1325.46920264885,-0.605661832872875,0.165707581141164,-3.65500376447424,0.000257178204245692,0.0222549473921363,"DOWN",34363235,34511773,"+",40.54,5266,2493,"itchy E3 ubiquitin protein ligase"
"ZNF217","20",771.444377424107,-0.655945674835825,0.20031523895286,-3.27456701878876,0.00105824034125385,0.0445123493801142,"DOWN",53567071,53609907,"-",44.05,5790,3147,"zinc finger protein 217"
"ENSG00000286643","21",97.5586076255215,1.25184822531248,0.390393150416972,3.20663470651419,0.00134297411621873,0.0497505363238076,"UP",31347736,31359157,"+",43.42,2138,NA,"novel transcript, antisense to TIAM1"
"ENSG00000233783","21",510.789769986157,0.635961221003431,0.193721795732789,3.28285838254694,0.00102760274686792,0.0438335097632233,"UP",25928754,25952614,"+",39.7,659,NA,"novel transcript"
"TRPM2","21",3597.06826181143,0.610370395479625,0.163861166800235,3.72492401585137,0.000195374061736791,0.0193256818643372,"UP",44350163,44443081,"+",54.13,5989,4512,"transient receptor potential cation channel subfamily M member 2"
"CSTB","21",1633.56796900825,-0.670265017983343,0.168391737217111,-3.98039137228662,6.88018996345562e-05,0.0114581387064075,"DOWN",43772511,43776330,"-",53.64,1855,164,"cystatin B"
"ENSG00000281732","22",188.634195519667,2.02750415226365,0.59382545943715,3.41430991218428,0.000639437957968416,0.0341250650991132,"UP",48538900,48547409,"-",56.04,1408,NA,"novel transcript"
"ENSG00000281295","22",119.649753658822,1.61378657936547,0.439074795831222,3.67542522296315,0.000237453585059183,0.0214293000307515,"UP",33704786,33704922,"-",56.93,137,NA,""
"ENSG00000273188","22",41.8222518031657,1.60621053116848,0.455532788771288,3.52600421036854,0.000421880261832897,0.0289874886724161,"UP",50191724,50192402,"-",56.85,679,NA,"novel transcript, antisense to TRABD"
"CACNA1I","22",4127.05809932602,1.21163984686955,0.311971217169285,3.88381934033382,0.000102828323834454,0.0141307150014779,"UP",39570753,39689735,"+",56.05,5952,5946,"calcium voltage-gated channel subunit alpha1 I"
"PANX2","22",1775.75438536668,1.16727789740001,0.256432407494157,4.55199055691356,5.3140721349235e-06,0.00306014639655381,"UP",50170731,50180295,"+",64.17,2964,1932,"pannexin 2"
"TUBA8","22",172.465266507288,0.981841234363634,0.286584767767166,3.42600635062825,0.000612526060582654,0.0337700713763642,"UP",18110100,18146683,"+",48.3,2558,945,"tubulin alpha 8"
"PDXP","22",1657.12442710664,0.912006655434894,0.220524196856038,4.13563077629195,3.53980954288289e-05,0.00759499125354641,"UP",37658723,37666932,"+",55.3,2012,891,"pyridoxal phosphatase"
"GAS2L1","22",3226.40834494509,0.902885369609858,0.216332615556785,4.17359799069624,2.99826615331112e-05,0.00704039467805658,"UP",29306618,29312787,"+",64.94,2859,2046,"growth arrest specific 2 like 1"
"ZC3H7B","22",9213.45198963763,0.870695531077376,0.239252885604017,3.63922687443966,0.000273457801792179,0.0224960897760056,"UP",41301525,41360147,"+",54.29,5906,2934,"zinc finger CCCH-type containing 7B"
"MGAT3","22",4634.26985228754,0.860076980096312,0.213294613485752,4.03234271152264,5.5223574945206e-05,0.00983055462632997,"UP",39457012,39492194,"+",57.01,5394,1602,"beta-1,4-mannosyl-glycoprotein 4-beta-N-acetylglucosaminyltransferase"
"CBX6","22",14694.8538129187,0.791104121522644,0.244522451312254,3.23530259604836,0.00121513877329823,0.0475410535272712,"UP",38861422,38872249,"-",58.27,6052,1239,"chromobox 6"
"SBF1","22",16456.588154844,0.784187572481857,0.22411661617112,3.49901576187954,0.000466978975206981,0.0307473940970095,"UP",50443219,50483923,"-",60.64,7297,NA,"SET binding factor 1"
"PRR5","22",396.677055246353,0.754559703326768,0.174296474221808,4.32917364906946,1.49669885987717e-05,0.0049963315185462,"UP",44668547,44737681,"+",56.73,1726,882,"proline rich 5"
"CSDC2","22",994.938739400092,0.717716324293916,0.181249210362361,3.95983145448759,7.50026792618329e-05,0.0120133430505079,"UP",41561010,41577741,"+",55.8,2530,462,"cold shock domain containing C2"
"PPM1F","22",2149.04863339956,0.673148759236242,0.173568956952554,3.87827853007292,0.000105198234457733,0.0141861129797448,"UP",21919425,21952848,"-",55.32,5149,1365,"protein phosphatase, Mg2+/Mn2+ dependent 1F"
"HIRA","22",1049.93396263827,0.651685071836339,0.150490844838599,4.33039679281002,1.48840894608732e-05,0.0049963315185462,"UP",19330698,19447450,"-",46.11,3395,2433,"histone cell cycle regulator"
"CBX7","22",4290.5221838088,0.640282940756351,0.157123371176571,4.07503311545435,4.6007799552261e-05,0.00897374709654019,"UP",39120167,39152680,"-",54.25,451,NA,"chromobox 7"
"POLR3H","22",1666.78909288832,0.45079000385066,0.135920794573696,3.31656392433934,0.000911317367378318,0.0411214959839776,"UP",41525799,41544606,"-",55.14,4468,615,"RNA polymerase III subunit H"
"FBXO7","22",3021.99315235874,-0.576357184651052,0.168945386440807,-3.41149999294589,0.000646065029876809,0.0341710978225088,"DOWN",32474676,32498829,"+",38.81,1900,126,"F-box protein 7"
"APOBEC3G","22",147.938969392603,-0.874446122915482,0.238670303814236,-3.66382456862371,0.000248477002778022,0.0220943558426075,"DOWN",39077067,39087743,"+",54.63,1081,NA,"apolipoprotein B mRNA editing enzyme catalytic subunit 3G"
"ADA2","22",843.727699696233,-0.929589948139431,0.188856372668741,-4.922205880603,8.55741175520415e-07,0.00146638941781651,"DOWN",17178790,17258235,"-",48.88,3455,762,"adenosine deaminase 2"
"ITGB1BP2","X",25.3113987651236,2.02122427750319,0.522272647309374,3.87005578009122,0.00010881045438271,0.0145397218215482,"UP",71301750,71305371,"+",46.36,1280,1044,"integrin subunit beta 1 binding protein 2"
"SNORA35B","X",190.722382299167,1.23693908667244,0.362828691796778,3.40915455320512,0.000651645501065397,0.0343370328731322,"UP",115126316,115126444,"-",43.41,129,NA,"small nucleolar RNA, H/ACA box 35B"
"SNORA11","X",188.069394826174,1.08765088812424,0.282270012816126,3.85322860644339,0.000116570458780962,0.0150017528665195,"UP",54814370,54814497,"+",53.91,128,NA,"small nucleolar RNA, H/ACA box 11"
"GLUD2","X",253.868900703935,-0.589785918594561,0.181754777836275,-3.24495413884437,0.00117469540622621,0.0468059029571453,"DOWN",121047610,121050094,"+",47.81,2485,1677,"glutamate dehydrogenase 2"
"RAP2C","X",809.981132616258,-0.620396741148563,0.143339315345593,-4.32816872086196,1.50354273321317e-05,0.0049963315185462,"DOWN",132203024,132219480,"-",37.77,3341,354,"RAP2C, member of RAS oncogene family"
"MTM1","X",1281.87171324526,-0.716517805485628,0.168246703843118,-4.25873309324232,2.0558876903925e-05,0.00591948805712297,"DOWN",150568417,150673143,"+",39.78,3416,1812,"myotubularin 1"
"CA5B","X",619.606354801863,-0.725687791647909,0.16485146454769,-4.40207063758281,1.07222633701428e-05,0.00433091704331014,"DOWN",15688830,15788411,"+",41.7,488,230,"carbonic anhydrase 5B"
"MMGT1","X",1193.1186880639,-0.765041547322348,0.22962022156276,-3.33176904941382,0.000862958390552427,0.0401153722622447,"DOWN",135960588,135974029,"-",38.96,5145,396,"membrane magnesium transporter 1"
"GDPD2","X",426.877032731694,-0.897053287621747,0.253683274605202,-3.53611521696808,0.000406057555479097,0.0283023286363615,"DOWN",70423031,70433390,"+",51.44,2438,1773,"glycerophosphodiester phosphodiesterase domain containing 2"
"MAOA","X",2435.30898217171,-1.03113520985477,0.306120653473701,-3.36839477556961,0.000756072512343753,0.0373191220072367,"DOWN",43654907,43746817,"+",40.27,5431,1185,"monoamine oxidase A"
"MAGT1","X",1333.29879113075,-1.05626108945211,0.284820263128032,-3.70851805925516,0.000208475794158652,0.0200884285160206,"DOWN",77825747,77899271,"-",40.92,4506,1008,"magnesium transporter 1"
"NXT2","X",176.542102747669,-1.16864595429258,0.260729512535954,-4.48221585245906,7.38719675873637e-06,0.00350326942758427,"DOWN",109535781,109544698,"+",37.39,2692,594,"nuclear transport factor 2 like export factor 2"
"CYBB","X",1282.47939843829,-1.19053962870856,0.345674075905448,-3.44411025209253,0.000572942016847023,0.0332306369771273,"DOWN",37780018,37813461,"+",37.33,4171,345,"cytochrome b-245 beta chain"
"IL13RA1","X",1265.93366353542,-1.25566324767831,0.283869185345277,-4.42338694195008,9.71654892560837e-06,0.00433091704331014,"DOWN",118727133,118794535,"+",40.57,4189,1278,"interleukin 13 receptor subunit alpha 1"
"CFAP47","X",400.421515319205,-1.80288819540655,0.479711060747789,-3.75827939550977,0.000171085783562323,0.0179073354849434,"DOWN",35919734,36385317,"+",35.12,3608,2931,"cilia and flagella associated protein 47"
"MT-TC","MT",2202.85048961145,-1.67579623512272,0.496414836309168,-3.37579804741982,0.000736019235970565,0.0365764819831274,"DOWN",5761,5826,"-",45.45,66,NA,"mitochondrially encoded tRNA-Cys (UGU/C)"
"MT-TY","MT",1427.3305765336,-2.00811244614595,0.532513010967692,-3.7710110453391,0.000162587475613386,0.0177132463296638,"DOWN",5826,5891,"-",42.42,66,NA,"mitochondrially encoded tRNA-Tyr (UAU/C)"
"C11orf94",NA,30.2137535840328,1.58164320655904,0.431650095671945,3.66417897833872,0.00024813323611424,0.0220943558426075,"UP",NA,NA,NA,NA,NA,NA,NA
"ENSG00000224888",NA,113.04062999996,1.18846817839468,0.364410091654946,3.26134815036906,0.00110883804762429,0.0456094507140155,"UP",NA,NA,NA,NA,NA,NA,NA
"GPR179","HSCHR17_7_CTG4",978.149895112793,1.16378594304219,0.303081174538103,3.83984899364273,0.000123110010188266,0.0153481376619247,"UP",2360558,2378758,"-",54.79,7980,7104,"G protein-coupled receptor 179"
"ZDHHC8P1",NA,387.449598670474,0.752513772227217,0.224993696010806,3.34459936242424,0.000824015073577102,0.0389827822327916,"UP",NA,NA,NA,NA,NA,NA,NA
"METTL7A",NA,3779.29700400186,-0.838507895227737,0.208251584779953,-4.02641783549324,5.66330160984025e-05,0.00983055462632997,"DOWN",NA,NA,NA,NA,NA,NA,NA
"HHLA3",NA,260.157378529108,-0.948044630250403,0.267469296123182,-3.5444989162935,0.0003933601217456,0.0277571484374661,"DOWN",NA,NA,NA,NA,NA,NA,NA
