"","Chr","baseMean","logFC","lfcSE","stat","P.Value","adj.P.Val","DifExpressed","start_position","end_position","strand","percentage_gene_gc_content","transcript_length","cds_length","Description"
"ENSG00000228153","1",29.8290743267117,2.10936467814605,0.556524159519958,3.79024817173352,0.000150496844710086,0.0133330281544254,"UP",204663872,204664613,"+",52.7,445,NA,"novel transcript"
"C1QTNF12","1",24.0089637714998,2.05159872547998,0.630514865899363,3.25384671549907,0.00113853695520948,0.0389133603928252,"UP",1242446,1246722,"-",69.35,682,NA,"C1q and TNF related 12"
"PDCL3P6","1",38.9080324206493,1.58642929747464,0.435266069104625,3.6447345889792,0.000267667888272199,0.0180535037118525,"UP",52179848,52180553,"+",44.76,706,NA,"PDCL3 pseudogene 6"
"GPR153","1",581.834451468947,1.51323299271839,0.329481178504872,4.59277522189635,4.37390101038012e-06,0.00179300287859413,"UP",6247353,6261098,"-",60.53,4198,1830,"G protein-coupled receptor 153"
"KAZN-AS1","1",122.605588437682,1.39698469965159,0.381841927878073,3.65854191920397,0.000253654256430113,0.0175609757164329,"UP",14338825,14419973,"-",42.04,1299,NA,"KAZN antisense RNA 1"
"ECE1-AS1","1",43.1305064408892,1.35822350550767,0.4303132676211,3.15635981436579,0.00159751657965304,0.0463279808099381,"UP",21293290,21299874,"+",51.31,2479,NA,"ECE1 antisense RNA 1"
"ENSG00000236390","1",50.8708759070886,1.34244708173973,0.398123764770223,3.37193405802974,0.00074642317497871,0.0317779581079817,"UP",201673105,201674144,"-",49.52,579,NA,"novel transcript"
"GRIK3","1",2117.00714850676,1.23631763619349,0.332455281410177,3.71874867184964,0.000200212132565133,0.0156709729392243,"UP",36795527,37034515,"-",49.63,9491,2760,"glutamate ionotropic receptor kainate type subunit 3"
"HS6ST1P1","1",605.758418800191,1.21838325300701,0.214768126290968,5.67301710010891,1.40304218314114e-08,0.00015875869533377,"UP",21428303,21429536,"+",67.1,1234,NA,"heparan sulfate 6-O-sulfotransferase 1 pseudogene 1"
"ENSG00000272906","1",35.9332048957707,1.17471876818799,0.338036905723715,3.47511987092945,0.000510625119952679,0.0259279648040477,"UP",179881607,179882703,"-",55.33,1097,NA,"novel transcript, antisense to TOR1AIP1"
"CNKSR1","1",148.957019328137,1.1472814510487,0.362310268008857,3.16657172691738,0.00154247301059837,0.0456066653231446,"UP",26177484,26189884,"+",55.16,865,192,"connector enhancer of kinase suppressor of Ras 1"
"TAS1R3","1",137.40818356281,1.13451405625236,0.358843354297894,3.16158580802515,0.00156912579844757,0.0458522929723255,"UP",1331280,1335314,"+",66.64,3475,2559,"taste 1 receptor member 3"
"HIVEP3","1",3431.11141514746,1.03510222967639,0.229177925277686,4.51658783638168,6.2844056194409e-06,0.00223521521046761,"UP",41506365,42035925,"-",46.45,12216,7218,"HIVEP zinc finger 3"
"GJA4","1",248.297801857634,1.02134299423303,0.326350636980963,3.12958786807149,0.00175051709958704,0.0484971438380437,"UP",34792999,34795747,"+",59.33,1621,1002,"gap junction protein alpha 4"
"ENSG00000289610","1",56.7320629852536,1.01225924111251,0.310867886634365,3.25623612033976,0.00112899819798474,0.0389034835948176,"UP",2585590,2586283,"+",64.55,694,NA,"novel transcript"
"ENSG00000280222","1",347.097515702986,1.00962216475265,0.323026547122028,3.12550833282211,0.00177498041163961,0.0490064797213648,"UP",18109389,18115861,"+",54.4,6473,NA,"TEC"
"ENSG00000231606","1",81.4494745848675,0.955856035360716,0.280543757496077,3.40715489053105,0.000656438637064331,0.0292926658229482,"UP",14221887,14304445,"-",42.3,1239,NA,"novel transcript"
"ENSG00000288398","1",521.870252007102,0.947836196613658,0.228447031169608,4.14904142882008,3.33870389947383e-05,0.00593749209652016,"UP",16228674,16231335,"-",56.35,2662,NA,"novel transcript"
"PDE4B-AS1","1",88.5565766625868,0.915560205813641,0.25005207325041,3.66147816297756,0.000250764238329629,0.0174783396779263,"UP",66042500,66050718,"-",35.38,456,NA,"PDE4B antisense RNA 1"
"ENSG00000289612","1",84.4557188078178,0.915332749752734,0.293610995263943,3.11750160762845,0.00182390951989935,0.0495457784307664,"UP",107140235,107140802,"+",52.82,568,NA,"novel transcript, sense intronic to NTNG1"
"FAM43B","1",607.34895463848,0.878532393640824,0.256945543042636,3.41913848061978,0.000628197470505489,0.028346238846354,"UP",20552573,20555020,"+",67.65,2448,990,"family with sequence similarity 43 member B"
"SEMA6C","1",810.895644959543,0.853180617994748,0.201162248817755,4.24125611544388,2.22272324811631e-05,0.004594767904183,"UP",151131685,151146631,"-",57.43,3817,2889,"semaphorin 6C"
"KIF21B","1",8651.96447304783,0.851510157832245,0.241296698701877,3.52889269688803,0.000417302298202335,0.0230430899185426,"UP",200969390,201023714,"-",55.01,9897,4875,"kinesin family member 21B"
"FAM131C","1",343.529305286331,0.827836801194337,0.212939319513458,3.88766528927513,0.000101213063214316,0.0105061765961435,"UP",16057769,16073651,"-",57.98,1720,843,"family with sequence similarity 131 member C"
"LINC02918","1",135.65712634404,0.808402121076343,0.228696497761197,3.53482510222115,0.000408045142329016,0.0228448606767814,"UP",43937896,43946659,"-",49.24,2224,NA,"long intergenic non-protein coding RNA 2918"
"C2CD4D","1",322.990142242002,0.806570396166865,0.24222986970871,3.32977265411898,0.000869169202097029,0.0346321685698826,"UP",151837818,151840557,"-",66.28,1560,1062,"C2 calcium dependent domain containing 4D"
"CPLANE2","1",268.605324156014,0.806273710772993,0.172501077765271,4.6740212943488,2.95358687535013e-06,0.00151990323760039,"UP",16231692,16237183,"-",54.1,1574,777,"ciliogenesis and planar polarity effector complex subunit 2"
"DENND4B","1",3381.90730157359,0.782046504107413,0.191681130070485,4.079934753201,4.50483434017769e-05,0.00668265413987124,"UP",153929501,153946718,"-",56.5,2530,NA,"DENN domain containing 4B"
"MAP3K6","1",711.628650130649,0.744297911616559,0.228531446386178,3.25687306226919,0.00112646795991893,0.0389034835948176,"UP",27355184,27366961,"-",60.83,444,248,"mitogen-activated protein kinase kinase kinase 6"
"EFHD2","1",5007.19765838669,0.715147187125422,0.222131015308426,3.21948371834725,0.00128421653302108,0.0416908539320174,"UP",15409888,15430339,"+",56.77,2422,723,"EF-hand domain family member D2"
"ARHGEF10L","1",2948.03717648085,0.70416875621973,0.136653509351145,5.15295040400533,2.56419798343781e-07,0.000458740323831928,"UP",17539698,17697874,"+",54.39,4625,3840,"Rho guanine nucleotide exchange factor 10 like"
"DVL1","1",4399.90919063904,0.701156408997223,0.198512310703149,3.5320550474359,0.000412343509896775,0.0228533637522651,"UP",1335276,1349418,"-",66.32,2926,2013,"dishevelled segment polarity protein 1"
"RRAGC-DT","1",263.756328310316,0.679684828570658,0.186090327521434,3.65244576450311,0.000259754469200056,0.0176966315810369,"UP",38859886,38965038,"+",44.66,630,NA,"RRAGC divergent transcript"
"SKI","1",10951.4274850095,0.671355706824052,0.187139493404653,3.58746138834723,0.000333913160491711,0.0204456296193735,"UP",2227388,2310213,"+",57.89,448,NA,"SKI proto-oncogene"
"PLEKHA6","1",6905.50690450157,0.577297642719072,0.174286150771891,3.31235522823984,0.000925139941193055,0.0358580682975885,"UP",204218853,204378214,"-",48.98,7476,3147,"pleckstrin homology domain containing A6"
"FAAP20","1",1062.79334616097,0.564204170467818,0.165914333760317,3.40057521059559,0.000672442345668205,0.0298416340776719,"UP",2184461,2212720,"-",60.96,1413,570,"FA core complex associated protein 20"
"MIB2","1",3153.11387518941,0.562513556347862,0.180306256865058,3.11976725671173,0.00180993987546653,0.0494076815214825,"UP",1615454,1630605,"+",66.39,4247,NA,"MIB E3 ubiquitin protein ligase 2"
"PLXNA2","1",8731.81788265753,0.526484698688262,0.139964000756066,3.76157223174719,0.000168848643994782,0.0142188784644458,"UP",208022242,208244384,"-",47.99,11508,5685,"plexin A2"
"EGLN1","1",3795.85148585209,0.507164711254621,0.154160016648673,3.2898589548705,0.00100237614179026,0.037435526863645,"UP",231363751,231422287,"-",39.6,3108,342,"egl-9 family hypoxia inducible factor 1"
"TMEM240","1",519.291797832238,0.481131427601124,0.112790343861414,4.26571469799126,1.992632859319e-05,0.00427453166039154,"UP",1534778,1540624,"-",66.8,1381,522,"transmembrane protein 240"
"ZBTB17","1",2020.83673183148,0.468979852701708,0.114732854824627,4.08758113287218,4.35894255858643e-05,0.0066305273410045,"UP",15941869,15976132,"-",51.22,776,NA,"zinc finger and BTB domain containing 17"
"PIK3CD","1",1373.75248706216,0.417298746241424,0.118038545513012,3.53527523088146,0.000407350631581637,0.0228448606767814,"UP",9629889,9729114,"+",51.08,525,NA,"phosphatidylinositol-4,5-bisphosphate 3-kinase catalytic subunit delta"
"SLC30A7","1",949.239535638625,-0.33326612179346,0.101395390237486,-3.28679756557858,0.00101333650274489,0.0374748572712353,"DOWN",100896076,100996260,"+",36.07,7898,1131,"solute carrier family 30 member 7"
"ZMYM6","1",622.233128021592,-0.356493705408816,0.11225844495771,-3.17565155604208,0.00149500405710662,0.045081686220397,"DOWN",34986165,35031945,"-",38.78,6241,NA,"zinc finger MYM-type containing 6"
"CLCC1","1",2508.33900986323,-0.387485443163082,0.121608495992503,-3.18633529672934,0.00144087502237939,0.0439320072014925,"DOWN",108881885,108963527,"-",39.62,2332,1656,"chloride channel CLIC like 1"
"MTF2","1",925.707760502836,-0.396434869077158,0.12664681664985,-3.13023950829505,0.00174663831613759,0.0484451769657153,"DOWN",93079235,93139079,"+",37.37,3845,1476,"metal response element binding transcription factor 2"
"EFCAB7","1",611.26769010564,-0.429368718669729,0.135403444497519,-3.17103246718068,0.00151898164839333,0.0451868592192863,"DOWN",63523372,63572693,"+",35.15,625,NA,"EF-hand calcium binding domain 7"
"ST7L","1",646.449028671476,-0.438479676066653,0.114574164415046,-3.82703795663966,0.000129694522058769,0.0120645835019746,"DOWN",112523514,112620825,"-",39.05,4348,1668,"suppression of tumorigenicity 7 like"
"ZBTB41","1",3240.81215936907,-0.485848824040779,0.145576174501213,-3.33741991576191,0.00084560086645199,0.0339692939812197,"DOWN",197153682,197201293,"-",33.74,8595,2730,"zinc finger and BTB domain containing 41"
"KLHL20","1",891.959354076665,-0.48740980675599,0.140896338603087,-3.45935041029739,0.000541479957965991,0.0265105956748289,"DOWN",173714941,173786692,"+",38.33,450,NA,"kelch like family member 20"
"DUSP12","1",217.053725818015,-0.503682501040023,0.143209383632186,-3.51710543167803,0.000436280451928411,0.0237781367469396,"DOWN",161749758,161757238,"+",39.87,1252,414,"dual specificity phosphatase 12"
"ZNF678","1",749.300936810312,-0.507858632139255,0.161086300881722,-3.15271149290436,0.00161761594990374,0.0466312984080714,"DOWN",227563543,227677443,"+",40.32,8543,1578,"zinc finger protein 678"
"IPP","1",539.179547622511,-0.508253028649715,0.148207727477981,-3.42932880288057,0.000605076019831236,0.0280424041354813,"DOWN",45694324,45750653,"-",42.35,1947,1749,"intracisternal A particle-promoted polypeptide"
"LBR","1",973.062114554522,-0.537970030051898,0.163879119867983,-3.2827246722174,0.00102809024164061,0.0374850850494741,"DOWN",225401502,225428925,"-",41.69,3748,1848,"lamin B receptor"
"PEA15","1",27658.7481976121,-0.562762365881602,0.177639367442712,-3.16800478397949,0.00153488994750001,0.0454936866056805,"DOWN",160205380,160215376,"+",51.75,1021,327,"proliferation and apoptosis adaptor protein 15"
"DAP3","1",1466.34706015187,-0.563371072896641,0.130891413991077,-4.3041102217373,1.67658183420858e-05,0.00389902002328545,"DOWN",155687960,155739010,"+",44.89,732,NA,"death associated protein 3"
"BCL10","1",376.310804348372,-0.571665480361284,0.162255461285398,-3.52324338319656,0.000426299694953268,0.0233797832701582,"DOWN",85265776,85276632,"-",39.27,2833,702,"BCL10 immune signaling adaptor"
"ZMPSTE24-DT","1",277.779961171984,-0.57178786788649,0.178283094493441,-3.20719061732197,0.00134038148773407,0.0427120772889804,"DOWN",40256333,40257994,"-",40.25,1662,NA,"ZMPSTE24 divergent transcript"
"SSR2","1",899.651909921956,-0.587697798627196,0.179578338979812,-3.27265416289023,0.00106542752653086,0.0379740759665294,"DOWN",156009048,156020951,"-",46.99,1108,552,"signal sequence receptor subunit 2"
"DRAM2","1",397.093598452391,-0.595417200216746,0.166630202436354,-3.57328498382021,0.000352530730281469,0.020988351687149,"DOWN",111117163,111140203,"-",37.87,2098,801,"DNA damage regulated autophagy modulator 2"
"SFT2D2","1",3684.59839948659,-0.598594124479395,0.16608220114483,-3.60420394451179,0.000313111127362942,0.0200126557477471,"DOWN",168225938,168253021,"+",43.38,666,NA,"SFT2 domain containing 2"
"TMEM50A","1",1294.97791513988,-0.599503616968512,0.151590852650141,-3.95474797118608,7.6615372325098e-05,0.00911259803014244,"DOWN",25338317,25362361,"+",41.71,776,NA,"transmembrane protein 50A"
"SUCO","1",2125.01061592581,-0.599649702191077,0.163698527043174,-3.66313437892404,0.000249147748245806,0.0174158596505002,"DOWN",172532349,172611833,"+",36.42,5916,4218,"SUN domain containing ossification factor"
"ATF6","1",3037.25089427164,-0.607141246011174,0.130430453124252,-4.65490406165185,3.24131596997651e-06,0.0015998871030582,"DOWN",161766298,161977574,"+",37.99,3111,2070,"activating transcription factor 6"
"ZMYM1","1",360.315101830248,-0.614000295343771,0.128725921768167,-4.76982636371851,1.84384785226114e-06,0.00128762631500425,"DOWN",35032172,35118818,"+",41.81,7802,3429,"zinc finger MYM-type containing 1"
"PSMB4","1",1572.26808613938,-0.623563420595542,0.189264827140236,-3.29466087290224,0.000985405224404914,0.0370665570839081,"DOWN",151399560,151401937,"+",49.12,986,NA,"proteasome 20S subunit beta 4"
"SIKE1","1",1099.51772027354,-0.629337033695438,0.159205292609928,-3.95299065362977,7.71804529099787e-05,0.00911259803014244,"DOWN",114769479,114780685,"-",36.9,5494,624,"suppressor of IKBKE 1"
"RO60","1",5374.47984268846,-0.643903983874191,0.200007132867958,-3.21940510141349,0.00128456871213521,0.0416908539320174,"DOWN",193059454,193091777,"+",35.95,8291,1617,"Ro60, Y RNA binding protein"
"SEC22B","1",1346.16333746577,-0.655913535744856,0.160950804556253,-4.07524235466379,4.59664497220545e-05,0.00669725634323861,"DOWN",120150898,120176520,"-",36.14,6927,648,"SEC22 homolog B, vesicle trafficking protein"
"ALG6","1",152.590522345279,-0.66918900492434,0.162697438823972,-4.11308874780972,3.90400213881911e-05,0.00621198656114994,"DOWN",63367575,63438553,"+",37.94,1841,585,"ALG6 alpha-1,3-glucosyltransferase"
"GCLM","1",1085.86034897467,-0.684195486219114,0.207004782723566,-3.30521583712772,0.000949032849644967,0.0364917464252992,"DOWN",93885199,93909456,"-",36.37,4883,825,"glutamate-cysteine ligase modifier subunit"
"LEPROT","1",1210.40569281661,-0.685940082240908,0.186315418193102,-3.68160664798006,0.000231768802014128,0.016778944215312,"DOWN",65420587,65436007,"+",40.78,492,222,"leptin receptor overlapping transcript"
"LEPR","1",747.85185891184,-0.691482990991853,0.205818781527865,-3.35966905380905,0.000780358911336307,0.0324573822768541,"DOWN",65420652,65641559,"+",37.78,3079,2877,"leptin receptor"
"RPS8","1",6300.02587401432,-0.701079775034414,0.211584914618581,-3.31346767466023,0.00092146757985845,0.0357730576026589,"DOWN",44775251,44778779,"+",55.11,694,NA,"ribosomal protein S8"
"CAPZA1","1",1704.62795673616,-0.773874653496138,0.196339708506881,-3.94150861983691,8.09707246181724e-05,0.00924081931917809,"DOWN",112619805,112671616,"+",40.14,739,NA,"capping actin protein of muscle Z-line subunit alpha 1"
"HMGN2","1",3144.90872402612,-0.83065583109517,0.245006507072945,-3.39034191793062,0.00069805500742087,0.0304034749770644,"DOWN",26472440,26478209,"+",46.05,1940,273,"high mobility group nucleosomal binding domain 2"
"SELENOF","1",1356.86750865529,-0.906255151228074,0.232554468030325,-3.89695867339732,9.74082331516548e-05,0.0102705485221552,"DOWN",86862445,86914424,"-",37.87,1542,498,"selenoprotein F"
"H2AC20","1",1568.79799911106,-0.910619625277828,0.286497464907291,-3.17845613598187,0.00148061619257947,0.0447068454853023,"DOWN",149886918,149887411,"+",58.3,494,390,"H2A clustered histone 20"
"SRP9","1",2601.08561398466,-0.961731973689266,0.231213227734515,-4.15950239141833,3.18941681837632e-05,0.00575665934098878,"DOWN",225777813,225790468,"+",40.6,377,249,"signal recognition particle 9"
"ADORA3","1",142.290243520377,-1.09543080650225,0.298589563040114,-3.66868418088371,0.000243802025739416,0.0171098781323925,"DOWN",111499429,111503633,"-",39.38,1757,957,"adenosine A3 receptor"
"ENSG00000232057","2",193.061097492967,1.94998893025688,0.511095543702119,3.8153119397836,0.000136011007121258,0.0125078411339724,"UP",1824412,1834145,"+",53.74,3403,NA,"novel transcript"
"ENSG00000289191","2",22.8665923529795,1.33170930165364,0.396267405813082,3.36063295168365,0.000777640936615888,0.0324573822768541,"UP",8281458,8282797,"-",50.82,1340,NA,"novel transcript"
"KCNK3","2",337.834891429842,1.06006451869279,0.280099475978783,3.78460014960215,0.000153955902357466,0.0134912226609336,"UP",26692722,26733420,"+",53.75,6191,1185,"potassium two pore domain channel subfamily K member 3"
"ERFE","2",105.375855604143,1.0182629823812,0.297150669118628,3.42675648485478,0.000610836588254255,0.0280579485346823,"UP",238158970,238168900,"+",61.86,2939,1065,"erythroferrone"
"NUDCP1","2",439.142596829971,0.973948256423505,0.267446874503593,3.64165129329421,0.000270894848012497,0.0181492044155962,"UP",152389937,152390630,"+",52.88,694,NA,"nuclear distribution C pseudogene 1"
"FBXO41","2",9637.86027419912,0.945449535045448,0.24723946740109,3.82402350637518,0.000131291389530313,0.012166335429809,"UP",73254682,73284478,"-",52.59,6928,2628,"F-box protein 41"
"KCNIP3","2",1246.87265393514,0.876338760548429,0.256287983865472,3.41935172820443,0.0006277053127706,0.028346238846354,"UP",95297327,95386077,"+",53.69,565,NA,"potassium voltage-gated channel interacting protein 3"
"SH3RF3-AS1","2",242.079352826736,0.825776211325461,0.230916258586547,3.57608518508004,0.000348778042439479,0.0209095106775959,"UP",109125905,109128930,"-",53.01,1604,NA,"SH3RF3 antisense RNA 1"
"HS6ST1","2",2793.99678167444,0.695167594517758,0.217572636292008,3.19510581093828,0.00139779583616657,0.0434632182135358,"UP",128236716,128318868,"-",53.2,559,NA,"heparan sulfate 6-O-sulfotransferase 1"
"SH3RF3","2",1815.52756217513,0.685787075495335,0.191440762905466,3.5822416557856,0.000340658442708443,0.0207535644719053,"UP",109129205,109504634,"+",48.61,5948,2649,"SH3 domain containing ring finger 3"
"HDAC4","2",5238.3866899466,0.631446719079339,0.182947756029854,3.45151387905681,0.000557451085433377,0.0268978100763773,"UP",239048168,239401654,"-",51.33,8976,3255,"histone deacetylase 4"
"RAB11FIP5","2",4068.35664814878,0.50645042171584,0.158450647721228,3.19626602351837,0.00139218688665438,0.0434326316842603,"UP",73073382,73156721,"-",48.58,6285,3975,"RAB11 family interacting protein 5"
"ZNF513","2",532.077517846728,0.469883553028866,0.143721794758133,3.2693966410566,0.00107777104811482,0.0380888978254215,"UP",27377235,27380790,"-",57.85,2077,1440,"zinc finger protein 513"
"ANKAR","2",521.465626913513,-0.345132281631314,0.0890619364796724,-3.87519399727051,0.000106539787142398,0.0106919970615189,"DOWN",189674290,189761193,"+",37.84,3734,2406,"ankyrin and armadillo repeat containing"
"PLEKHA3","2",1440.8588163613,-0.392515208009655,0.106163481019048,-3.69727145570171,0.000217929268240791,0.0165630840064514,"DOWN",178480457,178516463,"+",37.26,13892,903,"pleckstrin homology domain containing A3"
"WDSUB1","2",299.270792239167,-0.395049158232678,0.125883880937929,-3.1382028841919,0.00169987172870355,0.047996252403002,"DOWN",159235798,159286703,"-",39.04,1535,1155,"WD repeat, sterile alpha motif and U-box domain containing 1"
"CNOT9","2",1046.78069616228,-0.405219048057053,0.107164524462573,-3.78127976668786,0.000156024214302939,0.0135269279179774,"DOWN",218568580,218597080,"+",41.17,1621,996,"CCR4-NOT transcription complex subunit 9"
"MARCHF7","2",2971.34243499161,-0.430556753010479,0.132865195303607,-3.24055334451302,0.00119297948638922,0.0401299052264389,"DOWN",159712457,159771027,"+",38.09,3303,1908,"membrane associated ring-CH-type finger 7"
"CLIP4","2",4087.33360241947,-0.435489156278625,0.121616224506517,-3.58084752298233,0.00034248148489528,0.0208122040042142,"DOWN",29097705,29199777,"+",38.65,2322,1800,"CAP-Gly domain containing linker protein family member 4"
"OSGEPL1","2",294.08558666383,-0.495666895488333,0.145369884784438,-3.40969449224874,0.00065035687415708,0.0291828040043843,"DOWN",189746660,189763227,"-",39.12,1910,1245,"O-sialoglycoprotein endopeptidase like 1"
"PTCD3","2",3166.39261610387,-0.50514955185339,0.123343853882921,-4.09545782745592,4.21334922903727e-05,0.00644962433249971,"DOWN",86106223,86142157,"+",41.2,522,237,"pentatricopeptide repeat domain 3"
"PAPOLG","2",1178.70330973792,-0.55786085779269,0.173628944514799,-3.21294850551339,0.00131379842539152,0.0421426110298665,"DOWN",60756253,60802086,"+",39.59,7348,2211,"poly(A) polymerase gamma"
"CRIPT","2",1160.41848702609,-0.565732403819969,0.156174732094885,-3.62243236297825,0.000291845785133314,0.0188970711837065,"DOWN",46616416,46685037,"+",41.68,1724,NA,"CXXC repeat containing interactor of PDZ3 domain"
"ATF2","2",2958.39953750926,-0.607504376086082,0.176807279374952,-3.43596925552912,0.000590437971478232,0.0276750635235901,"DOWN",175072250,175168382,"-",36.05,4164,1518,"activating transcription factor 2"
"FEZ2","2",2751.24200197984,-0.610932770328002,0.187589760560838,-3.25674902778006,0.00112696027282684,0.0389034835948176,"DOWN",36531805,36646087,"-",40.54,430,NA,"fasciculation and elongation protein zeta 2"
"IDH1","2",872.501591440813,-0.631762015294488,0.189791306464695,-3.32871946066723,0.000872462375526788,0.0346492200566353,"DOWN",208236229,208266074,"-",41.27,2318,1245,"isocitrate dehydrogenase (NADP(+)) 1"
"FBXO48","2",130.466085501083,-0.63546969885775,0.190560139229006,-3.33474619313788,0.000853772865929629,0.0341311579097091,"DOWN",68459422,68467294,"-",40.06,5699,468,"F-box protein 48"
"ORMDL1","2",606.059751323377,-0.654439389978133,0.179094190245799,-3.65416314778242,0.000258022168339356,0.0176785387066733,"DOWN",189766012,189784364,"-",37.31,1987,477,"ORMDL sphingolipid biosynthesis regulator 1"
"ID2-AS1","2",526.179781317367,-0.703105280221003,0.223352143849642,-3.14796745669174,0.00164409996076402,0.0469955917639402,"DOWN",8666636,8681898,"-",48.52,953,NA,"ID2 antisense RNA 1"
"LAPTM4A","2",1394.24098964547,-0.712441816291192,0.198433319699457,-3.59033360612139,0.000330255002052472,0.0203849949099352,"DOWN",20032650,20051628,"-",41.26,1365,702,"lysosomal protein transmembrane 4 alpha"
"ODC1","2",1324.83917680333,-0.720080453798109,0.194890434537214,-3.69479628647762,0.000220063149986887,0.0165630840064514,"DOWN",10439968,10448327,"-",45.53,2358,132,"ornithine decarboxylase 1"
"FBXO36","2",358.097825692107,-0.784335389454228,0.238052732397915,-3.29479683578334,0.000984928600968547,0.0370665570839081,"DOWN",229922302,230013119,"+",43.78,3120,474,"F-box protein 36"
"SLC40A1","2",600.00866221231,-0.79525025800815,0.242679841582719,-3.27695227103189,0.00104934106023992,0.0378153395653945,"DOWN",189560590,189583758,"-",38.25,3330,1716,"solute carrier family 40 member 1"
"MMADHC","2",649.790592386547,-0.795920555289715,0.232493484524191,-3.42341015241182,0.000618406913385373,0.0282203577493182,"DOWN",149569637,149587778,"-",35.1,1392,891,"metabolism of cobalamin associated D"
"C1D","2",261.495265956196,-0.808635149153535,0.223021975041681,-3.62580929077687,0.000288057891220243,0.0188099874849127,"DOWN",68041130,68110948,"-",38.27,2233,426,"C1D nuclear receptor corepressor"
"HADHB","2",3495.43480978699,-0.845410593621844,0.222805381049483,-3.79439037620948,0.000148006655032312,0.013304064138669,"DOWN",26243170,26290465,"+",41.22,557,449,"hydroxyacyl-CoA dehydrogenase trifunctional multienzyme complex subunit beta"
"SULT1C4","2",625.828222529308,-0.852908194769693,0.273798292369314,-3.1150968378548,0.00183884530134347,0.0495722423478499,"DOWN",108377911,108388989,"+",40.65,1757,NA,"sulfotransferase family 1C member 4"
"ENSG00000288048","2",110.6635656382,-0.882081048740402,0.273095324010064,-3.2299383079437,0.00123816931967039,0.0411312308059704,"DOWN",172234230,172237223,"+",47.73,2108,NA,"novel transcript"
"ARHGAP15","2",152.183339082399,-0.931713091222718,0.245983672897504,-3.78770298145334,0.000152046457342158,0.0134211518878738,"DOWN",143091362,143768352,"+",36.48,2968,417,"Rho GTPase activating protein 15"
"CYBRD1","2",2878.96018599958,-0.937279785128968,0.300848558039173,-3.11545380585446,0.00183662112943794,0.0495722423478499,"DOWN",171522247,171558129,"+",41.27,1493,687,"cytochrome b reductase 1"
"C2orf76","2",131.453347631525,-0.962816562555513,0.250874366909115,-3.83784351672849,0.000124119533083014,0.0119005648146978,"DOWN",119302225,119366834,"-",39.21,1150,381,"chromosome 2 open reading frame 76"
"RBM43","2",301.331490041914,-0.99927105785302,0.295553218718607,-3.38101903334172,0.00072217540274483,0.0309690324304724,"DOWN",151247940,151261863,"-",42.67,4176,1074,"RNA binding motif protein 43"
"ENSG00000227157","2",35.915152497804,-1.39242443003054,0.425015863959288,-3.27617048704781,0.00105225020786862,0.0378153395653945,"DOWN",104378996,104416783,"+",40.39,1926,NA,"novel transcript"
"TUBA4B","2",26.7558375269946,-3.06821529366987,0.943850999557616,-3.25074116053057,0.00115104600391236,0.0392101389445414,"DOWN",219253243,219272197,"+",49.64,1126,NA,"tubulin alpha 4b"
"COL6A4P2","3",37.6939046329616,2.25488679112032,0.625165849592137,3.60686175131195,0.000309922676515575,0.0198827317087684,"UP",130212823,130273327,"+",39.27,2753,NA,"collagen type VI alpha 4 pseudogene 2"
"SEMA3F","3",404.784725086326,1.41961777609738,0.40498314336825,3.50537497509254,0.000455964598754407,0.024277511980155,"UP",50155045,50189075,"+",57.74,936,793,"semaphorin 3F"
"COL7A1","3",807.937400567364,1.37179130032032,0.407532741712472,3.36608856151284,0.000762422261021213,0.0321818353468676,"UP",48564073,48595329,"-",60.15,651,NA,"collagen type VII alpha 1 chain"
"ENSG00000286962","3",21.5212966025421,1.28899978086749,0.394764494920142,3.26523736925288,0.00109372378978717,0.0385048087042104,"UP",10914196,10978368,"-",50.53,1527,NA,"novel transcript, antisense to SLC6A11"
"RN7SL4P","3",83159.3896537995,1.11831000905831,0.271326073571081,4.1216459381864,3.76175047419249e-05,0.00612182622690145,"UP",15738515,15738809,"+",58.64,295,NA,"RNA, 7SL, cytoplasmic 4, pseudogene"
"TNK2","3",8482.41365439773,1.07428036772826,0.237791999257115,4.51773134119068,6.25057207236692e-06,0.00223521521046761,"UP",195863364,195911945,"-",58.27,2850,1653,"tyrosine kinase non receptor 2"
"FGF12-AS2","3",63.084989118047,1.06928437046919,0.288873624806806,3.70156455503444,0.000214274123086558,0.0164521712411793,"UP",192515022,192516573,"+",52.64,580,NA,"FGF12 antisense RNA 2"
"CAMK2N2","3",1771.225529347,0.986218826758808,0.23556986797019,4.18652366389918,2.83259413721278e-05,0.00537609486295632,"UP",184259213,184261553,"-",69.03,1452,240,"calcium/calmodulin dependent protein kinase II inhibitor 2"
"GRIP2","3",552.08973558693,0.984730506282283,0.241115329064015,4.0840642944806,4.42547774841238e-05,0.00667416002332646,"UP",14489107,14556075,"-",52.35,7724,3132,"glutamate receptor interacting protein 2"
"MPRIPP1","3",173.147354121213,0.821118004465547,0.20204341004464,4.06406724319357,4.82249227316657e-05,0.00686098812463569,"UP",44579938,44581026,"-",59.78,1089,NA,"myosin phosphatase Rho interacting protein pseudogene 1"
"ADCY5","3",4995.83209605101,0.739026367201501,0.16594079972784,4.4535543303008,8.44603233522325e-06,0.00275588886804691,"UP",123282296,123449090,"-",51.17,6643,3948,"adenylate cyclase 5"
"CACNA2D2","3",920.466152304655,0.728432486061934,0.225677476234098,3.22775891603079,0.00124764075073138,0.0411720011652535,"UP",50362613,50504244,"-",56.51,5696,3432,"calcium voltage-gated channel auxiliary subunit alpha2delta 2"
"ZBTB47","3",4594.07305791907,0.605002887037738,0.187172275101212,3.2323317473733,0.00122784418874213,0.0410174579404934,"UP",42653697,42667580,"+",61.24,5494,2244,"zinc finger and BTB domain containing 47"
"PLXND1","3",4575.38876771085,0.575301505635958,0.167788046096553,3.4287395259666,0.00060639119171656,0.0280424041354813,"UP",129555214,129606676,"-",58.3,1633,NA,"plexin D1"
"PHC3","3",6527.44960798632,-0.30404810786339,0.085469800883387,-3.55737470686548,0.00037457966403219,0.0217424640072205,"DOWN",170086732,170181749,"-",37.75,913,485,"polyhomeotic homolog 3"
"MYNN","3",550.69992175056,-0.435271667647527,0.122947034240047,-3.54031856350179,0.000399644319176983,0.0225046364511929,"DOWN",169773396,169789716,"+",36.36,4969,1833,"myoneurin"
"CAPN7","3",1570.56692537224,-0.447720847142136,0.100648313859101,-4.44836907818352,8.65247623371619e-06,0.00275588886804691,"DOWN",15206152,15252916,"+",37.11,781,111,"calpain 7"
"SLC33A1","3",680.0968210305,-0.457429486713083,0.130117516216336,-3.51551044021277,0.000438909502459085,0.0237832629638902,"DOWN",155821024,155854456,"-",39.66,9266,1650,"solute carrier family 33 member 1"
"NEPRO","3",1262.43037130294,-0.472912349083047,0.146431858177414,-3.22957281952998,0.00123975304959697,0.0411312308059704,"DOWN",113002444,113019861,"-",39.06,4820,1704,"nucleolus and neural progenitor protein"
"CTNNB1","3",11320.3231105706,-0.487340107382976,0.151939502631002,-3.20746151556468,0.0013391197603905,0.0427120772889804,"DOWN",41194741,41260096,"+",39.9,3278,2346,"catenin beta 1"
"TMEM41A","3",451.41103377587,-0.507239854441167,0.15754616723071,-3.21962675041384,0.00128357602296107,0.0416908539320174,"DOWN",185476496,185499057,"-",44.99,541,300,"transmembrane protein 41A"
"IQCB1","3",816.875383291067,-0.508031726704707,0.14977320544324,-3.39200676917633,0.000693827260525442,0.0302904442654663,"DOWN",121769761,121835079,"-",36.52,2577,1797,"IQ motif containing B1"
"LRRC58","3",2961.71225510947,-0.524844776077473,0.156902619749824,-3.34503513653451,0.000822721470348475,0.0334011498368529,"DOWN",120324509,120349354,"-",38.96,7918,1116,"leucine rich repeat containing 58"
"MFSD1","3",813.775534827377,-0.533092471095359,0.165457946895707,-3.2219212258894,0.00127334138641567,0.0416901636965897,"DOWN",158732198,158829719,"+",40.83,566,350,"major facilitator superfamily domain containing 1"
"NR1D2","3",3596.61897559143,-0.534777730927044,0.161159483900598,-3.31831374724985,0.000905626972883366,0.0354779143501927,"DOWN",23945286,23980637,"+",40.67,5231,1740,"nuclear receptor subfamily 1 group D member 2"
"GLT8D1","3",923.381102875438,-0.536880503532659,0.133253563930047,-4.02901421694433,5.6011231322638e-05,0.0075035841812665,"DOWN",52694486,52706032,"-",44.5,1856,1116,"glycosyltransferase 8 domain containing 1"
"C3orf38","3",763.442977942584,-0.539724351280887,0.160461118620066,-3.36358337722191,0.000769375922666249,0.0323619583749668,"DOWN",88149959,88168729,"+",37.88,2414,990,"chromosome 3 open reading frame 38"
"DBR1","3",329.936555055343,-0.549136773841185,0.119266912010333,-4.604267559083,4.13920031597437e-06,0.00178769105075279,"DOWN",138160988,138174949,"-",39.42,2702,NA,"debranching RNA lariats 1"
"PLSCR4","3",2252.87046712637,-0.635055237981565,0.18389209750572,-3.45341233579552,0.000553542184960688,0.0268296017744673,"DOWN",146192335,146251179,"-",35.8,3233,990,"phospholipid scramblase 4"
"NMD3","3",1606.55444791987,-0.672433984604953,0.212533963814867,-3.16388953810081,0.00155675868628561,0.0457476841035041,"DOWN",161104696,161253532,"+",37.99,589,294,"NMD3 ribosome export adaptor"
"SLC35A5","3",1551.41188315803,-0.815674862270269,0.246055520500499,-3.31500329930055,0.000916420429968045,0.0357492653535599,"DOWN",112561709,112585579,"+",38.43,575,442,"solute carrier family 35 member A5"
"P2RY13","3",243.997989706529,-0.861947803459925,0.276508882983622,-3.1172517647868,0.00182545606280268,0.0495457784307664,"DOWN",151326312,151329549,"-",37.46,2765,1065,"purinergic receptor P2Y13"
"HIGD1A","3",995.538721174847,-0.884995712234638,0.24874503157346,-3.55784277031189,0.000373913005532536,0.0217424640072205,"DOWN",42782908,42804490,"-",42.28,2722,282,"HIG1 hypoxia inducible domain family member 1A"
"WDR49","3",1127.99191239136,-0.92494338524212,0.266200868110942,-3.47460694552146,0.000511602383752748,0.0259279648040477,"DOWN",167478684,167653983,"-",36.51,2594,2094,"WD repeat domain 49"
"BCHE","3",264.580722113305,-1.13387069609583,0.292503365963686,-3.8764364039373,0.000105997498325822,0.0106919970615189,"DOWN",165772904,165837462,"-",32.29,2405,1809,"butyrylcholinesterase"
"MASP1","3",1113.80932384449,-1.18539285403091,0.341225486082304,-3.47392824504612,0.000512898174471028,0.0259279648040477,"DOWN",187217282,187291980,"-",45.03,4994,2100,"MBL associated serine protease 1"
"HNRNPKP4","3",36.3343892251858,-1.19762989051439,0.280919745796933,-4.26324567223593,2.01478793221134e-05,0.00427453166039154,"DOWN",96349554,96350939,"+",45.96,1386,NA,"heterogeneous nuclear ribonucleoprotein K pseudogene 4"
"ABI3BP","3",990.524778808165,-1.28227455710636,0.311491287405633,-4.11656636622565,3.84558630823382e-05,0.00615955963251279,"DOWN",100749156,100993515,"-",37.02,6737,5382,"ABI family member 3 binding protein"
"ENSG00000287158","3",62.0727177657759,-1.43135837645111,0.44652118503529,-3.20557775178795,0.00134791625236309,0.0428789851868828,"DOWN",83953580,84051419,"+",34.36,1143,NA,"novel transcript"
"EFHB","3",203.635274389989,-1.75234904341536,0.455955361446592,-3.84324693069897,0.000121417193753447,0.0118411139037132,"DOWN",19879472,19947025,"-",40.39,2860,2502,"EF-hand domain family member B"
"PSAPL1","4",72.1520454163096,2.09451024196586,0.513718457201097,4.07715590632547,4.55899252906125e-05,0.00668265413987124,"UP",7430285,7434930,"-",60.55,4646,1566,"prosaposin like 1"
"DOK7","4",206.322142284989,1.68665001241835,0.511387994441395,3.29818069792726,0.000973134880311187,0.0369592527212805,"UP",3463306,3501473,"+",62.88,2566,1515,"docking protein 7"
"RN7SL589P","4",39.1355700414295,1.49648244600693,0.349815975647973,4.27791338927548,1.88653391267908e-05,0.00417104537116961,"UP",2316197,2316506,"-",52.26,310,NA,"RNA, 7SL, cytoplasmic 589, pseudogene"
"SLC49A3","4",105.569024598249,1.05806003149278,0.276153960808986,3.83141356507514,0.000127409134903877,0.0119331421686187,"UP",681829,689271,"-",65.31,1472,NA,"solute carrier family 49 member 3"
"PPP1R14BP3","4",90.8276712594657,0.982877592946031,0.297776881242762,3.30071827216413,0.000964376668731412,0.0367892967033721,"UP",139114930,139115374,"-",65.17,445,NA,"protein phosphatase 1 regulatory inhibitor subunit 14B pseudogene 3"
"TNIP2","4",916.885796149196,0.873237649261201,0.20787185741684,4.20084594476932,2.65919498344863e-05,0.0051824905330175,"UP",2741648,2756342,"-",53.99,2006,969,"TNFAIP3 interacting protein 2"
"C4orf50","4",4209.57704675306,0.814574012656256,0.257876146868092,3.15877999012031,0.00158431043222886,0.0460001586001046,"UP",5897373,6200555,"-",49.24,13296,2546,"chromosome 4 open reading frame 50"
"FRAS1","4",1579.98508045032,0.769659261484485,0.209737774480587,3.669626338844,0.00024290526672078,0.0171098781323925,"UP",78057323,78544269,"+",39.77,3329,2430,"Fraser extracellular matrix complex subunit 1"
"ING2-DT","4",141.961576622803,0.742051967401232,0.167849600039585,4.42093378373396,9.82752881219571e-06,0.00289958178348119,"UP",183462402,183505777,"-",43.37,757,NA,"ING2 divergent transcript"
"NAT8L","4",8794.14776183133,0.678836988110523,0.20226848236253,3.35611846285487,0.000790447027698227,0.0326241498496746,"UP",2059327,2069089,"+",66.53,6056,909,"N-acetyltransferase 8 like"
"KRT8P46","4",278.281477313587,0.615951930209773,0.191365583103397,3.21871843526307,0.0012876485523533,0.0416908539320174,"UP",102728746,102730171,"-",56.45,1426,NA,"keratin 8 pseudogene 46"
"ZFYVE28","4",2627.87967462796,0.57346009049403,0.169372745983726,3.38578728923207,0.000709743748962764,0.0306533255578811,"UP",2269582,2418651,"-",52.52,3828,579,"zinc finger FYVE-type containing 28"
"LETM1","4",4502.58850382418,0.33119477746598,0.0973165561177372,3.40327268738619,0.000665837915452712,0.029602859969006,"UP",1811479,1856156,"-",53.78,5371,2220,"leucine zipper and EF-hand containing transmembrane protein 1"
"LIAS","4",523.966777929855,-0.348841759392636,0.108076685854889,-3.22772443134511,0.00124779115414417,0.0411720011652535,"DOWN",39459004,39485109,"+",41.36,505,180,"lipoic acid synthetase"
"ZNF141","4",1519.83064281717,-0.400535650529855,0.0905738316916122,-4.42220057437348,9.77006939372977e-06,0.00289958178348119,"DOWN",337814,384868,"+",40.31,536,NA,"zinc finger protein 141"
"CASP3","4",667.283050779769,-0.440280425647263,0.131315486540127,-3.35284464344367,0.000799855895038242,0.0328443373130644,"DOWN",184627696,184650062,"-",41.13,2624,549,"caspase 3"
"DCUN1D4","4",2181.00429168837,-0.446143942663418,0.125224161891481,-3.56276245673775,0.000366972718416038,0.0214905621491775,"DOWN",51843000,51916837,"+",40.07,2293,141,"defective in cullin neddylation 1 domain containing 4"
"SMARCAD1","4",1611.62797491922,-0.45920849969935,0.127755997454481,-3.59441833533461,0.000325117098724497,0.0203711972791468,"DOWN",94207611,94291292,"+",36.02,5017,3087,"SWI/SNF-related, matrix-associated actin-dependent regulator of chromatin, subfamily a, containing DEAD/H box 1"
"SEPSECS","4",445.480990800971,-0.460813086866873,0.145321139914022,-3.17099829480769,0.00151916034906197,0.0451868592192863,"DOWN",25120014,25160550,"-",36.3,5503,1506,"Sep (O-phosphoserine) tRNA:Sec (selenocysteine) tRNA synthase"
"C4orf33","4",256.204684904982,-0.519277061290785,0.158740326744441,-3.27123593569754,0.00107078536258717,0.0380293902783161,"DOWN",129093317,129116640,"+",35.63,6170,600,"chromosome 4 open reading frame 33"
"CEP44","4",629.057912570277,-0.52159994096455,0.111280164745717,-4.68726787165027,2.76876465099348e-06,0.00148811870775396,"DOWN",174283730,174333380,"+",35.65,600,336,"centrosomal protein 44"
"SPCS3","4",2969.70009262737,-0.530312008844058,0.164268081658699,-3.22833263461305,0.00124514095751736,0.0411720011652535,"DOWN",176319966,176332245,"+",36.76,4569,543,"signal peptidase complex subunit 3"
"FAM47E","4",309.941489331152,-0.567530220378711,0.162037935511938,-3.50245279653602,0.000460995459532423,0.024277511980155,"DOWN",76214040,76283783,"+",41.26,1624,888,"family with sequence similarity 47 member E"
"MFSD8","4",693.299010930725,-0.590351177096394,0.181914387903602,-3.2452143225154,0.00117362256481769,0.0398109892744471,"DOWN",127917799,127966034,"-",39.23,4516,1557,"major facilitator superfamily domain containing 8"
"INTS12","4",372.629265306588,-0.597436881138293,0.161827573735101,-3.69181139745844,0.000222662560129296,0.0165630840064514,"DOWN",105682627,105895986,"-",36.56,1927,1389,"integrator complex subunit 12"
"THAP9","4",325.559896875329,-0.60859286119765,0.149049621741289,-4.0831560260784,4.44281718248392e-05,0.00667416002332646,"DOWN",82900684,82919969,"+",37.02,553,93,"THAP domain containing 9"
"TLR6","4",279.553910416441,-0.62766319365754,0.180568266613853,-3.47604374471736,0.000508869275239631,0.0259279648040477,"DOWN",38822897,38856817,"-",39.82,6698,2391,"toll like receptor 6"
"SLC9B1","4",92.807194316555,-0.654874142438793,0.188960206729305,-3.46567223741945,0.000528907630580329,0.0264097179300437,"DOWN",102885048,103019719,"-",37.29,1735,1428,"solute carrier family 9 member B1"
"SMAD1","4",891.900573843072,-0.656402118953807,0.182452208213563,-3.59766607036885,0.000321085482883821,0.0202308301031662,"DOWN",145481194,145559176,"+",38.35,616,319,"SMAD family member 1"
"DCAF16","4",1395.47398551656,-0.672625799674183,0.137024781816481,-4.90878942303325,9.16403114262576e-07,0.000852466373905949,"DOWN",17793446,17810758,"-",38.69,2633,NA,"DDB1 and CUL4 associated factor 16"
"PAICS","4",2220.00241860304,-0.686460059332508,0.175763467122158,-3.90559011250848,9.39957221947719e-05,0.00997096726755593,"DOWN",56435741,56464578,"+",39.99,3340,1002,"phosphoribosylaminoimidazole carboxylase and phosphoribosylaminoimidazolesuccinocarboxamide synthase"
"SLC7A11","4",4565.11170986712,-0.701042529903031,0.199595974286722,-3.51230796316551,0.000444232914315728,0.0238760383680893,"DOWN",138164097,138242349,"-",35.52,9645,1506,"solute carrier family 7 member 11"
"ATP8A1","4",15722.258158308,-0.705030850825981,0.191145889577244,-3.6884436928531,0.000225629943739267,0.0165868869886867,"DOWN",42408373,42657121,"-",38.15,5918,228,"ATPase phospholipid transporting 8A1"
"TMEM33","4",3189.83933479593,-0.720950103122312,0.21633617736761,-3.3325452630941,0.000860554710093017,0.0343455053107421,"DOWN",41935129,41960803,"+",35.28,867,667,"transmembrane protein 33"
"PLRG1","4",2055.39169635452,-0.730809264931339,0.230232874400221,-3.17421769951475,0.00150240959026825,0.045081686220397,"DOWN",154535005,154550400,"-",34.62,3317,1545,"pleiotropic regulator 1"
"CFAP97","4",1733.50115421526,-0.801347181793052,0.173537649244046,-4.61771370814247,3.87991027846058e-06,0.00174266851852365,"DOWN",185159665,185209504,"-",41.18,4851,1599,"cilia and flagella associated protein 97"
"COMMD8","4",247.509483956888,-0.868017771367556,0.231563423991667,-3.74850983115016,0.000177888365849445,0.0146245493994341,"DOWN",47450787,47463702,"-",36.36,1461,552,"COMM domain containing 8"
"TLR1","4",280.351650607458,-0.868449033459686,0.266911032941161,-3.25370226884225,0.00113911598272225,0.0389133603928252,"DOWN",38787555,38856817,"-",40.6,11620,2361,"toll like receptor 1"
"SFRP2","4",1333.51965625461,-1.15995983371203,0.353925688381912,-3.27741068758014,0.00104763867938656,0.0378153395653945,"DOWN",153780591,153789083,"-",42.87,1996,888,"secreted frizzled related protein 2"
"CD38","4",567.123144132135,-1.35585487939211,0.348525289914432,-3.89026253941283,0.000100135824545705,0.0104391597088897,"DOWN",15778275,15853232,"+",41.09,1560,369,"CD38 molecule"
"MMRN1","4",126.26012278895,-1.58375493806499,0.362621466697094,-4.36751566996429,1.25667782862395e-05,0.00334000109484603,"DOWN",89879532,89954629,"+",33.75,5217,3687,"multimerin 1"
"DTHD1","4",232.333659946771,-2.07366779673637,0.563234462713245,-3.68171327220814,0.000231671874379277,0.016778944215312,"DOWN",36281616,36347511,"+",37.22,3203,1851,"death domain containing 1"
"SMIM32","5",38.5874307133152,2.24832611416669,0.661964848617973,3.39644335928209,0.000682676845171738,0.0300782721324749,"UP",136191468,136193162,"-",66.73,1695,312,"small integral membrane protein 32"
"ENSG00000233974","5",121.945051918972,1.71769569226377,0.412778641594169,4.16129983283524,3.16441291820529e-05,0.00575447299546715,"UP",21481324,21484011,"-",60.01,2688,2688,"novel protein"
"ADAMTS2","5",433.475993142893,1.5978972700439,0.483539188872869,3.30458690177439,0.000951164828854238,0.036515670715347,"UP",179110853,179345461,"-",53.88,6783,3636,"ADAM metallopeptidase with thrombospondin type 1 motif 2"
"ENSG00000248469","5",42.0204755075639,1.47850371616037,0.435590313782021,3.39425296977619,0.000688160933326397,0.0301133990936319,"UP",176049676,176062131,"-",44.14,1628,NA,"novel transcript, antisense to FAM153B"
"N4BP3","5",477.454944056012,1.18229265118712,0.215213124729797,5.49358991312221,3.93844443894244e-08,0.00015875869533377,"UP",178113532,178127034,"+",59.62,5985,1635,"NEDD4 binding protein 3"
"RELL2","5",525.325162433261,0.81835222953851,0.221705888100277,3.69116145967387,0.000223232371150834,0.0165630840064514,"UP",141636950,141641064,"+",60,2154,912,"RELT like 2"
"ADAM19","5",523.491148791084,0.804972485264602,0.208826824743035,3.85473698723876,0.00011585411114518,0.011436928702683,"UP",157395534,157575775,"-",44.66,2839,819,"ADAM metallopeptidase domain 19"
"NRG2","5",663.67124615118,0.529670330352228,0.168343561415553,3.14636524199905,0.00165313421806879,0.0470938800921222,"UP",139846779,140043299,"-",46.42,3919,2553,"neuregulin 2"
"TCOF1","5",3590.45489259768,0.505560825692062,0.151906293322386,3.32810981450997,0.00087437392761247,0.0346542878096295,"UP",150357629,150400308,"+",52.46,4194,4076,"treacle ribosome biogenesis factor 1"
"ICE1","5",5199.95885463154,-0.434481597326636,0.125335992262558,-3.46653494725178,0.000527213193913412,0.0263999550890057,"DOWN",5420664,5490220,"+",38.91,613,437,"interactor of little elongation complex ELL subunit 1"
"RICTOR","5",5377.9242641387,-0.451406084354692,0.14233771154537,-3.17137376633182,0.00151719792413903,0.0451868592192863,"DOWN",38937920,39074402,"-",35.53,9605,5199,"RPTOR independent companion of MTOR complex 2"
"RBM27","5",667.229817631798,-0.471213408130915,0.144416291399854,-3.26288262607602,0.00110285185712585,0.0386573550962982,"DOWN",146203605,146289223,"+",38.67,6537,3183,"RNA binding motif protein 27"
"PRRC1","5",843.573961478261,-0.49734759809734,0.136224224989371,-3.65094826662546,0.000261273868661882,0.0177007557071604,"DOWN",127517617,127555085,"+",36.28,1748,1338,"proline rich coiled-coil 1"
"ANKRA2","5",472.523707426076,-0.506679712934304,0.134723590468334,-3.76088338481001,0.000169314355319622,0.0142188784644458,"DOWN",73552190,73565667,"-",37.11,2161,942,"ankyrin repeat family A member 2"
"NUP155","5",1465.23089800385,-0.542991084781962,0.154407745872145,-3.51660521766556,0.000437103376371124,0.0237781367469396,"DOWN",37288137,37371124,"-",41.74,8068,4176,"nucleoporin 155"
"POC5","5",336.096356415222,-0.557809803887014,0.146794542120498,-3.79993558227205,0.00014473370556948,0.0132095449166168,"DOWN",75674124,75717448,"-",37.26,2185,1728,"POC5 centriolar protein"
"TMEM161B","5",610.824287377964,-0.570444246377703,0.11684559536009,-4.88203465966972,1.04996795199346e-06,0.000906947317389781,"DOWN",88185575,88269476,"-",35.56,5735,1509,"transmembrane protein 161B"
"PCDHGA9","5",802.552058216735,-0.580501775419055,0.129215315930115,-4.49251523505941,7.03868813526405e-06,0.00240248214839097,"DOWN",141402778,141512975,"+",45.51,4776,2799,"protocadherin gamma subfamily A, 9"
"LYSMD3","5",868.454660458049,-0.585201415046181,0.13690003676482,-4.27466221978813,1.91427286942788e-05,0.00417104537116961,"DOWN",90515611,90529584,"-",35.92,3863,453,"LysM domain containing 3"
"RIOK2","5",618.470485119624,-0.620023808750432,0.180871153224974,-3.42798615309996,0.000608076474379105,0.0280579485346823,"DOWN",97160867,97183247,"-",36.71,3909,1659,"RIO kinase 2"
"TNPO1","5",5087.35695284764,-0.627268854431676,0.136450310273701,-4.59704967451856,4.28515483203786e-06,0.00179300287859413,"DOWN",72816312,72916733,"+",37.25,11040,2613,"transportin 1"
"TICAM2-AS1","5",115.871931844289,-0.645949733832115,0.193114044670554,-3.3449132865198,0.000823082994408515,0.0334011498368529,"DOWN",115602057,115623897,"+",36.12,564,NA,"TICAM2 antisense RNA 1"
"VCAN","5",17892.5870801028,-0.672520405126699,0.202553784942695,-3.32020655806044,0.000899508672352632,0.0353173973206506,"DOWN",83471618,83582303,"+",37.18,12345,10191,"versican"
"STK32A","5",699.730619788669,-0.683699745418563,0.195146685592635,-3.50351707661474,0.000459157214529886,0.024277511980155,"DOWN",147234963,147387855,"+",38.55,2063,NA,"serine/threonine kinase 32A"
"DCTN4","5",3193.17982989867,-0.684039353552815,0.209582381916025,-3.26382087701863,0.00109920635498767,0.038585493326171,"DOWN",150706840,150759095,"-",38.98,5755,1404,"dynactin subunit 4"
"EMB","5",395.964755550545,-0.693729484460507,0.183757377332446,-3.77524698344731,0.000159849202805802,0.0136611760390852,"DOWN",50396192,50443248,"-",36.85,4202,984,"embigin"
"C5orf15","5",812.420995294326,-0.7486419881454,0.217817789495653,-3.43701030975866,0.000588173214897376,0.0276750635235901,"DOWN",133955510,133968674,"-",39.76,2188,798,"chromosome 5 open reading frame 15"
"RIMOC1","5",1390.82607145105,-0.780715937909081,0.208550732741,-3.74353006411469,0.000181452880059851,0.0147269105943878,"DOWN",41904188,41921636,"+",36.01,563,NA,"RAB7A interacting MON1-CCZ1 complex subunit 1"
"BTF3","5",3084.83348840362,-0.795746348410871,0.239136401851922,-3.32758351404657,0.000876027270657382,0.0346542878096295,"DOWN",73498408,73505667,"+",38.61,897,489,"basic transcription factor 3"
"EEF1A1P13","5",55.1485592922155,-0.879395661586476,0.234322524123918,-3.75292842578557,0.000174780770410334,0.0144274665977622,"DOWN",14651941,14653329,"-",47.73,1389,NA,"eukaryotic translation elongation factor 1 alpha 1 pseudogene 13"
"LIX1","5",2324.42965254097,-0.948363558504887,0.276827143402009,-3.42583298317561,0.00061291714150591,0.0280579485346823,"DOWN",97091867,97142753,"-",39.26,3765,849,"limb and CNS expressed 1"
"EDIL3","5",14314.2734727111,-1.00151096940126,0.28725124342382,-3.4865331041356,0.000489324818387965,0.0255060561584727,"DOWN",83940554,84384880,"-",35.47,4814,1443,"EGF like repeats and discoidin domains 3"
"GAPT","5",45.4675701294165,-1.11722029999518,0.356628286239103,-3.13273047344914,0.00173188397540422,0.0481463745162372,"DOWN",58491435,58497090,"+",35.7,3016,474,"GRB2 binding adaptor protein, transmembrane"
"CAPSL","5",81.0017654407503,-2.45116854058587,0.697023683842173,-3.51662159752507,0.000437076406199552,0.0237781367469396,"DOWN",35904288,35938779,"-",41.69,1004,627,"calcyphosine like"
"GRM4","6",615.446390755073,1.47560208108189,0.361878952807965,4.07761233316305,4.55005484271244e-05,0.00668265413987124,"UP",34018643,34155622,"-",56,7368,2739,"glutamate metabotropic receptor 4"
"ENSG00000235008","6",170.284378690872,1.08411514175875,0.29389018299944,3.6888443523165,0.000225274975437017,0.0165868869886867,"UP",166701094,166702839,"-",47.54,1746,NA,"IGF-II mRNA-binding protein 3 (KOC1) pseudogene"
"ENSG00000216906","6",51.9947399465095,1.01889386527665,0.32668861357214,3.118853314585,0.00181556322716008,0.0495053125277269,"UP",149904243,149906418,"+",58.18,2176,NA,"multimerin 2 (MMRN2) pseudogene"
"TTBK1","6",5967.07387400095,0.703799100397823,0.215815330240495,3.26111726916499,0.00110974134142775,0.0387864220863751,"UP",43243481,43288258,"+",56.24,7130,3966,"tau tubulin kinase 1"
"PEX6","6",1879.85255109731,0.602807072798689,0.193437075207754,3.11629542656839,0.00183138699731684,0.0495457784307664,"UP",42963865,42979181,"-",51.99,3444,2943,"peroxisomal biogenesis factor 6"
"STK19","6",545.704924266142,0.512353038029462,0.162151783682507,3.15971262476304,0.0015792482184801,0.0459082901588459,"UP",31971091,31982821,"+",53.1,1889,765,"serine/threonine kinase 19"
"EHMT2","6",4241.70475526908,0.490688809089936,0.103306499858319,4.74983480964796,2.03582878937072e-06,0.00129575144999264,"UP",31879759,31897698,"-",53.84,1517,NA,"euchromatic histone lysine methyltransferase 2"
"PHF10","6",3311.42503303228,-0.439230764679496,0.130377643834318,-3.36891166124817,0.000754656112635868,0.032021250421423,"DOWN",169703902,169725566,"-",39.49,2167,1497,"PHD finger protein 10"
"RNF146","6",2479.35396490545,-0.477127820404324,0.146460529797903,-3.25772289000114,0.00112310020089695,0.0389034835948176,"DOWN",127266726,127288567,"+",36.4,884,NA,"ring finger protein 146"
"NUP153","6",2363.64491678418,-0.490018877104884,0.149212583018612,-3.28403186374545,0.00102333351780484,0.0374850850494741,"DOWN",17615035,17706925,"-",40.21,6026,4428,"nucleoporin 153"
"AIG1","6",1509.36130831986,-0.505228008280783,0.161042722571289,-3.13722967554236,0.00170552466873037,0.047996252403002,"DOWN",143060496,143341058,"+",39.66,727,578,"androgen induced 1"
"TMEM14B","6",571.880073731781,-0.51953974693243,0.133741423149393,-3.88465843041082,0.000102473852832303,0.0105915923273593,"DOWN",10747759,10852753,"+",42.53,888,312,"transmembrane protein 14B"
"FBXO30","6",1923.96662393322,-0.543713509318563,0.171341829101838,-3.17326780138086,0.00150733418615006,0.0451192879037443,"DOWN",145793502,145814795,"-",35.27,9051,2238,"F-box protein 30"
"FAM229B","6",1034.87704712704,-0.544219364655396,0.164982824021722,-3.29864255798982,0.000971535348366714,0.0369592527212805,"DOWN",112087591,112102790,"+",36.13,2551,243,"family with sequence similarity 229 member B"
"C6orf62","6",3404.04766725959,-0.569238991533945,0.13990667003706,-4.0687051688326,4.72751222467316e-05,0.00684668327340988,"DOWN",24704861,24720825,"-",40.3,2452,690,"chromosome 6 open reading frame 62"
"DYNLT1","6",403.295854025636,-0.59868515804506,0.134965083566046,-4.4358521643273,9.17087716393177e-06,0.00284367737290838,"DOWN",158636474,158644743,"-",45.31,2891,NA,"dynein light chain Tctex-type 1"
"ECI2","6",874.06626380227,-0.614897727207009,0.180127211079167,-3.41368593630619,0.000640904092867292,0.0288120936618742,"DOWN",4115693,4135597,"-",41.7,1405,1095,"enoyl-CoA delta isomerase 2"
"SNHG32","6",358.918291231086,-0.644120557048035,0.186331754892564,-3.45684801508699,0.000546532998057714,0.0265964730201687,"DOWN",31822094,31839766,"+",49.73,827,NA,"small nucleolar RNA host gene 32"
"GLO1","6",1843.49236403805,-0.656572516882604,0.209347114700991,-3.13628643901008,0.00171102000895276,0.047996252403002,"DOWN",38675925,38703145,"-",39.8,2016,555,"glyoxalase I"
"NUP43","6",627.661916130487,-0.670795687219286,0.162106698489867,-4.13798870415718,3.50363615736199e-05,0.00596753127478571,"DOWN",149724315,149749665,"-",43.95,3831,1143,"nucleoporin 43"
"FUCA2","6",604.951817897932,-0.694975267272257,0.217798152511173,-3.19091442814973,0.00141823278635174,0.0436794081397751,"DOWN",143494812,143511720,"-",39.72,2385,1404,"alpha-L-fucosidase 2"
"OGFRL1","6",15840.0546745233,-0.709213139267954,0.186475538765612,-3.80325024913531,0.000142809962389328,0.0130833399634405,"DOWN",71288811,71309059,"+",36.15,8492,1356,"opioid growth factor receptor like 1"
"LMBRD1","6",2760.59230782112,-0.750514313078751,0.227201481215117,-3.30329850432689,0.000955546127071024,0.0366015126640835,"DOWN",69672757,69867236,"-",35.47,704,367,"LMBR1 domain containing 1"
"CD109","6",852.012647816722,-0.813581982229594,0.257296571148593,-3.16203973724834,0.00156668183762818,0.0458522929723255,"DOWN",73695785,73828316,"+",38.58,9031,4338,"CD109 molecule"
"YWHAZP4","6",84.5159440664158,-0.855004177416047,0.252490189511795,-3.38628672689918,0.000708453199270234,0.0306523239312162,"DOWN",127355756,127356789,"+",46.71,708,NA,"tyrosine 3-monooxygenase/tryptophan 5-monooxygenase activation protein zeta pseudogene 4"
"ADGRG6","6",266.355440994817,-0.86931384476602,0.271698401123668,-3.19955451033493,0.00137640156386544,0.043233309381363,"DOWN",142301854,142446266,"+",35.7,7026,3666,"adhesion G protein-coupled receptor G6"
"EEF1A1","6",31863.3251343959,-0.901365407725192,0.22695247723749,-3.97160418205955,7.13902672479128e-05,0.0087646954500407,"DOWN",73489308,73525587,"-",42.73,5132,1131,"eukaryotic translation elongation factor 1 alpha 1"
"ENSG00000230882","7",49.6763106641403,2.33260538215586,0.596644621878074,3.90953893929933,9.24724489729504e-05,0.00990610395346029,"UP",76071469,76074963,"-",68.35,3495,NA,"hypothetical protein LOC285908 (LOC285908) pseudogene"
"ENSG00000176349","7",72.549623949744,1.59787264235986,0.373761654450619,4.27511121949771,1.9104190181259e-05,0.00417104537116961,"UP",1812093,1849931,"+",55.15,2967,NA,"novel transcript, antisense to MAD1L1"
"RN7SL845P","7",23.7615895584885,1.37297183269822,0.375195693819386,3.65934858879043,0.000252857189839891,0.0175609757164329,"UP",152757662,152757951,"+",56.55,290,NA,"RNA, 7SL, cytoplasmic 845, pseudogene"
"SP8","7",80.6612758188549,1.24660784727669,0.325283014475537,3.83237916460726,0.000126909938922087,0.0119331421686187,"UP",20782279,20786886,"-",54.28,3626,1527,"Sp8 transcription factor"
"PRRT4","7",95.848781604279,1.22377913069365,0.350776791430293,3.48876881421854,0.00048525063417735,0.0253483193049965,"UP",128350325,128361690,"-",57.37,2313,1290,"proline rich transmembrane protein 4"
"FZD9","7",231.378478889867,1.19052008060203,0.266296051071172,4.47066366854929,7.79772433514286e-06,0.00258350357218856,"UP",73433778,73436120,"+",68.46,2343,1776,"frizzled class receptor 9"
"ENSG00000222024","7",180.995559085812,1.12641242934077,0.248306157664224,4.53638540395758,5.72265614597443e-06,0.00212935633148519,"UP",79353410,79354392,"+",55.65,983,NA,"pseudogene similar to part of transmembrane protein 198 TMEM198"
"ENSG00000261535","7",39.1167174271637,1.10415560049011,0.334820028990286,3.29775851169927,0.000974599145411853,0.0369592527212805,"UP",102153355,102154463,"-",49.59,801,NA,"novel transcript, antisense to CUX1"
"SH2B2","7",269.73136594744,1.0755258822883,0.234648014850173,4.5835711969481,4.57101144691151e-06,0.00184257471425003,"UP",102285091,102321711,"+",56.99,490,144,"SH2B adaptor protein 2"
"ENSG00000231980","7",133.999942156989,1.03864726759692,0.320679853968413,3.23889154477171,0.00119995192793121,0.0402566161820399,"UP",158027373,158031128,"+",53.86,3600,NA,"novel transcript"
"TNRC18","7",11407.5055778735,1.02381843748468,0.243916878097074,4.19740710635538,2.69988343322668e-05,0.0051824905330175,"UP",5306790,5425414,"-",54.68,10572,8907,"trinucleotide repeat containing 18"
"SSPOP","7",740.811130020342,1.00740642390451,0.210871613223263,4.77734489012471,1.77624968885364e-06,0.00128762631500425,"UP",149776042,149833829,"+",61.02,15799,NA,"SCO-spondin, pseudogene"
"MAD1L1","7",117.496883764982,0.968254829803095,0.287642925097054,3.36616945984816,0.000762198686470704,0.0321818353468676,"UP",1815793,2233243,"-",55.65,548,NA,"mitotic arrest deficient 1 like 1"
"GRID2IP","7",147.90850037156,0.92861082957268,0.291423018148728,3.18647042869745,0.00144020209718294,0.0439320072014925,"UP",6496778,6551461,"-",54.45,4657,3636,"Grid2 interacting protein"
"CASTOR2","7",9134.10460532495,0.790495303438788,0.225573811494755,3.50437534481776,0.000457679781546323,0.024277511980155,"UP",74964705,75031528,"+",52.97,8100,990,"cytosolic arginine sensor for mTORC1 subunit 2"
"ZNF316","7",2390.247017664,0.753662973315455,0.178984723191835,4.21076704131717,2.5450508611568e-05,0.00504015483294461,"UP",6637318,6658279,"+",60.32,7243,3015,"zinc finger protein 316"
"GIGYF1","7",3997.33888273144,0.734867222055191,0.224360920341363,3.27537978065475,0.00105520014615842,0.0378650901112576,"UP",100679507,100694250,"-",60.69,6530,3108,"GRB10 interacting GYF protein 1"
"FKBP14-AS1","7",95.4007297561595,0.712339167107598,0.213248050047243,3.34042523225786,0.000836502010796959,0.0337586076234017,"UP",29988600,30027543,"+",40.43,618,NA,"FKBP14 antisense RNA 1"
"ZNF853","7",3448.6005737124,0.691727874838664,0.17643119038792,3.92066659708954,8.83043639319297e-05,0.00978080919323155,"UP",6615610,6624290,"+",57.56,3864,1980,"zinc finger protein 853"
"NYAP1","7",3128.83013175743,0.666735113691886,0.194034255087978,3.43617220263288,0.000589995835141027,0.0276750635235901,"UP",100483927,100494802,"+",59.21,3584,2526,"neuronal tyrosine phosphorylated phosphoinositide-3-kinase adaptor 1"
"IQCE","7",4084.08646060925,0.57520441956391,0.176759543970786,3.25416329235934,0.00113726887962791,0.0389133603928252,"UP",2558972,2614733,"+",52.81,6775,1893,"IQ motif containing E"
"AP5Z1","7",1336.62882772622,0.573695632952868,0.140571320772645,4.08117125029181,4.4809323634317e-05,0.00668265413987124,"UP",4775615,4794397,"+",58.27,2667,468,"adaptor related protein complex 5 subunit zeta 1"
"BAIAP2L1","7",159.807378069788,0.557879796093354,0.173615769234677,3.21330141007679,0.00131218506313375,0.0421426110298665,"UP",98291650,98401090,"-",46.78,3645,1536,"BAR/IMD domain containing adaptor protein 2 like 1"
"SMARCD3","7",3419.23601993442,0.5297943934957,0.11808742167723,4.48645915010147,7.24165939606315e-06,0.00243259408546088,"UP",151238764,151277896,"-",56.14,468,NA,"SWI/SNF related, matrix associated, actin dependent regulator of chromatin, subfamily d, member 3"
"GET4","7",584.446925432355,0.497651447078093,0.138254611969136,3.59952872450425,0.000318794418595041,0.0201841932150253,"UP",876554,896436,"+",59.75,2090,984,"guided entry of tail-anchored proteins factor 4"
"CCDC136","7",3946.72100347022,0.464228491410966,0.108081210763217,4.29518218877091,1.7454992932488e-05,0.00396344675752234,"UP",128790757,128822132,"+",48.94,723,411,"coiled-coil domain containing 136"
"BRAT1","7",1339.56922531587,0.426165371033736,0.130714440180077,3.26027767434596,0.00111303189018466,0.0388452947994317,"UP",2537810,2555694,"-",55.06,2779,2466,"BRCA1 associated ATM activator 1"
"INTS15","7",800.684560803099,0.411151738582793,0.114222256987584,3.59957638227622,0.000318736000811436,0.0201841932150253,"UP",6590021,6608726,"+",53.1,2178,1350,"integrator complex subunit 15"
"TAF6","7",1951.62784509474,0.400536932442277,0.128520109037799,3.11653122177539,0.00182992302087272,0.0495457784307664,"UP",100106876,100119841,"-",54.03,2484,2034,"TATA-box binding protein associated factor 6"
"SRRT","7",4367.12262969943,0.387916495904415,0.118008745098168,3.2871843148719,0.00101194577015676,0.0374748572712353,"UP",100875103,100888664,"+",53.16,2990,2631,"serrate, RNA effector molecule"
"INTS1","7",9254.33439727876,0.376663948543708,0.119400965653951,3.15461392192891,0.0016071062088877,0.0465288637594515,"UP",1470277,1504389,"-",63.53,6981,6573,"integrator complex subunit 1"
"RBAK","7",1370.95079186411,-0.375552141994625,0.0973552863064802,-3.85754237127263,0.000114532829377344,0.0113528320136083,"DOWN",5045821,5069487,"+",40.26,4125,2145,"RB associated KRAB zinc finger"
"SP4","7",968.810898896745,-0.383958437463245,0.11421168929121,-3.36181383749829,0.000774323083182112,0.0324573822768541,"DOWN",21428043,21514822,"+",38.35,6077,2355,"Sp4 transcription factor"
"HERPUD2","7",1258.16946346272,-0.392026311658472,0.125579629192846,-3.1217349038072,0.00179788751964386,0.0492454219140504,"DOWN",35632659,35697459,"-",38.61,2884,1221,"HERPUD family member 2"
"SNX13","7",3598.39953742072,-0.420538418763803,0.122208475741341,-3.44115591175436,0.00057923466501524,0.027523319465734,"DOWN",17790761,17940501,"-",35.09,6357,2874,"sorting nexin 13"
"COG5","7",1768.0290637998,-0.454242340699683,0.102118566562813,-4.44818563351336,8.65986744280019e-06,0.00275588886804691,"DOWN",107201372,107564261,"-",37.09,4532,2427,"component of oligomeric golgi complex 5"
"ZNF680","7",1830.93522053578,-0.541268613999704,0.167591395415227,-3.22969214892358,0.00123923576736802,0.0411312308059704,"DOWN",64519878,64563075,"-",38.96,2993,1593,"zinc finger protein 680"
"POMZP3","7",235.708194663573,-0.553568970447223,0.176457037127338,-3.13713173166194,0.00170609453813062,0.047996252403002,"DOWN",76609986,76627279,"-",49.27,1259,348,"POM121 and ZP3 fusion"
"ITGB8","7",11122.0971710437,-0.581888151428715,0.185527640012324,-3.13639601835103,0.00171038075957476,0.047996252403002,"DOWN",20330702,20415754,"+",37.44,3420,1905,"integrin subunit beta 8"
"TMEM168","7",912.516092987407,-0.591774368329096,0.184807472076728,-3.20211278082633,0.00136423575001403,0.0430458195526488,"DOWN",112762377,112790423,"-",35.26,7276,2094,"transmembrane protein 168"
"TMEM60","7",90.1460480718063,-0.641449844955209,0.19926478677519,-3.219082785956,0.00128601351610456,0.0416908539320174,"DOWN",77793728,77798434,"-",42.07,877,402,"transmembrane protein 60"
"PTPRZ1","7",20507.3113729381,-0.748716812958094,0.216180516448652,-3.46338710471132,0.000533420384083584,0.0264197215764772,"DOWN",121873089,122062036,"+",35.6,5633,4485,"protein tyrosine phosphatase receptor type Z1"
"SYPL1","7",913.662637683805,-0.788450999857062,0.244596363018996,-3.22347801956413,0.00126644017602998,0.0416170137193765,"DOWN",106090505,106112589,"-",38.19,2130,726,"synaptophysin like 1"
"ZNF92","7",685.168706337806,-0.882976198726431,0.247201668248003,-3.57188608387786,0.000354419578734864,0.020988351687149,"DOWN",65373799,65401136,"+",39.16,3165,1761,"zinc finger protein 92"
"TMEM209","7",617.373779000685,-0.948603781752991,0.25815130565374,-3.67460385044637,0.000238218737510971,0.0168960656464527,"DOWN",130164713,130207770,"-",37.56,3455,1686,"transmembrane protein 209"
"KLHL7-DT","7",42.9791148477366,-1.14885795109451,0.343064389298382,-3.34881143870424,0.000811590097432853,0.0332133977944348,"DOWN",23100214,23105703,"-",40.09,3578,NA,"KLHL7 divergent transcript"
"MIR151A","8",30.6846834798949,1.41426378640187,0.453812215162509,3.11640749003512,0.00183069109722553,0.0495457784307664,"UP",140732564,140732653,"-",52.22,90,NA,"microRNA 151a"
"FAM83H","8",455.687747139759,1.31659546464029,0.363160504978577,3.62538174330921,0.000288534910977532,0.0188099874849127,"UP",143723933,143738234,"-",64.47,5632,3540,"family with sequence similarity 83 member H"
"SBF1P1","8",136.244731723512,1.28927862071711,0.400401366624329,3.21996558499951,0.00128205986867815,0.0416908539320174,"UP",55449509,55455139,"-",60.74,5631,NA,"SET binding factor 1 pseudogene 1"
"ENSG00000235683","8",73.3121692623444,1.27039654957554,0.371266345651985,3.42179291081333,0.000622096765769088,0.028234805443198,"UP",99695957,99698017,"+",56.23,2061,NA,"leucine zipper-EF-hand containing transmembrane protein 1 (LETM1) pseudogene"
"SCRT1","8",1579.22964060515,1.20076689175829,0.305253639105314,3.93366937500792,8.36588391132076e-05,0.00941103573391646,"UP",144330565,144336482,"-",66.53,3980,1047,"scratch family transcriptional repressor 1"
"SMPD5","8",107.807645202517,1.04503296795538,0.297296597881826,3.51511916181017,0.000439556708213798,0.0237832629638902,"UP",144049079,144051203,"+",70.49,1374,NA,"sphingomyelin phosphodiesterase 5 (pseudogene)"
"KCNK9","8",450.686060572885,0.970464458843276,0.29448222838507,3.29549414294121,0.000982487515148977,0.0370665570839081,"UP",139600838,139704109,"-",52.02,3276,1125,"potassium two pore domain channel subfamily K member 9"
"ANK1","8",1075.4082985975,0.929505767760122,0.287317322274475,3.23511913727277,0.00121591983898307,0.0406752935347779,"UP",41653220,41896741,"-",49.31,8237,5646,"ankyrin 1"
"KIFC2","8",4549.3366905773,0.879659194987005,0.277860853510425,3.16582628993473,0.00154643113935008,0.0456678675657156,"UP",144466043,144474202,"+",63.6,3646,NA,"kinesin family member C2"
"RN7SL329P","8",190.92093384043,0.851041905777534,0.23305180897616,3.65172838398603,0.000260481305004925,0.0176966315810369,"UP",125270604,125270902,"+",52.84,299,NA,"RNA, 7SL, cytoplasmic 329, pseudogene"
"RN7SL396P","8",3698.48721944366,0.844511959588748,0.243725795082649,3.46500853265191,0.000530214656519422,0.0264097179300437,"UP",119862662,119862956,"+",56.27,295,NA,"RNA, 7SL, cytoplasmic 396, pseudogene"
"TONSL","8",365.822295146796,0.83567998343207,0.235596045956275,3.54708832247196,0.000389513983704957,0.0223241355684552,"UP",144428775,144444440,"-",62.9,6607,NA,"tonsoku like, DNA repair protein"
"TSNARE1","8",1053.68022678024,0.768888923958286,0.222250039040341,3.45956710414221,0.000541044446116285,0.0265105956748289,"UP",142212080,142403182,"-",55.69,1905,1542,"t-SNARE domain containing 1"
"ADGRB1","8",5868.66071780923,0.710934391810866,0.221526932415002,3.2092458648731,0.00133083637064525,0.0425199583360977,"UP",142449430,142545009,"+",62.67,6232,4746,"adhesion G protein-coupled receptor B1"
"SCRIB","8",4875.13278043667,0.650396481859038,0.179228902534455,3.62885936733337,0.000284676260136295,0.018802770716092,"UP",143790920,143815773,"-",62.82,5143,4893,"scribble planar cell polarity protein"
"MFSD3","8",505.280646721521,0.623055975302809,0.162355832237294,3.83759527894366,0.000124245033109539,0.0119005648146978,"UP",144509070,144511213,"+",66.98,1552,1239,"major facilitator superfamily domain containing 3"
"DGAT1","8",1118.12088151095,0.618940022490141,0.175169682606802,3.53337411633871,0.00041029142825877,0.0228533637522651,"UP",144314584,144326910,"-",63.02,3653,1467,"diacylglycerol O-acyltransferase 1"
"POLR3D","8",1546.04013118953,0.489554648815021,0.118124323462608,4.14440171562114,3.40702039777071e-05,0.00594947911847439,"UP",22245133,22254601,"+",49.41,5336,1197,"RNA polymerase III subunit D"
"TOP1MT","8",912.161251947356,0.469268971599773,0.149026384942536,3.14889857779695,0.00163887063116096,0.0469418854732932,"UP",143304384,143359979,"-",54.3,892,334,"DNA topoisomerase I mitochondrial"
"VPS13B","8",4882.25759069859,-0.341319208503557,0.0933059818008448,-3.65806352300198,0.000254128069988899,0.0175609757164329,"DOWN",99013266,99877580,"+",36.65,5625,4284,"vacuolar protein sorting 13 homolog B"
"IMPA1","8",1075.43012799462,-0.453450300900539,0.142869871666569,-3.17386930926071,0.00150421404034815,0.045081686220397,"DOWN",81656914,81686331,"-",37.43,3369,834,"inositol monophosphatase 1"
"PEX2","8",911.243651875499,-0.475241427588601,0.144114784678321,-3.29765907536404,0.000974944316388694,0.0369592527212805,"DOWN",76980258,77001044,"-",38.37,4169,918,"peroxisomal biogenesis factor 2"
"YTHDF3","8",2771.01812053713,-0.494175587644144,0.156946360490449,-3.14869096740996,0.00164003527763718,0.0469418854732932,"DOWN",63168553,63212786,"+",37.56,5076,1605,"YTH N6-methyladenosine RNA binding protein F3"
"ERI1","8",447.176008452192,-0.540759151804423,0.134842511763036,-4.01030168256372,6.06412163420499e-05,0.0079710242307001,"DOWN",9002147,9116746,"+",41.64,540,NA,"exoribonuclease 1"
"TMEM68","8",435.234769460638,-0.580208534618417,0.15782687582201,-3.67623404820323,0.000236702374949,0.0168875623614056,"DOWN",55696424,55773407,"-",38.91,726,204,"transmembrane protein 68"
"NBN","8",2447.26080883008,-0.596218281953223,0.173368060217585,-3.43903185630008,0.0005837985316434,0.0276316072139477,"DOWN",89924515,90003228,"-",37,3251,2265,"nibrin"
"PPP2CB","8",6033.98393645838,-0.615536960185995,0.181242244577536,-3.39621130614869,0.000683255907803012,0.0300782721324749,"DOWN",30774457,30814314,"-",41.95,448,157,"protein phosphatase 2 catalytic subunit beta"
"SDCBP","8",3621.665386516,-0.691263612041336,0.211735146433068,-3.26475610538213,0.00109558368956012,0.0385142254588677,"DOWN",58552924,58582859,"+",35.86,556,NA,"syndecan binding protein"
"DCTN6","8",852.345070703474,-0.787468464231341,0.228735792093412,-3.44269891923932,0.000575940125980067,0.0274747295600669,"DOWN",30156319,30183639,"+",41.55,1054,573,"dynactin subunit 6"
"CPNE3","8",2438.50253523051,-0.796424303498977,0.218852678393915,-3.6390886752845,0.000273604580355486,0.0182801115482811,"DOWN",86514435,86561498,"+",37.62,4857,1614,"copine 3"
"CFAP418","8",206.745069130544,-0.849290415251814,0.187872581846949,-4.5205660501525,6.16744981415798e-06,0.00223521521046761,"DOWN",95244913,95269201,"-",37.4,3340,624,"cilia and flagella associated protein 418"
"RIPK2","8",395.034794521141,-0.947833572270484,0.220215479848233,-4.30411873372257,1.67651738299259e-05,0.00389902002328545,"DOWN",89757806,89791064,"+",35.92,1916,207,"receptor interacting serine/threonine kinase 2"
"CYP7B1","8",1869.00728159961,-1.32718440131631,0.336727180772657,-3.94142343445795,8.0999491262125e-05,0.00924081931917809,"DOWN",64587763,64798737,"-",37.55,587,NA,"cytochrome P450 family 7 subfamily B member 1"
"ENSG00000227619","9",30.5804285464135,3.83452575804421,0.780175271507307,4.91495423923891,8.88031994795887e-07,0.000852466373905949,"UP",129575117,129584557,"+",53.72,1860,NA,"novel transcript"
"MAMDC4","9",663.039576607269,1.45687343150493,0.440356519539894,3.30839528168482,0.000938322686459683,0.0361950119532917,"UP",136850943,136860799,"+",66.28,4112,NA,"MAM domain containing 4"
"HMCN2","9",83.835092434722,1.42247398221558,0.366612791927496,3.88004459619866,0.000104437314357085,0.0106229691398582,"UP",130265760,130434123,"+",54.65,15789,15240,"hemicentin 2"
"SNX18P3","9",334.404890073794,1.34999737005725,0.396575411000359,3.40413785779581,0.000663732462382922,0.0295635973023819,"UP",38567377,38568211,"-",51.74,835,NA,"sorting nexin 18 pseudogene 3"
"TCF3P1","9",68.4180616732971,1.27435373789912,0.359794084630547,3.54189741392687,0.000397259938934472,0.0225046364511929,"UP",5110913,5112849,"+",65.51,1937,NA,"transcription factor 3 pseudogene 1"
"COL27A1","9",972.242605287252,1.27196819875277,0.366195479408356,3.47346777957997,0.000513779047015936,0.0259279648040477,"UP",114155537,114312511,"+",52.26,7813,5583,"collagen type XXVII alpha 1 chain"
"LCNL1","9",562.568647738727,1.18968631408467,0.333619361400829,3.56599901483332,0.000362472731589727,0.0213303296501926,"UP",136981904,136986410,"+",64.06,3706,NA,"lipocalin like 1"
"ADAMTS13","9",490.525491299865,1.00829566257539,0.280479270051136,3.59490261933285,0.000324512935997611,0.0203711972791468,"UP",133414358,133459402,"+",55.14,2953,NA,"ADAM metallopeptidase with thrombospondin type 1 motif 13"
"RALGDS","9",2600.29645730939,0.946825314451413,0.20339232394846,4.65516739309858,3.23717595805704e-06,0.0015998871030582,"UP",133097720,133149334,"-",58.92,5596,NA,"ral guanine nucleotide dissociation stimulator"
"AJM1","9",4475.37201745747,0.901392542651611,0.242906104176513,3.7108682209015,0.000206549612981691,0.0160630512526533,"UP",136842478,136848801,"+",71.36,4642,2931,"apical junction component 1 homolog"
"ST6GALNAC6","9",637.72961172558,0.845593543463021,0.228091541064864,3.70725516393681,0.000209517813148824,0.0162416597077482,"UP",127885321,127905408,"-",53.52,2018,261,"ST6 N-acetylgalactosaminide alpha-2,6-sialyltransferase 6"
"MIR600HG","9",1302.99723774692,0.834992777029508,0.177937882390756,4.69260826199922,2.69743704961203e-06,0.00148273210186174,"UP",123109494,123115477,"-",53.98,5984,NA,"MIR600 host gene"
"PCA3","9",807.037060373816,0.827459545731022,0.249680927919838,3.31406788906474,0.000919491791923196,0.0357730576026589,"UP",76691980,76863307,"+",41.15,1820,NA,"prostate cancer associated 3"
"ENSG00000273066","9",197.448932955533,0.808915808892427,0.249048314534367,3.24802763835129,0.00116207982124091,0.0394748069614223,"UP",136799223,136810042,"+",60.91,4244,NA,"novel transcript"
"GPSM1","9",1809.57514148172,0.804887813113635,0.184054181217145,4.37310257116104,1.22493135878422e-05,0.00332878537568035,"UP",136327476,136359605,"+",66.05,2270,1374,"G protein signaling modulator 1"
"NDOR1","9",567.341013031244,0.771227227877628,0.241714278360605,3.19065647717783,0.00141949949548761,0.0436794081397751,"UP",137205685,137219361,"+",60.52,1151,NA,"NADPH dependent diflavin oxidoreductase 1"
"ENSG00000271155","9",63.3214999293791,0.769521865975067,0.209289742213713,3.67682552348543,0.000236154444495129,0.0168875623614056,"UP",95506235,95507636,"+",62.05,1402,NA,"novel transcript, antisense to PTCH1"
"CACFD1","9",663.973961587305,0.764604779741691,0.235129000198318,3.25185229851184,0.00114655586380536,0.0391122709760176,"UP",133459965,133470848,"+",58.04,2880,702,"calcium channel flower domain containing 1"
"AGPAT2","9",299.810926602574,0.744419978456513,0.193798296619094,3.84121012126156,0.000122429256796735,0.0118918634734371,"UP",136673143,136687457,"-",62.71,1391,741,"1-acylglycerol-3-phosphate O-acyltransferase 2"
"CCDC107","9",226.701170478519,0.707283478751423,0.170882481370067,4.13900519866465,3.48815046926306e-05,0.00596753127478571,"UP",35658290,35661511,"+",52.82,1173,771,"coiled-coil domain containing 107"
"NACC2","9",12152.7609479624,0.689491667162667,0.210909377347577,3.26913708548098,0.00107876023362332,0.0380888978254215,"UP",136006537,136095289,"-",55.01,6802,1764,"NACC family member 2"
"EGFL7","9",1506.26572507218,0.68506761178749,0.213728890407364,3.205311226207,0.00134916512557752,0.0428789851868828,"UP",136658856,136672678,"+",67.31,2125,822,"EGF like domain multiple 7"
"ENHO","9",1775.87825781684,0.625015097883476,0.180548733136394,3.4617528853626,0.000536669668822282,0.0264591687591177,"UP",34521043,34522990,"-",62.42,1028,231,"energy homeostasis associated"
"RABL6","9",6332.85781313755,0.619639809185676,0.16338066723534,3.79261402019569,0.000149069766872541,0.013304064138669,"UP",136807943,136841187,"+",57.06,1580,945,"RAB, member RAS oncogene family like 6"
"DAB2IP","9",6084.657256478,0.609754728715646,0.191713450742526,3.18055267564171,0.0014699441266604,0.044495705441062,"UP",121567057,121785530,"+",53.14,5514,3399,"DAB2 interacting protein"
"PAXX","9",805.789418051793,0.545377979668999,0.151362164621444,3.60313279763793,0.000314404795310966,0.0200126557477471,"UP",136992422,136993984,"+",64.81,808,615,"PAXX non-homologous end joining factor"
"MRPL41","9",2139.34026453216,0.507271576962915,0.13562593127323,3.74022557633888,0.000183855179810052,0.0148224045962864,"UP",137551879,137552555,"+",68.39,582,414,"mitochondrial ribosomal protein L41"
"AOPEP","9",3155.1878176398,0.441992540628452,0.126054254487905,3.50636749567911,0.000454267550695564,0.0242536754550175,"UP",94726604,95151793,"+",43.58,2292,NA,"aminopeptidase O (putative)"
"NPDC1","9",5272.11847505267,0.42803549217809,0.0890009521082972,4.80933610302564,1.51432400253407e-06,0.00122084801084297,"UP",137039463,137046179,"-",65.82,1475,978,"neural proliferation, differentiation and control 1"
"NELFB","9",2813.65320422501,0.412653142340396,0.087868147746022,4.69627678431492,2.64946470730642e-06,0.00148273210186174,"UP",137255327,137273542,"+",56.43,2540,1887,"negative elongation factor complex member B"
"CEP78","9",2023.51944428319,-0.362185849735705,0.112599527408332,-3.21658410183437,0.00129726505112337,0.0418900567776632,"DOWN",78236062,78279690,"+",37.2,11198,2070,"centrosomal protein 78"
"ZNF484","9",1517.13231521436,-0.368214810783863,0.112013894803157,-3.28722442363895,0.00101180164204279,0.0374748572712353,"DOWN",92843171,92878038,"-",39.13,5776,2559,"zinc finger protein 484"
"STX17","9",1574.48665635253,-0.369772812576771,0.094239091490825,-3.92377310442102,8.71728409671203e-05,0.00976093672051283,"DOWN",99906654,99974534,"+",36.39,6885,909,"syntaxin 17"
"PTAR1","9",4764.78723810287,-0.52767483703556,0.133044525834457,-3.96615218646521,7.30422345496071e-05,0.00887738434581305,"DOWN",69709522,69760011,"-",36.07,9876,1053,"protein prenyltransferase alpha subunit repeat containing 1"
"KLHL9","9",1788.1560401777,-0.644186139418507,0.205568776993005,-3.13367695640095,0.00172630793357258,0.0481463745162372,"DOWN",21320024,21335404,"-",37.46,4430,1854,"kelch like family member 9"
"HAUS6","9",993.533580326671,-0.675122393467822,0.153237141847158,-4.40573600714378,1.05425296485121e-05,0.00303549550093946,"DOWN",19053141,19102904,"-",39.6,6323,2868,"HAUS augmin like complex subunit 6"
"PSAT1","9",4399.87075267917,-0.816133462204861,0.25156408073296,-3.24423685538478,0.00117765774767388,0.0398845820795902,"DOWN",78297125,78330093,"+",45.6,1411,975,"phosphoserine aminotransferase 1"
"ALDH1A1","9",2262.90463686168,-0.939176662582529,0.232085056040006,-4.04669166816426,5.1946592548369e-05,0.0071793159278563,"DOWN",72900671,73080442,"-",36.05,2096,1506,"aldehyde dehydrogenase 1 family member A1"
"IL33","9",591.520394616921,-1.08230330514602,0.33797297844788,-3.2023367966174,0.00136317518328723,0.0430458195526488,"DOWN",6215786,6257983,"+",37.75,2327,435,"interleukin 33"
"WDR38","9",94.6358856531779,-2.54679847062591,0.626245883948129,-4.06677079387696,4.7669086327914e-05,0.00686098812463569,"DOWN",124853417,124857890,"+",57.87,1265,945,"WD repeat domain 38"
"SYT15","10",171.890719955439,1.53003704769337,0.284624159249422,5.37564011336284,7.6311081655313e-08,0.000230707477614425,"UP",46578217,46594173,"+",52.37,6428,1425,"synaptotagmin 15"
"ENSG00000289972","10",85.6229872073909,1.20434326393175,0.321543066245772,3.74551153596082,0.000180026573937827,0.0147098740447983,"UP",103660155,103685914,"+",54.02,490,NA,"novel transcript, antisense to SH3PXD2A"
"ENSG00000227076","10",30.092077706315,1.1969464155659,0.341229207861978,3.50774900854925,0.000451915199787639,0.0242350798715385,"UP",127934594,127937394,"+",51.62,371,NA,"novel transcript"
"GPRIN2","10",202.606304768256,1.16217523951314,0.306533590704771,3.79134709785349,0.0001498323811939,0.0133229631307194,"UP",46541736,46556658,"-",55.87,9274,1377,"G protein regulated inducer of neurite outgrowth 2"
"ENSG00000285955","10",59.4314900588396,1.12958974992629,0.309948694537105,3.64444106342593,0.000267973531487433,0.0180535037118525,"UP",122435924,122461383,"-",43.68,2561,NA,"novel transcript"
"ABCC2","10",62.7690612219646,1.10387303593717,0.352635579083449,3.13035071165054,0.00174597718596735,0.0484451769657153,"UP",99782640,99852594,"+",45.05,1130,588,"ATP binding cassette subfamily C member 2"
"ADARB2-AS1","10",60.9287054700788,1.09664580215053,0.31521574848967,3.47903240052254,0.000503227739884882,0.0257861570272368,"UP",1526584,1557574,"+",52.1,637,NA,"ADARB2 antisense RNA 1"
"DIP2C-AS1","10",1210.43633437964,1.08316422091606,0.280306787454334,3.86420974944292,0.000111449424666098,0.0110926575513343,"UP",649948,669581,"+",48.43,2251,NA,"DIP2C antisense RNA 1"
"TRIM8-DT","10",654.946170667378,0.86086416922021,0.218538691850231,3.93918423292374,8.17591311076798e-05,0.00924948457714936,"UP",102642792,102644140,"-",65.53,1349,NA,"TRIM8 divergent transcript"
"FAM53B","10",2298.91403250867,0.710289657167323,0.184614608000393,3.84741849445528,0.000119368969797852,0.0117360077379302,"UP",124619292,124744378,"-",52.7,5759,1269,"family with sequence similarity 53 member B"
"DLG5","10",4800.14148464429,0.625561810923137,0.198478310242842,3.15178928195102,0.00162273332539686,0.0467087890174802,"UP",77790791,77926755,"-",50.06,4292,2643,"discs large MAGUK scaffold protein 5"
"UBTD1","10",832.521458202497,0.610453451978152,0.169684936256237,3.59757009341314,0.000321203951030175,0.0202308301031662,"UP",97498924,97571206,"+",49.49,1647,684,"ubiquitin domain containing 1"
"TRIM8","10",8602.75177327827,0.595724905040437,0.166788001052326,3.57174917429186,0.000354604946931553,0.020988351687149,"UP",102642503,102662789,"+",58.5,4735,1656,"tripartite motif containing 8"
"ZDHHC6","10",944.693942687154,-0.379947323578312,0.114583865187501,-3.31588852371649,0.000913522608120491,0.0356937928917645,"DOWN",112424428,112447572,"-",39.22,2906,1152,"zinc finger DHHC-type palmitoyltransferase 6"
"WAPL","10",4168.82134223253,-0.431992009818031,0.136979357739627,-3.15370152807381,0.00161213875094767,0.0465288637594515,"DOWN",86435256,86521792,"-",39.86,3207,NA,"WAPL cohesin release factor"
"OGA","10",13593.3849869156,-0.487986440686585,0.112345268780215,-4.34363143178952,1.40146566729905e-05,0.00349441738446338,"DOWN",101784443,101818465,"-",41.92,5043,2592,"O-GlcNAcase"
"RPP30","10",618.916657162893,-0.493679238946566,0.147478676998727,-3.34746180934906,0.000815552241372616,0.0333191664017535,"DOWN",90871952,90908553,"+",37.86,2332,807,"ribonuclease P/MRP subunit p30"
"NDUFB8","10",836.20530444981,-0.506073608940621,0.152412152702105,-3.32042819400209,0.000898794769893379,0.0353173973206506,"DOWN",100523668,100530000,"-",47.67,762,561,"NADH:ubiquinone oxidoreductase subunit B8"
"ATE1","10",2810.44824773056,-0.506367196687721,0.147663656675727,-3.42919312772889,0.000605378589629364,0.0280424041354813,"DOWN",121709393,121928801,"-",39.73,527,489,"arginyltransferase 1"
"MRPS16","10",1122.95639123018,-0.514375491828448,0.11795974848243,-4.3606018022755,1.29705218867357e-05,0.00337317249841493,"DOWN",73248843,73252693,"-",47.47,2580,NA,"mitochondrial ribosomal protein S16"
"COX15","10",836.624286048937,-0.552697121713306,0.147471600087304,-3.74782074234025,0.000178377659506865,0.0146245493994341,"DOWN",99710868,99732127,"-",42.22,5030,1233,"cytochrome c oxidase assembly homolog COX15"
"SAR1A","10",3130.36443591377,-0.594854902633769,0.187146327400225,-3.17855504244885,0.00148011112630092,0.0447068454853023,"DOWN",70147289,70170523,"-",40.56,5902,597,"secretion associated Ras related GTPase 1A"
"ZNF518A","10",2121.15189096088,-0.609358040188974,0.129181215220267,-4.71707933038063,2.39254418267051e-06,0.00144665184005172,"DOWN",96129715,96205288,"+",38.02,8294,4452,"zinc finger protein 518A"
"RAB18","10",2865.43143746653,-0.621444677211649,0.194523753910249,-3.19469815238286,0.00139977156888255,0.0434632182135358,"DOWN",27504174,27545117,"+",36.57,4941,150,"RAB18, member RAS oncogene family"
"GLUD1","10",11191.5598833601,-0.634104233546922,0.194886217387591,-3.2537151269441,0.00113906442882096,0.0389133603928252,"DOWN",87050202,87094843,"-",42.02,3300,1677,"glutamate dehydrogenase 1"
"ABI1","10",3226.42617345846,-0.66101128880477,0.20846491073804,-3.17085156664762,0.00151992786795837,0.0451868592192863,"DOWN",26746593,26861087,"-",38.44,3362,1356,"abl interactor 1"
"IKZF5","10",1561.46974515676,-0.663188200038528,0.203794653762119,-3.25419822255317,0.00113712904376409,0.0389133603928252,"DOWN",122990807,123008812,"-",38.31,4532,1260,"IKAROS family zinc finger 5"
"AKR1C3","10",323.982463260195,-0.71272176954418,0.220795770691077,-3.22796839501684,0.00124672747715311,0.0411720011652535,"DOWN",5035354,5107686,"+",40.4,859,NA,"aldo-keto reductase family 1 member C3"
"ARHGAP19","10",391.638493547749,-0.724113529354304,0.161197384832688,-4.49209228863039,7.05268471577603e-06,0.00240248214839097,"DOWN",97222173,97292673,"-",42.77,5525,902,"Rho GTPase activating protein 19"
"ADD3","10",16785.3309684519,-0.766577266291523,0.208607690601699,-3.67473156948547,0.00023809960869559,0.0168960656464527,"DOWN",109996368,110135565,"+",38.65,697,NA,"adducin 3"
"PPA1","10",2224.29932824429,-0.824019997972934,0.236804643757048,-3.47974594120859,0.000501889475097162,0.0257861570272368,"DOWN",70202835,70233911,"-",39.8,1292,870,"inorganic pyrophosphatase 1"
"SCD","10",57051.8579620845,-1.02424618800874,0.325705593282725,-3.14469941300534,0.00166257558750194,0.0473071213639083,"DOWN",100347233,100364826,"+",46.86,5245,1080,"stearoyl-CoA desaturase"
"LINC00836","10",177.064441699606,-1.15726550094949,0.343911444434153,-3.36501014920736,0.000765408435312939,0.0322511644886389,"DOWN",25651712,25732935,"+",41.02,1640,NA,"long intergenic non-protein coding RNA 836"
"ENSG00000255132","11",36.3187593067688,1.64920151566075,0.461765593232316,3.57151234269426,0.000354925818243775,0.020988351687149,"UP",41394595,41426504,"+",36.73,578,NA,"novel transcript"
"ENSG00000270403","11",57.8042862915977,1.57413843952696,0.36907868936053,4.26504830786716,1.9985895480205e-05,0.00427453166039154,"UP",117659056,117668872,"+",50.49,706,NA,"novel transcript"
"ENSG00000288033","11",69.8986079617924,1.51052129068106,0.476893491359185,3.16741854952968,0.00153798786455975,0.0455297117408103,"UP",512513,518134,"+",51.14,944,NA,"novel transcript"
"ENSG00000279586","11",101.335299830849,1.34350011266962,0.342583781769696,3.92166875422258,8.79378279673444e-05,0.00978080919323155,"UP",117611101,117612017,"-",48.85,917,NA,"novel transcript"
"IGSF9B","11",3241.58377053478,1.26300305457654,0.329237302650204,3.83614810475594,0.000124979056600233,0.0119005648146978,"UP",133896438,133956968,"-",55.74,17159,4314,"immunoglobulin superfamily member 9B"
"IRF7","11",468.36126367706,1.13728787967011,0.347485796774826,3.27290464883974,0.00106448381148615,0.0379740759665294,"UP",612553,615983,"-",67.06,1554,168,"interferon regulatory factor 7"
"ENSG00000287897","11",68.3511191244186,1.08860459022044,0.312358925415642,3.4851080012261,0.000491938438915792,0.0255322383768613,"UP",115332529,115333418,"-",43.26,378,NA,"novel transcript, sense intronic to CADM1"
"TTC36","11",38.6593412848758,0.963945616435258,0.297184151047362,3.24359698536426,0.0011803061998357,0.0398845820795902,"UP",118527472,118531197,"+",53.95,1009,147,"tetratricopeptide repeat domain 36"
"PITPNM1","11",4060.28019161291,0.950841036103835,0.190364047735257,4.99485615806084,5.8879635885836e-07,0.000678125177873728,"UP",67491760,67506263,"-",62.46,4224,3732,"phosphatidylinositol transfer protein membrane associated 1"
"ENSG00000254938","11",96.5645849335457,0.933952685654736,0.299041982306142,3.12314905904619,0.00178927105350185,0.0491764882954496,"UP",126893786,126940669,"-",43.58,566,NA,"novel transcript, sense intronic to KIRREL3"
"STARD10","11",1150.83030790883,0.928429358175979,0.215434596856419,4.30956481328183,1.63576115054699e-05,0.00389902002328545,"UP",72754729,72794047,"-",54.41,426,426,"StAR related lipid transfer domain containing 10"
"LRFN4","11",721.006180010796,0.882368184505156,0.212463362661668,4.15303689752035,3.28091811884618e-05,0.00587794708314176,"UP",66856647,66860475,"+",70.38,274,NA,"leucine rich repeat and fibronectin type III domain containing 4"
"GDPD5","11",538.522390874076,0.845215790989695,0.212003463728746,3.98680180089478,6.69699246025973e-05,0.00857002431977999,"UP",75434640,75525941,"-",53.42,4150,1404,"glycerophosphodiester phosphodiesterase domain containing 5"
"ENSG00000237654","11",258.17521624897,0.838695553985377,0.26210357766068,3.19986305212192,0.00137492901057258,0.043233309381363,"UP",131502715,131540867,"-",45.04,682,NA,"novel transcript"
"B4GALNT4","11",3914.59307533956,0.82267750552739,0.262268616137823,3.1367744934265,0.00170817455117412,0.047996252403002,"UP",369499,382117,"+",66.45,3750,3120,"beta-1,4-N-acetyl-galactosaminyltransferase 4"
"IFITM10","11",273.024381127063,0.821651425514621,0.198407001225589,4.14124209548636,3.45430127727042e-05,0.00596753127478571,"UP",1732406,1750595,"-",55.18,3714,687,"interferon induced transmembrane protein 10"
"BCL9L","11",3178.53651501296,0.716991942376546,0.165346224708876,4.3363067021273,1.4489673188293e-05,0.00353987106800056,"UP",118893875,118925926,"-",59.41,10005,4500,"BCL9 like"
"RASGRP2","11",740.358492115074,0.681691040047322,0.154923218207338,4.400186414505,1.08157923512851e-05,0.0030443442493596,"UP",64726911,64745456,"-",55.63,2409,NA,"RAS guanyl releasing protein 2"
"ATG16L2","11",1121.92785242162,0.623147626054798,0.198833327099064,3.13402001136524,0.00172429096392467,0.0481463745162372,"UP",72814406,72843674,"+",52.71,1614,495,"autophagy related 16 like 2"
"EHBP1L1","11",1920.46626971923,0.613410233875151,0.170758969676177,3.59225775980264,0.000327825346145087,0.0203824776911699,"UP",65576046,65592650,"+",60.61,2267,2010,"EH domain binding protein 1 like 1"
"TMEM132A","11",4899.65407297339,0.594862071762845,0.185104263572316,3.21365948186518,0.00131054994688596,0.0421426110298665,"UP",60924460,60937159,"+",58.71,3498,3072,"transmembrane protein 132A"
"ESRRA","11",835.428943161446,0.591165797914639,0.188508478851365,3.13601701905812,0.00171259264962336,0.047996252403002,"UP",64305497,64316743,"+",57.13,2293,1521,"estrogen related receptor alpha"
"PHRF1","11",5503.22747951407,0.54780121352653,0.111530481308267,4.91167263962957,9.03027284031572e-07,0.000852466373905949,"UP",576470,612222,"+",56.31,5278,4947,"PHD and ring finger domains 1"
"OSBPL5","11",1402.73008988863,0.51653308579508,0.130936191321997,3.94492218369807,7.9825897080164e-05,0.00924081931917809,"UP",3087107,3166739,"-",57,3854,2640,"oxysterol binding protein like 5"
"GRK2","11",8551.95543007291,0.508574034050305,0.159083712429124,3.19689568645745,0.00138915153016429,0.0434326316842603,"UP",67266473,67286556,"+",60.92,3403,2070,"G protein-coupled receptor kinase 2"
"RNASEH2C","11",1339.79522003508,0.453437694335174,0.115674049499056,3.91996040856921,8.85635166343219e-05,0.00978080919323155,"UP",65714005,65720818,"-",55.55,1807,NA,"ribonuclease H2 subunit C"
"RPS6KA4","11",1959.11491968792,0.421330432087343,0.108595388643909,3.87981881504115,0.000104534303121072,0.0106229691398582,"UP",64359148,64372215,"+",56.99,3121,2298,"ribosomal protein S6 kinase A4"
"MAP4K2","11",1709.64463161058,0.413328706014574,0.126501631155682,3.26737846965705,0.00108548460038728,0.0382704526894558,"UP",64784918,64803241,"-",56.72,7147,2463,"mitogen-activated protein kinase kinase kinase kinase 2"
"USP35","11",1281.3708458232,0.398734178150095,0.127646422467508,3.12373954899984,0.0017856844371539,0.0491764882954496,"UP",78188812,78215232,"+",52.98,2419,1761,"ubiquitin specific peptidase 35"
"ZBED5","11",1539.94246931234,-0.402035209618963,0.0978541069796178,-4.10851646423694,3.98208821009274e-05,0.00621917332672994,"DOWN",10812074,10858796,"-",40.77,3677,NA,"zinc finger BED-type containing 5"
"QSER1","11",3888.70249583026,-0.412425733559928,0.112017803382695,-3.68178736866432,0.000231604538789177,0.016778944215312,"DOWN",32892811,32993316,"+",38.69,9706,5595,"glutamine and serine rich 1"
"TTC9C","11",436.600030261883,-0.432367248596211,0.116065344416806,-3.72520540708105,0.000195156244489953,0.0153248341858247,"DOWN",62728069,62740293,"+",47.12,606,421,"tetratricopeptide repeat domain 9C"
"METTL15","11",584.497573071365,-0.448521556087805,0.137076075665572,-3.27206300523277,0.00106765780440089,0.0379740759665294,"DOWN",28108248,28527041,"+",36.8,4304,840,"methyltransferase 15, mitochondrial 12S rRNA N4-cytidine"
"POLD3","11",505.368263051999,-0.449668282585855,0.113549916463037,-3.96009346895674,7.49204334599664e-05,0.00901505275454103,"DOWN",74493851,74669117,"+",41.72,513,333,"DNA polymerase delta 3, accessory subunit"
"CEP57","11",983.604769911058,-0.451913559248253,0.0987592988914654,-4.57590894549482,4.74156756317434e-06,0.00184967021101507,"DOWN",95789965,95832693,"+",37.69,1647,1422,"centrosomal protein 57"
"ZC3H12C","11",1629.72644725881,-0.480160125265076,0.123670663389932,-3.8825709517797,0.000103357844086247,0.0105924271909744,"DOWN",110093392,110171841,"+",37.23,8776,2652,"zinc finger CCCH-type containing 12C"
"RBM7","11",359.678568499423,-0.511437245751923,0.161627015320999,-3.16430545188367,0.00155453552492453,0.0457396547516114,"DOWN",114400030,114414203,"+",38.27,4243,801,"RNA binding motif protein 7"
"ZW10","11",652.651435411778,-0.515250820631408,0.15794665856907,-3.26218246906495,0.00110557954452536,0.0386968840287847,"DOWN",113733187,113773735,"-",39.08,2873,2340,"zw10 kinetochore protein"
"EIF3F","11",3246.7140698496,-0.519157966805519,0.127787702327112,-4.06265984403236,4.85167033685074e-05,0.00686213443082292,"DOWN",7970251,8001862,"+",41.38,7540,1074,"eukaryotic translation initiation factor 3 subunit F"
"DDX6","11",12375.816624838,-0.56187069078694,0.171570825040817,-3.2748615077958,0.00105713784866711,0.0378784237153522,"DOWN",118747763,118791164,"-",41.56,6128,1452,"DEAD-box helicase 6"
"PRMT3","11",941.542509994372,-0.604829702795166,0.151148030348481,-4.00157184583016,6.29230827234401e-05,0.00822625772296822,"DOWN",20387558,20509338,"+",36,2530,141,"protein arginine methyltransferase 3"
"NPAT","11",1227.34462631225,-0.644911940101467,0.143004898606841,-4.50971922209815,6.49134838698708e-06,0.00227535872590825,"DOWN",108155280,108222638,"-",40.14,8048,4284,"nuclear protein, coactivator of histone transcription"
"SDHD","11",347.828606980156,-0.841274414467383,0.246114567311744,-3.41822275559078,0.000630314971398748,0.0283888229017693,"DOWN",112086824,112120016,"+",41.76,727,219,"succinate dehydrogenase complex subunit D"
"FIBIN","11",726.106903061309,-0.856457785384763,0.272092992133835,-3.14766572511906,0.00164579782618281,0.0469955917639402,"DOWN",26994112,26997087,"+",44.76,2976,636,"fin bud initiation factor homolog"
"TMEM123","11",3158.23523742938,-0.859598760828329,0.224038909838541,-3.83682799317235,0.000124633701692328,0.0119005648146978,"DOWN",102396332,102470384,"-",40.62,3304,627,"transmembrane protein 123"
"EXPH5","11",958.452879520092,-0.933899106700877,0.253110344709063,-3.68969157611611,0.000224526094406175,0.0165868869886867,"DOWN",108505435,108593768,"-",41.4,10304,5970,"exophilin 5"
"ENSG00000286369","11",27.6059850930684,-1.18154860247419,0.360401996281651,-3.27841858442654,0.00104390472440817,0.0377518122610846,"DOWN",68272030,68284888,"+",47.3,712,NA,"novel transcript"
"KRT8P19","12",25.2020834813344,2.33304281708918,0.638254439421705,3.65534914132842,0.000256832202891578,0.0176469990316355,"UP",61879318,61880772,"+",56.08,1455,NA,"keratin 8 pseudogene 19"
"ENSG00000279071","12",53.9645699205947,1.70763974990659,0.428904091392588,3.98140233254045,6.85098713716481e-05,0.00868384679720783,"UP",124537844,124539677,"+",63.96,1834,NA,"novel transcript"
"ENSG00000280287","12",532.264834144147,1.48113686880903,0.452615209605175,3.27239747444868,0.00106639541261229,0.0379740759665294,"UP",132550729,132554947,"+",63.14,4219,NA,"novel transcript"
"FBRSL1","12",4428.58431485968,1.13507963820818,0.268006226514132,4.235273385144,2.28273812017077e-05,0.00467883933681782,"UP",132489551,132585188,"+",62.75,5568,3138,"fibrosin like 1"
"ENSG00000271500","12",153.069704198672,0.92861262848063,0.273462043176626,3.3957642446226,0.000684372787125609,0.0300782721324749,"UP",1695830,1698044,"-",39.77,1979,NA,"SDA1 domain containing 1 (SDAD1) pseudogene"
"RAPGEF3","12",3963.34642115775,0.811119495301037,0.220358541951143,3.68090788820374,0.00023240495791489,0.016778944215312,"UP",47734363,47771040,"-",54.34,6300,2772,"Rap guanine nucleotide exchange factor 3"
"PHETA1","12",307.259825393562,0.756658045150867,0.225753808078463,3.35169559969452,0.000803182782196671,0.0329250487630656,"UP",111360651,111369121,"-",57.94,3256,789,"PH domain containing endocytic trafficking adaptor 1"
"KMT2D","12",13063.319032121,0.677786527361087,0.188678924477271,3.59227470285235,0.000327804026407503,0.0203824776911699,"UP",49018975,49060794,"-",54.55,20686,16662,"lysine methyltransferase 2D"
"DTX1","12",2318.96898214559,0.563725785765778,0.157647766603771,3.57585646730178,0.000349083151446028,0.0209095106775959,"UP",113056730,113098028,"+",53.95,3908,1863,"deltex E3 ubiquitin ligase 1"
"PRPF40B","12",1044.89357159343,0.407129370292687,0.127946296892478,3.18203324504833,0.00146245030383724,0.0443243396599093,"UP",49568218,49644666,"+",47.42,912,NA,"pre-mRNA processing factor 40 homolog B"
"EIF2B1","12",1470.88797438146,-0.390145517138844,0.116806450688694,-3.34010249295768,0.000837474761185852,0.0337586076234017,"DOWN",123620406,123633766,"-",45.42,2397,918,"eukaryotic translation initiation factor 2B subunit alpha"
"VEZT","12",3217.07339302435,-0.392762530587571,0.119400285649219,-3.28946056076827,0.00100379623111326,0.037435526863645,"DOWN",95217746,95302799,"+",38.6,571,NA,"vezatin, adherens junctions transmembrane protein"
"FGD4","12",3391.88913652516,-0.400292017856965,0.107211595943051,-3.73366345623277,0.000188714622539544,0.0150738302124098,"DOWN",32399558,32646050,"+",40.83,8465,2712,"FYVE, RhoGEF and PH domain containing 4"
"MON2","12",4848.96855859659,-0.415264240444675,0.127800267728991,-3.24932214794159,0.00115680390562161,0.0393508569076852,"DOWN",62466817,62600476,"+",36.21,10382,5157,"MON2 homolog, regulator of endosome-to-Golgi trafficking"
"RFC5","12",450.844488729537,-0.432073494941032,0.137099533145558,-3.15153148247633,0.00162416652458864,0.0467087890174802,"DOWN",118013588,118033130,"+",45.74,572,297,"replication factor C subunit 5"
"ARID2","12",2343.54091865228,-0.453230748649775,0.0900327253033814,-5.03406674764685,4.80182352027986e-07,0.000611246861376257,"DOWN",45729706,45908040,"+",36.08,735,NA,"AT-rich interaction domain 2"
"MDM1","12",801.986848127361,-0.462349869173156,0.14040420340483,-3.29299164812077,0.000991274191579395,0.0372281950272349,"DOWN",68272443,68332381,"-",38.66,393,92,"Mdm1 nuclear protein"
"CCNT1","12",1855.83741975568,-0.477416005271175,0.113722859143055,-4.19806544496582,2.69204841174164e-05,0.0051824905330175,"DOWN",48688458,48716998,"-",40.95,6788,2181,"cyclin T1"
"CAPS2","12",709.460717358716,-0.490764934727633,0.152662124742027,-3.21471311601972,0.00130574948152355,0.0421078092801714,"DOWN",75275979,75390928,"-",35.15,1411,NA,"calcyphosine 2"
"ATP5MC2","12",1633.78871387482,-0.50106667249308,0.155480985315701,-3.22268778703502,0.00126993892138299,0.0416753633006364,"DOWN",53632726,53677408,"-",44.44,406,NA,"ATP synthase membrane subunit c locus 2"
"ATF7IP","12",4801.38766553506,-0.523289600288159,0.0998286681777548,-5.24187700627629,1.58951312538374e-07,0.00034949058591392,"DOWN",14365676,14502931,"+",36.09,2298,NA,"activating transcription factor 7 interacting protein"
"PLXNC1","12",2298.55709259599,-0.531912315763224,0.148756845803023,-3.57571655201374,0.000349269921183691,0.0209095106775959,"DOWN",94148577,94307675,"+",43.77,7492,4707,"plexin C1"
"COPZ1","12",1177.35918257962,-0.540307025765251,0.136941504449164,-3.94553154603194,7.9623147889712e-05,0.00924081931917809,"DOWN",54301202,54351846,"+",46.59,537,277,"COPI coat complex subunit zeta 1"
"ZNF268","12",1201.96415548003,-0.543004081848024,0.136145280746468,-3.9884164832655,6.65158117451108e-05,0.00855718841950664,"DOWN",133181409,133214832,"+",41.98,13390,2844,"zinc finger protein 268"
"FRS2","12",3132.42788022493,-0.568322826549115,0.156667276848426,-3.62757838127845,0.000286091938457035,0.018802770716092,"DOWN",69470349,69579793,"+",37.9,611,108,"fibroblast growth factor receptor substrate 2"
"TMBIM4","12",441.376984148418,-0.59053028780831,0.149920885280111,-3.93894610950947,8.18403084226397e-05,0.00924948457714936,"DOWN",66135846,66170027,"-",38.06,2876,717,"transmembrane BAX inhibitor motif containing 4"
"NEDD1","12",342.548599522869,-0.634608244386148,0.171871955248002,-3.69233155851659,0.000222207510421777,0.0165630840064514,"DOWN",96907224,96953780,"+",35.02,3366,1983,"NEDD1 gamma-tubulin ring complex targeting factor"
"ALG10B","12",648.310023612881,-0.696251225493234,0.161606361515248,-4.30831570592312,1.64502464508285e-05,0.00389902002328545,"DOWN",38316762,38329721,"+",33.73,10050,1422,"ALG10 alpha-1,2-glucosyltransferase B"
"CD4","12",920.532076663167,-0.697459380771805,0.22062786470103,-3.16124793084012,0.00157094721195213,0.0458522929723255,"DOWN",6786858,6820799,"+",48.56,577,NA,"CD4 molecule"
"MGAT4C","12",1163.6294720481,-0.717449426500745,0.192566737552055,-3.72571834378615,0.000194759781208319,0.0153248341858247,"DOWN",85955666,86838904,"-",34.58,25471,1437,"MGAT4 family member C"
"GOLT1B","12",757.844699825892,-0.795234675651177,0.242269423123544,-3.28243930000878,0.00102913139672624,0.0374850850494741,"DOWN",21501781,21518408,"+",35.99,813,NA,"golgi transport 1B"
"ENSG00000250790","12",70.3666645639382,-0.809765366168681,0.221416016995023,-3.65721223404937,0.000254973257484149,0.0175691829216856,"DOWN",132911470,132914732,"+",39.2,3263,NA,"novel transcript"
"SPX","12",1347.30965438589,-0.834881772868792,0.255334095948566,-3.26976219046346,0.00107637933510513,0.0380888978254215,"DOWN",21526296,21541249,"+",38.71,2280,351,"spexin hormone"
"SSPN","12",1217.36046126883,-0.921693174370053,0.283058654246479,-3.25619146612444,0.00112917578283147,0.0389034835948176,"DOWN",26121991,26299290,"+",41.2,553,361,"sarcospan"
"DBX2","12",286.481683155772,-0.958800196124151,0.285936944190876,-3.35318753173814,0.000798865592731645,0.0328443373130644,"DOWN",45014672,45051099,"-",37.28,2806,1020,"developing brain homeobox 2"
"SELPLG","12",1277.71906732271,-1.07654580798507,0.30240541273187,-3.55994225850578,0.000370936346021999,0.0216702088523866,"DOWN",108620413,108633894,"-",51.79,4120,1287,"selectin P ligand"
"LYZ","12",115.45817004548,-1.28829359530759,0.404613514550837,-3.18401029371875,0.00145249847055601,0.0441888402627265,"DOWN",69348381,69354234,"+",36.54,1490,447,"lysozyme"
"CLEC9A","12",65.8774054470575,-1.54955135902546,0.427368971834794,-3.62579284212626,0.000288076229500343,0.0188099874849127,"DOWN",10030678,10066031,"+",36.89,1733,726,"C-type lectin domain containing 9A"
"MFAP5","12",28.1052037995795,-2.18820455488348,0.52565266681108,-4.16283354588197,3.14322507100269e-05,0.00575447299546715,"DOWN",8637346,8662888,"-",42.51,585,491,"microfibril associated protein 5"
"MFAP1P1","13",206.684102189504,1.81044829010539,0.462702850338636,3.9127666682416,9.12446896966119e-05,0.00988287636476184,"UP",30541643,30542897,"-",54.02,1255,NA,"microfibril associated protein 1 pseudogene 1"
"HMGN1P24","13",21.7071770565182,1.47081481099663,0.468566426238093,3.13896755857038,0.00169544216823892,0.047996252403002,"UP",95809310,95809607,"-",47.65,298,NA,"high mobility group nucleosome binding domain 1 pseudogene 24"
"RBM22P2","13",113.15735274731,1.35763143743216,0.426115905903889,3.1860613946159,0.00144223987918569,0.0439320072014925,"UP",30539597,30543461,"-",49.37,1814,NA,"RNA binding motif protein 22 pseudogene 2"
"LINC00354","13",32.8421746255569,1.27121802477463,0.404425706788572,3.14326711540916,0.00167073301750268,0.0474833710473794,"UP",111865136,111913831,"+",46.65,376,NA,"long intergenic non-protein coding RNA 354"
"C13orf46","13",327.79218954532,1.18258502447308,0.371113093621564,3.18658933031071,0.00143961023490628,0.0439320072014925,"UP",113953705,113974076,"-",55.32,3786,639,"chromosome 13 open reading frame 46"
"CDC16","13",1687.07657065454,-0.380988291218484,0.114503403857763,-3.32730974261473,0.00087688845362992,0.0346542878096295,"DOWN",114234887,114272723,"+",41.32,2211,1863,"cell division cycle 16"
"ZMYM2","13",5763.47671239497,-0.410425470056927,0.102222082891242,-4.01503724487393,5.94364081226174e-05,0.00785534954564822,"DOWN",19958677,20091829,"+",37.61,1912,NA,"zinc finger MYM-type containing 2"
"FNDC3A","13",5084.32754578327,-0.522124230285442,0.158725681518783,-3.28947543516236,0.00100374317737715,0.037435526863645,"DOWN",48975912,49209779,"+",37.08,6286,3597,"fibronectin type III domain containing 3A"
"RCBTB2","13",556.026355308845,-0.70369188913687,0.221115278743847,-3.18246614677436,0.00146026585642355,0.0443136637433626,"DOWN",48488963,48533256,"-",40.27,3075,1656,"RCC1 and BTB domain containing protein 2"
"SMAD9","13",2833.58328102844,-0.782264316569927,0.219003850046464,-3.57192038589258,0.000354373149855861,0.020988351687149,"DOWN",36844831,36920887,"-",41.08,5558,1404,"SMAD family member 9"
"ENSG00000282885","14",4681.24557390656,1.02409898727784,0.309667305684298,3.3070943185778,0.000942691457039731,0.0363056299043996,"UP",49860314,49868199,"-",46.45,1676,NA,"novel transcript"
"CRIP1","14",107.199918757292,1.00592150178241,0.306327179538606,3.28381406866196,0.00102412463297544,0.0374850850494741,"UP",105486317,105488947,"+",68.07,2241,NA,"cysteine rich protein 1"
"RN7SL587P","14",175.430428519204,0.923122871385639,0.231264941308046,3.99162478395735,6.56221434305646e-05,0.00848736449738843,"UP",77547566,77547846,"-",55.87,281,NA,"RNA, 7SL, cytoplasmic 587, pseudogene"
"CCDC85C","14",2085.48849258466,0.899983044134657,0.226524883823971,3.97299859045075,7.09734693345765e-05,0.0087646954500407,"UP",99500190,99604207,"-",56.1,16564,1260,"coiled-coil domain containing 85C"
"PABPN1","14",2197.74523344273,0.865300479966022,0.182094295396059,4.7519362321811,2.01477919963275e-06,0.00129575144999264,"UP",23321457,23326163,"+",50.18,1811,921,"poly(A) binding protein nuclear 1"
"TMEM229B","14",1024.57488134597,0.700211302986388,0.202094564965031,3.46477057959251,0.000530683987182719,0.0264097179300437,"UP",67447084,67533739,"-",48.53,2812,504,"transmembrane protein 229B"
"CCDC177","14",1093.88732794966,0.644313571674367,0.181557039410932,3.5488217574205,0.00038695891821917,0.0222303762376457,"UP",69569799,69574871,"-",62.23,4182,2124,"coiled-coil domain containing 177"
"CEP170B","14",12385.513484054,0.602988724383086,0.193058640492957,3.12334492174715,0.0017880806567121,0.0491764882954496,"UP",104865268,104896747,"+",64.32,6727,4665,"centrosomal protein 170B"
"PACS2","14",11021.8598790238,0.539738782211796,0.154959281559391,3.48310070090852,0.000495641889315384,0.0256693677408605,"UP",105300563,105398147,"+",57.4,2944,2445,"phosphofurin acidic cluster sorting protein 2"
"TMEM121","14",486.689798777678,0.49029829614927,0.134568261148461,3.6434913549812,0.00026896469008365,0.0180699444287865,"UP",105526583,105530198,"+",71.49,1548,960,"transmembrane protein 121"
"EVL","14",6497.6572777359,0.422689291019946,0.114094319277611,3.70473564061914,0.000211611310534515,0.0163515372414945,"UP",99971449,100144236,"+",45.48,2353,1251,"Enah/Vasp-like"
"ACIN1","14",8394.60216462049,0.398748173238602,0.116557912079701,3.42103050855906,0.0006238433363063,0.0282551965016932,"UP",23058564,23095614,"-",45.36,2751,1749,"apoptotic chromatin condensation inducer 1"
"BRF1","14",2913.15483020632,0.392699590404022,0.11428811469622,3.43604924665897,0.000590263667653777,0.0276750635235901,"UP",105209286,105315589,"-",56.66,3579,1422,"BRF1 RNA polymerase III transcription initiation factor subunit"
"AKT1","14",4385.72700397974,0.374430312696887,0.107810096741723,3.47305423158924,0.000514571367979116,0.0259279648040477,"UP",104769349,104795759,"-",64.09,3916,1443,"AKT serine/threonine kinase 1"
"CCNK","14",340.470362923616,-0.372972969238776,0.118950403861757,-3.13553344192292,0.00171541868957853,0.0480198106784102,"DOWN",99481169,99535044,"+",50.14,955,NA,"cyclin K"
"AP5M1","14",2308.71609575535,-0.514402564255848,0.141802766787998,-3.62759187220164,0.000286076994692815,0.018802770716092,"DOWN",57268924,57298742,"+",35.15,11675,1473,"adaptor related protein complex 5 subunit mu 1"
"ERG28","14",451.738789122964,-0.574445852458929,0.182929735130178,-3.14025410931765,0.00168801346553659,0.0478620090005486,"DOWN",75649791,75660876,"-",43.72,2320,423,"ergosterol biosynthesis 28 homolog"
"CNIH1","14",1364.40327076192,-0.661136832701354,0.186739911617975,-3.54041525977521,0.000399497904937575,0.0225046364511929,"DOWN",54423561,54441391,"-",38.2,4735,435,"cornichon family member 1"
"WDR89","14",333.982630820069,-0.713975809788221,0.173315526778353,-4.11951440854632,3.79671683633183e-05,0.00612182622690145,"DOWN",63597039,63641871,"-",41.2,2993,1164,"WD repeat domain 89"
"GALC","14",1998.44343129228,-0.724659317794716,0.209002245833132,-3.4672322055969,0.000525847416227883,0.0263861942093103,"DOWN",87837820,87993665,"-",39.12,2067,1305,"galactosylceramidase"
"JKAMP","14",802.987020332347,-0.726680246825155,0.205642090799156,-3.53371357002434,0.00040976488396647,0.0228533637522651,"DOWN",59484443,59505410,"+",36.78,2347,936,"JNK1/MAPK8 associated membrane protein"
"MIS18BP1","14",701.458696146028,-0.75213237215851,0.148277620214662,-5.07246050394957,3.92704659209397e-07,0.00052766416042436,"DOWN",45203190,45253540,"-",37.65,4577,3399,"MIS18 binding protein 1"
"DTD2","14",131.381426540637,-0.760353660809738,0.203824576703923,-3.73043169329984,0.000191151963781458,0.0151580373639946,"DOWN",31446036,31457506,"-",38.5,2713,507,"D-aminoacyl-tRNA deacylase 2"
"TDRD9","14",282.326257997535,-0.788798868386288,0.226324872225452,-3.48525047481539,0.00049167655969203,0.0255322383768613,"DOWN",103928456,104052667,"+",42.7,4788,4149,"tudor domain containing 9"
"COX16","14",142.154523547327,-1.07492284512125,0.276841447375407,-3.88281037869165,0.00010325608900517,0.0105924271909744,"DOWN",70325081,70416984,"-",39.51,1669,321,"cytochrome c oxidase assembly factor COX16"
"MIR3175","15",31.8064112351573,1.50133243753375,0.415218295890694,3.61576657963302,0.000299460125121699,0.0192626132611527,"UP",92904399,92904475,"+",71.43,77,NA,"microRNA 3175"
"ACTBP7","15",149.894237085866,1.27603445570915,0.37663255909062,3.38800888268965,0.000704019842791429,0.0305150966267984,"UP",43989061,43990184,"-",57.3,1124,NA,"ACTB pseudogene 7"
"SPTBN5","15",440.163484234846,1.23209248348649,0.349547846140078,3.52481783850769,0.000423774095072874,0.0233009836437017,"UP",41848146,41894053,"-",59.31,11699,11025,"spectrin beta, non-erythrocytic 5"
"ENSG00000261426","15",75.8810952008958,1.11743629940799,0.35198201451445,3.17469715306182,0.00149992957238679,0.045081686220397,"UP",27362310,27366398,"+",42.21,4089,NA,"novel transcript, sense intronic to GABRG3"
"HCN4","15",327.387916848474,1.02247472713762,0.301018410877826,3.39671824110656,0.000681991498589682,0.0300782721324749,"UP",73319859,73368958,"-",55.03,6922,3612,"hyperpolarization activated cyclic nucleotide gated potassium channel 4"
"HSP90AB4P","15",232.622716167578,0.973106602973904,0.258389627597039,3.76604359866749,0.000165854842317599,0.0140749656712051,"UP",58691106,58693125,"-",45.94,1574,NA,"heat shock protein 90 alpha family class B member 4, pseudogene"
"TPM1-AS","15",119.933802208296,0.797410505026795,0.233042635796053,3.42173655178123,0.000622225721542403,0.028234805443198,"UP",62971190,63049387,"-",45.47,821,NA,"TPM1 antisense RNA"
"TMEM266","15",280.014701865544,0.752398638186528,0.196968625345183,3.81989079158148,0.000133510774044494,0.0123247770268707,"UP",76059958,76229121,"+",47.94,2292,282,"transmembrane protein 266"
"WASH3P","15",326.865174065943,0.70448265197494,0.19449533371108,3.62210567489213,0.000292214695390152,0.0188970711837065,"UP",101966075,101976266,"+",56.45,1394,NA,"WASP family homolog 3, pseudogene"
"ULK3","15",1691.90516658848,0.626542042488667,0.186545002477702,3.35866431245489,0.000783201440213644,0.0324834446913927,"UP",74836118,74843346,"-",59.88,2580,1419,"unc-51 like kinase 3"
"TLNRD1","15",1465.0002604771,0.557476361585612,0.149385332042551,3.7318012013845,0.000190115513610552,0.0151254401716606,"UP",81000923,81005788,"+",55.36,4866,1089,"talin rod domain containing 1"
"CTDSPL2","15",1713.27355725965,-0.338560593147988,0.106712686755426,-3.17263676364866,0.00151061391700451,0.0451615676102238,"DOWN",44427622,44529038,"+",40.01,6433,1401,"CTD small phosphatase like 2"
"RFX7","15",2487.36999003333,-0.344360192353385,0.10985168841572,-3.13477377835283,0.00171986684920881,0.0480886700751032,"DOWN",56087280,56245082,"-",37.42,4165,3831,"regulatory factor X7"
"ICE2","15",1361.60019062051,-0.408669998265047,0.0896780300068012,-4.55708046033185,5.18695582114613e-06,0.001960183023285,"DOWN",60419609,60479160,"-",36.91,7206,2949,"interactor of little elongation complex ELL subunit 2"
"EIF3J-DT","15",509.314733192749,-0.456506702024381,0.140856406974732,-3.24093672292998,0.00119137626166434,0.0401299052264389,"DOWN",44526572,44537088,"-",43.72,1093,NA,"EIF3J divergent transcript"
"FSIP1","15",303.581921718316,-0.47300502416724,0.150331341841452,-3.14641656472473,0.00165284412270234,0.0470938800921222,"DOWN",39588357,39782841,"-",38.59,988,556,"fibrous sheath interacting protein 1"
"NEO1","15",7324.49865671479,-0.552418187252731,0.172546759055381,-3.20155643766931,0.00136687296024288,0.0430458195526488,"DOWN",73051710,73305205,"+",38.73,7342,4386,"neogenin 1"
"INTS14","15",555.439205164809,-0.62839266005876,0.17670308668442,-3.55620646956228,0.000376248424271357,0.0217702018885815,"DOWN",65578753,65611289,"-",40.67,2615,174,"integrator complex subunit 14"
"APH1B","15",1003.97842131656,-0.773405916977863,0.180491977910805,-4.28498776471973,1.8274924536113e-05,0.00409256782250397,"DOWN",63276018,63309126,"+",40.76,758,566,"aph-1 homolog B, gamma-secretase subunit"
"PRTG","15",298.247676895818,-0.801634114238415,0.242288971599855,-3.30858688674585,0.000937680843544018,0.0361950119532917,"DOWN",55611544,55743152,"-",38.59,12142,3453,"protogenin"
"AGBL1","15",194.461947228075,-1.18731712168452,0.375126083747752,-3.16511480572733,0.00155021770771414,0.045686466472837,"DOWN",86079871,87049169,"+",39.11,12330,3366,"AGBL carboxypeptidase 1"
"ENSG00000275088","16",24.171621644803,1.95942601537554,0.511508286325923,3.83068284083873,0.000127788134527092,0.0119331421686187,"UP",85142696,85146001,"-",59.68,3306,NA,"novel transcript"
"ENSG00000270020","16",64.6179983805239,1.88146408471,0.497927603870676,3.77858963850227,0.000157719080164956,0.0135269279179774,"UP",86520383,86523897,"-",52.09,3515,NA,"novel transcript"
"ENSG00000279255","16",72.6201322329659,1.84373925270472,0.399655745508365,4.61331852081715,3.96290285780206e-06,0.00174266851852365,"UP",707650,709816,"+",61.14,2167,NA,"TEC"
"WFIKKN1","16",197.886851082077,1.59852707230646,0.452506232715282,3.53260785539778,0.000411482339830851,0.0228533637522651,"UP",629239,634117,"+",66.98,4878,NA,"WAP, follistatin/kazal, immunoglobulin, kunitz and netrin domain containing 1"
"ENSG00000289080","16",64.1144658145624,1.50338067623832,0.454003681792586,3.31138432689,0.000928356117571289,0.0359251536953267,"UP",29145438,29148379,"-",57,2942,NA,"novel transcript"
"HSD11B2","16",79.4865784146228,1.40053507869786,0.406617140264185,3.44435819352798,0.000572416815433258,0.0273606187708869,"UP",67430652,67437553,"+",59.84,540,NA,"hydroxysteroid 11-beta dehydrogenase 2"
"ENSG00000279249","16",101.557592521957,1.3855596788504,0.432452401813324,3.20395880110872,0.00135551872313781,0.0429679893025046,"UP",49282020,49350504,"+",42.26,1016,NA,"novel transcript, antisense to CBLN1"
"ENSG00000279129","16",96.2191489055449,1.30360214510416,0.340155616994679,3.83236989182089,0.000126914723991723,0.0119331421686187,"UP",78550739,78553296,"-",44.02,2552,NA,"TEC"
"NTN3","16",136.31399849959,1.28543645883465,0.391004264961227,3.28752541602612,0.00101072065265102,0.0374748572712353,"UP",2471297,2474145,"+",71.5,2188,1743,"netrin 3"
"ENSG00000260316","16",126.371783108878,1.24669450094975,0.389932623670915,3.1972049150776,0.00138766309663304,0.0434326316842603,"UP",898967,905224,"-",60.9,4728,NA,"novel transcript, intronic to LMF1"
"CAPN15","16",1485.4006790993,1.22883218150851,0.299108972416035,4.1083093281445,3.98566057075639e-05,0.00621917332672994,"UP",527712,554636,"+",65,4888,3261,"calpain 15"
"NPIPB4","16",287.356749368726,1.1658613091535,0.365137284239842,3.19293964071798,0.00140832380981662,0.0435015576810021,"UP",21834563,21880827,"-",45.38,4103,3669,"nuclear pore complex interacting protein family member B4"
"CASKIN1","16",7331.92706929865,1.15939684791955,0.268522127001812,4.31769575514992,1.57666556259318e-05,0.00381332332968786,"UP",2177180,2196605,"-",64.94,5839,4296,"CASK interacting protein 1"
"ENSG00000280063","16",127.175548922349,1.09737245369821,0.34416582439171,3.18849919406652,0.0014301340858662,0.0439320072014925,"UP",4346694,4348648,"-",53.91,1955,NA,"tec"
"ZNF469","16",1603.29883002883,1.08080942470542,0.308601687586041,3.50227969639369,0.000461295089886745,0.024277511980155,"UP",88382959,88440757,"+",61.26,13770,11862,"zinc finger protein 469"
"ENSG00000279764","16",290.564888387221,1.07186483197974,0.317237542107017,3.37874522939706,0.000728174558407282,0.0310610756078281,"UP",56306845,56308335,"+",55.67,1491,NA,"TEC"
"SBK1","16",1692.53009402829,0.976734630396385,0.268551944441719,3.63704173666244,0.000275787257481579,0.0183751807422851,"UP",28259246,28323849,"+",52.79,1539,1539,"SH3 domain binding kinase 1"
"TBX6","16",81.9908569476662,0.96790268683669,0.305814604726545,3.16499824363252,0.00155083887266184,0.045686466472837,"UP",30085793,30091924,"-",57.42,1843,1311,"T-box transcription factor 6"
"RAB11FIP3","16",7845.39935393147,0.864873271014378,0.181307644990482,4.7701974787648,1.84045398756941e-06,0.00128762631500425,"UP",425649,523011,"+",52.85,4801,2271,"RAB11 family interacting protein 3"
"FBXL19-AS1","16",158.07105559999,0.861646427210515,0.25556790365562,3.37149702636992,0.000747608457927792,0.0317779581079817,"UP",30919319,30923279,"-",52.64,3961,NA,"FBXL19 antisense RNA 1"
"FBXL19","16",2166.12168879595,0.823291062216913,0.204321343903308,4.02939333937879,5.59209814962456e-05,0.0075035841812665,"UP",30923055,30948783,"+",55.33,299,243,"F-box and leucine rich repeat protein 19"
"ZNF771","16",790.938261001567,0.799297139802665,0.180908327616977,4.41824403736104,9.95060316004875e-06,0.00289958178348119,"UP",30407414,30431108,"+",51.75,1454,954,"zinc finger protein 771"
"SPIRE2","16",1371.08491891904,0.790428606234912,0.14885293603498,5.31013110852689,1.09546400789788e-07,0.000264948924950181,"UP",89818179,89871319,"+",54.79,663,NA,"spire type actin nucleation factor 2"
"CBFA2T3","16",743.880567245898,0.781806788362757,0.212293838074023,3.68266359238442,0.000230809656905235,0.016778944215312,"UP",88874858,88977207,"-",60.67,4033,1704,"CBFA2/RUNX1 partner transcriptional co-repressor 3"
"MLYCD","16",1143.51485494373,0.75501600690732,0.229965089530553,3.2831766267158,0.0010264433201949,0.0374850850494741,"UP",83899115,83951445,"+",52.83,13054,1482,"malonyl-CoA decarboxylase"
"ZNF598","16",1386.09782801553,0.720158069899304,0.15108323691688,4.76663119347586,1.87331765135242e-06,0.00128762631500425,"UP",1997654,2009821,"-",64.24,3382,NA,"zinc finger protein 598, E3 ubiquitin ligase"
"ZFPM1","16",1078.68352068822,0.688842804996101,0.204642138212347,3.36608486899861,0.000762432467285006,0.0321818353468676,"UP",88453280,88537031,"+",63.06,5432,3021,"zinc finger protein, FOG family member 1"
"MAZ","16",1852.83050095587,0.679450905421884,0.187009462977263,3.63324344450149,0.000279880723203747,0.0185966900313347,"UP",29806106,29811164,"+",66.53,2333,1365,"MYC associated zinc finger protein"
"ZNF205","16",587.761002707832,0.671055564074951,0.153985796919201,4.35790558285754,1.31313005821229e-05,0.0033786557008428,"UP",3112560,3120517,"+",58.51,2062,1665,"zinc finger protein 205"
"RABEP2","16",979.655882034807,0.662135239885498,0.192805638259012,3.43421097984695,0.00059428144631163,0.0278013366740678,"UP",28904421,28936526,"-",52.63,2175,1602,"rabaptin, RAB GTPase binding effector protein 2"
"MMP15","16",617.60068033965,0.65876586419622,0.179016014109846,3.67992700246356,0.000233300728308756,0.0167934863537964,"UP",58025754,58046901,"+",59.38,4062,2010,"matrix metallopeptidase 15"
"ZNF768","16",1278.85517223808,0.65781039740742,0.195796451377737,3.3596645535641,0.00078037162166874,0.0324573822768541,"UP",30524004,30526821,"-",64.51,2289,1623,"zinc finger protein 768"
"ANTKMT","16",865.916286829991,0.635946766895422,0.193023980061325,3.29465161112821,0.00098543769970036,0.0370665570839081,"UP",720581,722590,"+",72.09,1686,NA,"adenine nucleotide translocase lysine methyltransferase"
"DBNDD1","16",1722.46350223985,0.635413387122212,0.157582532032983,4.03225775677481,5.52435475201146e-05,0.0075035841812665,"UP",90004871,90019890,"-",59.3,1843,231,"dysbindin domain containing 1"
"ANKRD11","16",17758.5284891905,0.631735810319764,0.15559552856648,4.06011545537344,4.90484563031828e-05,0.00689701141946964,"UP",89267619,89490561,"-",51.18,9227,7992,"ankyrin repeat domain containing 11"
"RHBDL1","16",397.889079911455,0.616333304376521,0.149164777356364,4.13189571492512,3.59783654333117e-05,0.0060011913542764,"UP",675671,678268,"+",68.21,1458,1122,"rhomboid like 1"
"SETD1A","16",2880.74191168571,0.601582975512149,0.151437652178176,3.97247954428366,7.11283459974455e-05,0.0087646954500407,"UP",30957294,30984664,"+",55.71,6451,5124,"SET domain containing 1A, histone lysine methyltransferase"
"KIFC3","16",1912.22174491547,0.599883403866569,0.162506017060386,3.69145349026465,0.000222976174044833,0.0165630840064514,"UP",57758217,57863053,"-",50.69,3225,2064,"kinesin family member C3"
"VPS9D1","16",1205.74449474438,0.572030897588642,0.177549564352179,3.22180963764005,0.0012738373840974,0.0416901636965897,"UP",89707134,89720898,"-",59.41,2791,1686,"VPS9 domain containing 1"
"TELO2","16",1334.51462829039,0.562120260275686,0.139313418302573,4.03493265131736,5.46179616650022e-05,0.0075035841812665,"UP",1493344,1510457,"+",63.09,1667,1281,"telomere maintenance 2"
"DEF8","16",3522.70585898589,0.543777069003022,0.10696693554256,5.08359958378599,3.7034826412102e-07,0.00052766416042436,"UP",89948697,89968060,"+",56.83,3620,1356,"differentially expressed in FDCP 8 homolog"
"RPUSD1","16",560.919495699508,0.508660410390122,0.148605324849015,3.42289491245975,0.000619580253938604,0.0282206554082092,"UP",784974,788397,"-",67.17,2159,939,"RNA pseudouridine synthase domain containing 1"
"CENPT","16",1674.81370092011,0.492435380303559,0.133348966498062,3.69283237235076,0.000221770211183639,0.0165630840064514,"UP",67828157,67847811,"-",53.77,2957,NA,"centromere protein T"
"DOK4","16",794.341340262191,0.491043539907895,0.152203481925187,3.226230659751,0.00125432226441306,0.0412748820232575,"UP",57471922,57487327,"-",58.39,2851,1098,"docking protein 4"
"STUB1","16",5474.55302793178,0.48583710888262,0.117917255987141,4.12015276996949,3.78621269785771e-05,0.00612182622690145,"UP",680224,682870,"+",64.94,1560,696,"STIP1 homology and U-box containing protein 1"
"WDR24","16",672.494181908374,0.476232582641236,0.138505227301344,3.43837262982937,0.000585221776562229,0.0276448708748712,"UP",684622,690444,"-",63.87,3243,2373,"WD repeat domain 24"
"CTU2","16",649.245113627097,0.470806209022529,0.138158366105932,3.40772855305441,0.000655060241023182,0.0292851885201233,"UP",88706483,88715396,"+",60.9,1586,210,"cytosolic thiouridylase subunit 2"
"CRAMP1","16",1239.12395957931,0.45873783699295,0.147143592728185,3.11762020002031,0.00182317584701193,0.0495457784307664,"UP",1612337,1677908,"+",53.1,246,159,"cramped chromatin regulator homolog 1"
"FLYWCH1","16",3126.92703500194,0.446629179252329,0.137020774383662,3.25957272728406,0.00111580169097211,0.0388693325019035,"UP",2911931,2951208,"+",52.32,5043,2151,"FLYWCH-type zinc finger 1"
"ARMC5","16",762.310175549088,0.425295319479492,0.134181701823101,3.1695478124147,0.00152676336717378,0.0453083420840062,"UP",31458080,31467166,"+",58.18,3626,3093,"armadillo repeat containing 5"
"NME3","16",698.170660116647,0.385998492707514,0.109295856044593,3.53168460979915,0.000412921523184481,0.0228533637522651,"UP",1770320,1771561,"-",69.24,848,510,"NME/NM23 nucleoside diphosphate kinase 3"
"LONP2","16",6401.62473383009,-0.326035425324284,0.0970508588559123,-3.35942854259885,0.000781038472055284,0.0324573822768541,"DOWN",48244300,48363122,"+",39.56,8195,2559,"lon peptidase 2, peroxisomal"
"CNOT1","16",5530.65827658411,-0.365841455882992,0.109617179078441,-3.33744636523804,0.000845520389543262,0.0339692939812197,"DOWN",58519951,58629885,"-",41.44,8411,7131,"CCR4-NOT transcription complex subunit 1"
"ZNF597","16",336.45827363765,-0.527075369841412,0.146880080491939,-3.58847413533613,0.000332618984058858,0.0204456296193735,"DOWN",3432414,3443504,"-",42.43,5483,1275,"zinc finger protein 597"
"CNEP1R1","16",375.490649416864,-0.539467384736793,0.149722633086491,-3.6031117915563,0.000314430215171748,0.0200126557477471,"DOWN",50024410,50037088,"+",40.53,2965,429,"CTD nuclear envelope phosphatase 1 regulatory subunit 1"
"CEP20","16",750.213861460186,-0.600900388915327,0.16947875927277,-3.54557934866753,0.000391751022462609,0.0223992676815146,"DOWN",15865719,15888625,"-",41.69,2264,525,"centrosomal protein 20"
"ITGAM","16",702.944479845021,-0.711201330422536,0.205370663370128,-3.46301325978958,0.000534162071069932,0.0264197215764772,"DOWN",31259967,31332892,"+",43.36,4745,3462,"integrin subunit alpha M"
"ENSG00000266711","17",26.5021833553347,3.60186891042361,0.919675369610348,3.91645686015237,8.98598867029801e-05,0.00987886918090126,"UP",79132722,79136402,"+",59.49,547,NA,"novel transcript, antisense to RBFOX3"
"ENSG00000288993","17",39.1055434761052,2.22095270962587,0.656717848185769,3.38189789688435,0.000719868956422147,0.0309594536643367,"UP",8125821,8126652,"-",58.89,832,NA,"novel transcript"
"KRT19","17",73.5989951040892,2.13569705011601,0.46013492229301,4.64145829113144,3.4595886028699e-06,0.00164065901860807,"UP",41523617,41528308,"-",57.44,1390,1203,"keratin 19"
"ENSG00000279801","17",52.2084912596832,1.8547728328687,0.50560666119989,3.66841059504044,0.000244063009826984,0.0171098781323925,"UP",77444704,77447167,"+",53.69,2464,NA,"TEC"
"CACNA1G","17",1163.7662068222,1.74280066023595,0.36925615432178,4.71976063184916,2.36122332311388e-06,0.00144665184005172,"UP",50560715,50627474,"+",56.94,7497,6786,"calcium voltage-gated channel subunit alpha1 G"
"ENSG00000263485","17",23.4395550201108,1.6725021710954,0.510169222834875,3.27832824136618,0.00104423891518505,0.0377518122610846,"UP",34080837,34132401,"-",42.36,659,NA,"novel transcript, sense intronic ASIC2"
"ENSG00000235296","17",59.4891963894341,1.51996350102775,0.380046762553766,3.99941178505032,6.35001109008575e-05,0.0082570628077857,"UP",81941719,81956167,"+",54.23,1660,NA,"novel transcript"
"FSCN2","17",63.7531896013505,1.51627485119341,0.462383679266386,3.2792568578526,0.00104080855750549,0.0377406233460687,"UP",81528377,81537130,"+",59.9,1684,1479,"fascin actin-bundling protein 2, retinal"
"SPPL2C","17",44.8707320050562,1.50905478037865,0.48258225779197,3.12704156858822,0.00176574959395919,0.048807336776568,"UP",45844881,45847067,"+",61.18,2187,2055,"signal peptide peptidase like 2C"
"RAI1-AS1","17",45.6093147402115,1.49245749593814,0.456518077963379,3.26921882830204,0.00107844861512988,0.0380888978254215,"UP",17758962,17774684,"-",55.13,870,NA,"RAI1 antisense RNA 1"
"MYADML2","17",60.8510686583656,1.48963444539061,0.370241200115321,4.02341620793856,5.73599976167588e-05,0.00762257638658752,"UP",81939645,81947233,"-",55.48,2452,924,"myeloid associated differentiation marker like 2"
"ENSG00000279668","17",315.362342678814,1.14300875633078,0.332125671385401,3.441494755774,0.000578509685184905,0.027523319465734,"UP",33827699,34079100,"-",43.77,884,NA,"novel transcript"
"KCNJ12","17",284.266070442603,1.09738136201365,0.341943678068067,3.20924594428446,0.00133083600305247,0.0425199583360977,"UP",21376357,21419870,"+",58.04,5263,1302,"potassium inwardly rectifying channel subfamily J member 12"
"HSD17B1P1","17",174.418526589303,1.0212179313161,0.315012496591049,3.24183307763136,0.0011876356201058,0.0400615831351171,"UP",42546764,42548706,"+",64.13,955,NA,"hydroxysteroid 17-beta dehydrogenase 1 pseudogene 1"
"ENSG00000279674","17",285.00862167009,1.01507432975344,0.296329532439315,3.4254916187313,0.000613687867975149,0.0280579485346823,"UP",34000789,34006772,"-",42.43,5984,NA,"TEC"
"CEP295NL","17",320.608147413208,1.00388635024736,0.314451782064259,3.1924969343701,0.00141048441934135,0.0435127247017728,"UP",78890579,78903217,"-",54.45,2091,1866,"CEP295 N-terminal like"
"TLK2P1","17",203.56625671475,0.991894557785741,0.302154690991034,3.28273757568495,0.00102804318753194,0.0374850850494741,"UP",34036681,34039872,"-",42.86,3192,NA,"tousled like kinase 2 pseudogene 1"
"BAHCC1","17",3374.50163667184,0.98120141105527,0.196017491843171,5.00568292058499,5.5664322952679e-07,0.000673148657466748,"UP",81395457,81466331,"+",63.19,10726,7827,"BAH domain and coiled-coil containing 1"
"KDM6B","17",1938.35785879416,0.979364885686565,0.310543470834917,3.1537126929556,0.00161207708061675,0.0465288637594515,"UP",7834217,7854796,"+",60.08,6728,4932,"lysine demethylase 6B"
"ASGR1","17",114.636534223872,0.950489177793004,0.284459022075411,3.34139227104924,0.000833593584889083,0.0337145392042264,"UP",7173431,7179564,"-",55.95,1310,876,"asialoglycoprotein receptor 1"
"TMEM102","17",71.7237939132354,0.929119910463539,0.266274633677177,3.48932941013816,0.000484234020377786,0.0253483193049965,"UP",7435435,7437679,"+",63.96,1981,1527,"transmembrane protein 102"
"ENSG00000276170","17",43.6456732005199,0.922265744794306,0.274724970656443,3.35705102667076,0.000787785724227295,0.03256988978831,"UP",38450374,38470098,"-",59.56,1165,NA,"novel transcript, antisense to ARHGAP23"
"ENSG00000279792","17",187.337728327333,0.890633313083705,0.259435428990716,3.43296718011316,0.00059701436083967,0.0278215594051411,"UP",50362967,50365232,"-",56.49,2266,NA,"TEC"
"ARHGAP27P1-BPTFP1-KPNA2P3","17",186.388171297908,0.839633802387555,0.222745021308284,3.7694840380988,0.00016358536954932,0.0139312526335206,"UP",64749663,64781707,"-",47.76,2732,NA,"ARHGAP27P1-BPTFP1-KPNA2P3 readthrough, transcribed pseudogene"
"GPS2","17",429.475558619041,0.828917335433251,0.18656599560347,4.44302474709831,8.87029587905749e-06,0.00278619449520629,"UP",7311324,7315564,"-",56.28,1238,983,"G protein pathway suppressor 2"
"FAM171A2","17",2345.93210270671,0.80239573483588,0.214760650007784,3.73623256777625,0.000186797914220186,0.0150096157917921,"UP",44353215,44363853,"-",60.58,3138,2481,"family with sequence similarity 171 member A2"
"HDAC5","17",6642.53249061239,0.787519271692388,0.191546786444573,4.11136770451781,3.93322222208392e-05,0.00621757599106677,"UP",44076746,44123702,"-",55.66,5326,3372,"histone deacetylase 5"
"TBC1D16","17",2339.41713033969,0.77607826850497,0.249230015534321,3.11390370393849,0.00184629737146326,0.0496161646957894,"UP",79932343,80035872,"-",52.49,10960,2304,"TBC1 domain family member 16"
"CCDC92B","17",865.190040097253,0.75854783871695,0.199741654393485,3.79764471772439,0.000146077494036934,0.0132820686871326,"UP",2720801,2749652,"-",52.85,4643,768,"coiled-coil domain containing 92B"
"RAI1","17",4837.97583100011,0.716419779952648,0.190719004499397,3.75641526565808,0.000172364594538166,0.0143258078470793,"UP",17681458,17811453,"+",56.45,7677,5721,"retinoic acid induced 1"
"MIF4GD-DT","17",92.5187475753366,0.702022071555536,0.217282199881214,3.23092306658956,0.00123391146941696,0.0411065878778494,"UP",75271369,75273895,"+",60.78,2527,NA,"MIF4GD divergent transcript"
"TSPOAP1","17",11673.585735311,0.677315236146238,0.17858393393964,3.7926997194225,0.000149018313054524,0.013304064138669,"UP",58301228,58328795,"-",57.84,4161,NA,"TSPO associated protein 1"
"BAIAP2-DT","17",1987.46586193737,0.666141433311266,0.196879109760985,3.38350490369432,0.000715669294645509,0.0308541489488347,"UP",81017969,81034881,"-",57.81,905,NA,"BAIAP2 divergent transcript"
"RFNG","17",731.475978297582,0.601670753116048,0.15851854267695,3.79558594821436,0.000147295153789785,0.013304064138669,"UP",82047902,82051831,"-",67.12,1755,NA,"RFNG O-fucosylpeptide 3-beta-N-acetylglucosaminyltransferase"
"TSEN54","17",626.057866887367,0.580039602385757,0.184691773912816,3.14058168426909,0.0016861267956844,0.0478620090005486,"UP",75515944,75524735,"+",54.97,3414,NA,"tRNA splicing endonuclease subunit 54"
"PPP1R9B","17",19201.2743544671,0.574618707032831,0.184009244268155,3.12277086576935,0.00179157166421571,0.0491838277760739,"UP",50133737,50150677,"-",59.42,4212,2454,"protein phosphatase 1 regulatory subunit 9B"
"FADS6","17",217.938517939619,0.519555391867411,0.160505224222849,3.23699988198545,0.00120793461709329,0.0404641366329893,"UP",74877302,74893781,"-",53.88,2174,1107,"fatty acid desaturase 6"
"BORCS6","17",357.477959417291,0.516625439169146,0.148588598884882,3.47688478824271,0.000507275747139477,0.0259279648040477,"UP",8188345,8190180,"-",65.58,1836,1074,"BLOC-1 related complex subunit 6"
"MYO18A","17",20476.858537313,0.453838833325773,0.135141118505049,3.3582586732018,0.00078435176134017,0.0324834446913927,"UP",29071122,29180398,"-",53.73,9980,6165,"myosin XVIIIA"
"ATPAF2","17",812.513843075299,0.451975885468988,0.122384471253699,3.69308198040955,0.000221552560909258,0.0165630840064514,"UP",17977409,18039209,"-",49.63,1298,324,"ATP synthase mitochondrial F1 complex assembly factor 2"
"SARM1","17",1185.08488340491,0.444152352677524,0.13273277680522,3.3462145776495,0.000819229722699578,0.0333908117383452,"UP",28364356,28404049,"+",51.55,1921,NA,"sterile alpha and TIR motif containing 1"
"SENP3","17",834.030624317617,0.419825643453414,0.116036813266583,3.61803837622553,0.000296844388559562,0.0191452756845375,"UP",7561919,7571969,"+",51.42,2567,1725,"SUMO specific peptidase 3"
"MCRIP1","17",2034.15715544882,0.405091397493998,0.129289795547701,3.13320471873236,0.00172908797375591,0.0481463745162372,"UP",81822361,81833302,"-",59.8,942,357,"MAPK regulated corepressor interacting protein 1"
"TIMM22","17",1036.72752637106,0.396393827998829,0.11123508118971,3.56356846922048,0.000365847210814432,0.0214766520406744,"UP",997129,1003671,"+",48.66,3182,585,"translocase of inner mitochondrial membrane 22"
"NARF","17",2077.3615198019,0.356152617008984,0.102369560962522,3.47908708077174,0.000503125068016668,0.0257861570272368,"UP",82458180,82490537,"+",51.72,599,111,"nuclear prelamin A recognition factor"
"MED13","17",6781.06156500213,-0.371208486746972,0.112903829533541,-3.28782901590327,0.00100963138173539,0.0374748572712353,"DOWN",61942605,62065278,"-",38.73,10461,6525,"mediator complex subunit 13"
"HEATR6","17",1087.04473196961,-0.422998233147945,0.122338675801315,-3.4576002263987,0.00054500947282883,0.0265956532237709,"DOWN",60041008,60078922,"-",40.88,6108,3546,"HEAT repeat containing 6"
"AMZ2P1","17",697.213433213124,-0.42950837754769,0.130838077654038,-3.28274753992791,0.00102800685303724,0.0374850850494741,"DOWN",64968222,64973517,"-",39.22,850,NA,"AMZ2 pseudogene 1"
"SUZ12","17",1378.01676570795,-0.43778937690078,0.137382404086132,-3.18664809960895,0.00143931777894659,0.0439320072014925,"DOWN",31937007,32001045,"+",41.01,4495,2220,"SUZ12 polycomb repressive complex 2 subunit"
"KAT7","17",2599.18427861194,-0.449241065278322,0.127883144978262,-3.51290285639038,0.000443239500165739,0.0238757027862106,"DOWN",49788624,49835026,"+",42.4,7226,1746,"lysine acetyltransferase 7"
"SRSF2","17",1068.76959595566,-0.46343404910906,0.148682007708637,-3.11694774809083,0.00182733957053981,0.0495457784307664,"DOWN",76734115,76737333,"-",48.99,1867,645,"serine and arginine rich splicing factor 2"
"ZNHIT3","17",563.731237246331,-0.52104312519139,0.162890926729444,-3.19872405205738,0.00138037225644394,0.0433017942858017,"DOWN",36486629,36499310,"+",45.77,926,129,"zinc finger HIT-type containing 3"
"GDPD1","17",624.871464266698,-0.551392262485328,0.165236495124394,-3.33698836973168,0.000846914920643161,0.0339692939812197,"DOWN",59220467,59275970,"+",40.88,934,393,"glycerophosphodiester phosphodiesterase domain containing 1"
"ZNF624","17",556.216584260436,-0.579216424384689,0.183939710390486,-3.14894713683667,0.00163859833597563,0.0469418854732932,"DOWN",16620734,16653856,"-",37.67,4241,2598,"zinc finger protein 624"
"SNHG16","17",343.543534676642,-0.586627167865152,0.185529857216432,-3.16190168346228,0.00156742474985941,0.0458522929723255,"DOWN",76557191,76714384,"+",49.24,3023,NA,"small nucleolar RNA host gene 16"
"PEX12","17",315.106878418063,-0.598049099035121,0.181099223299144,-3.30232834873758,0.00095885754750239,0.0366365381420107,"DOWN",35574795,35578863,"-",42.42,2617,1080,"peroxisomal biogenesis factor 12"
"RPA1","17",2080.52075244842,-0.694125051725379,0.215639951167097,-3.21890747966044,0.00128679996977139,0.0416908539320174,"DOWN",1829702,1900082,"+",44.49,577,372,"replication protein A1"
"PRR11","17",149.520965569897,-0.883306376384499,0.255995712698578,-3.45047331876432,0.000559604479686214,0.0269077414427252,"DOWN",59155732,59206709,"+",44.35,860,597,"proline rich 11"
"OMG","17",2132.61146322607,-0.964437259797613,0.28449490589333,-3.3899983437989,0.000698930459242861,0.0304034749770644,"DOWN",31272013,31297539,"-",38.2,799,NA,"oligodendrocyte myelin glycoprotein"
"ENSG00000267762","18",42.6778755125173,1.25559293973575,0.402376964508374,3.12043941498948,0.00180581440426573,0.0494065918343562,"UP",48673529,48692478,"-",50.2,618,NA,"novel transcript, antisense to CTIF"
"MTCL1","18",1816.13248227996,0.928570947635495,0.283148905413905,3.27944388934902,0.00104011891625409,0.0377406233460687,"UP",8705556,8832778,"+",45.47,7013,5718,"microtubule crosslinking factor 1"
"CCDC68","18",141.609222320772,0.834560561865822,0.267497046938661,3.11988700965806,0.00180920424044499,0.0494076815214825,"UP",54901509,54959461,"-",39.73,4085,1008,"coiled-coil domain containing 68"
"CTIF","18",7729.83379212883,0.469748552423135,0.148634914933812,3.16041861787532,0.00157542609195413,0.0458522929723255,"UP",48539031,48863217,"+",50.34,5765,1797,"cap binding complex dependent translation initiation factor"
"SS18","18",2780.98016440165,-0.512918961503498,0.160631372686641,-3.19314311348193,0.00140733179357264,0.0435015576810021,"DOWN",26016253,26091217,"-",35.21,3402,1257,"SS18 subunit of BAF chromatin remodeling complex"
"AMH","19",155.466337215512,2.21545976524803,0.482222966129485,4.59426431517809,4.34278643007452e-06,0.00179300287859413,"UP",2249309,2252073,"+",71.68,534,NA,"anti-Mullerian hormone"
"ENSG00000286460","19",39.9752577701535,1.80337630949393,0.564633496858706,3.19388828244671,0.00140370427583826,0.0434698996356263,"UP",2721710,2724517,"+",61.89,2520,NA,"novel transcript"
"COL5A3","19",2626.4969056533,1.71248683387701,0.4059643551546,4.21831821472319,2.46131292418757e-05,0.00491977804829757,"UP",9959561,10010504,"-",52.35,6207,5238,"collagen type V alpha 3 chain"
"GPR4","19",354.755947167318,1.41905823754002,0.425322522899558,3.33642861860653,0.000848622179809135,0.0339814172861982,"UP",45589764,45602212,"-",53,3052,1089,"G protein-coupled receptor 4"
"CDC42EP5","19",44.9334340985017,1.34471551153733,0.408150901979343,3.29465279879593,0.000985433535231093,0.0370665570839081,"UP",54465026,54473296,"-",54.27,896,447,"CDC42 effector protein 5"
"SHANK1","19",14414.2163671566,1.33329886278722,0.380699719896994,3.5022323188154,0.000461377130502674,0.024277511980155,"UP",50659255,50719802,"-",56.45,9636,6486,"SH3 and multiple ankyrin repeat domains 1"
"SRRM5","19",124.107528394622,1.33326014830217,0.392664393132151,3.39541901843253,0.000685236415488037,0.0300782721324749,"UP",43596617,43614498,"+",50.64,2698,2148,"serine/arginine repetitive matrix 5"
"FUT1","19",184.976135416143,1.31598524793825,0.326620830342742,4.02909161230565,5.59927962110772e-05,0.0075035841812665,"UP",48748011,48755390,"-",55.87,3425,1098,"fucosyltransferase 1 (H blood group)"
"ENSG00000261342","19",158.696326346715,1.24408749233593,0.390314138528977,3.18740053082541,0.00143557826195584,0.0439320072014925,"UP",2727743,2729327,"-",59.18,1585,NA,"novel transcript"
"TTC9B","19",1589.83200316543,1.1578225690205,0.22777906604269,5.08309472479575,3.71334395397947e-07,0.00052766416042436,"UP",40216058,40218384,"-",63.9,828,720,"tetratricopeptide repeat domain 9B"
"GRIN2D","19",502.246035159826,1.14272060691551,0.24278778012777,4.70666442237801,2.51802902562964e-06,0.0014798676956462,"UP",48393668,48444931,"+",52.92,5511,4011,"glutamate ionotropic receptor NMDA type subunit 2D"
"MAP3K10","19",5750.85599462854,1.12014930153696,0.312203035534733,3.58788728501118,0.000333368339553464,0.0204456296193735,"UP",40191426,40215575,"+",53.37,3754,2865,"mitogen-activated protein kinase kinase kinase 10"
"ANKRD24","19",1488.3963612743,1.0631652223011,0.232883918643692,4.56521527331271,4.9898202580275e-06,0.0019156157581056,"UP",4182689,4224814,"+",53.64,3838,3441,"ankyrin repeat domain 24"
"MBD3","19",1622.78958776758,1.02233238510181,0.277987883364081,3.6776149115926,0.0002354250256717,0.0168875623614056,"UP",1573596,1592865,"-",58.14,5518,780,"methyl-CpG binding domain protein 3"
"HOOK2","19",1233.28598021656,0.922664367212012,0.229039098155181,4.02841425173128,5.61543346071793e-05,0.0075035841812665,"UP",12763003,12872740,"-",53.64,2547,513,"hook microtubule tethering protein 2"
"TMEM91","19",180.546856989163,0.909499995003029,0.277575731670679,3.27658325722105,0.0010507132931627,0.0378153395653945,"UP",41350911,41384083,"+",52.68,1843,399,"transmembrane protein 91"
"P2RY11","19",216.678935329689,0.893098767383839,0.281329125838942,3.17456916243763,0.00150059124646262,0.045081686220397,"UP",10111693,10115372,"+",62.34,1788,1125,"purinergic receptor P2Y11"
"C2CD4C","19",443.431976857189,0.856808713496634,0.21892317949624,3.91374141133991,9.08769556967312e-05,0.00988287636476184,"UP",405445,409147,"-",68.43,3099,1266,"C2 calcium dependent domain containing 4C"
"ZNF865","19",1182.01998379844,0.837420583924532,0.181210201704531,4.62126622037523,3.81404962753799e-06,0.00174266851852365,"UP",55605647,55617269,"+",57.91,3763,3180,"zinc finger protein 865"
"CIC","19",10816.654545384,0.830603592090606,0.208633145660295,3.98116794654973,6.85774720196269e-05,0.00868384679720783,"UP",42268537,42295797,"+",61.52,8218,7545,"capicua transcriptional repressor"
"TPGS1","19",534.468234488944,0.820630469931755,0.151579382260668,5.41386603964736,6.16783172732288e-08,0.000213107397367187,"UP",507497,519654,"+",61.72,1114,873,"tubulin polyglutamylase complex subunit 1"
"NR2F6","19",1138.80713461083,0.818085955190892,0.188050427041804,4.35035414734276,1.35917836623073e-05,0.00342427999642255,"UP",17231883,17245919,"-",58.96,2383,1215,"nuclear receptor subfamily 2 group F member 6"
"RASIP1","19",448.438533721588,0.811856189164023,0.20488370918122,3.96252192235516,7.41621948849968e-05,0.00896843422744267,"UP",48720585,48740610,"-",53.6,3199,2892,"Ras interacting protein 1"
"LRP3","19",4096.22016317727,0.811564041272773,0.245702155301206,3.30303997650276,0.000956427520205937,0.0366015126640835,"UP",33177603,33208864,"+",54.7,575,275,"LDL receptor related protein 3"
"WIZ","19",3273.33896659369,0.802382592450038,0.202137234769239,3.9694942565433,7.2025342843009e-05,0.00879800475758089,"UP",15419978,15449956,"-",58.15,6356,3201,"WIZ zinc finger"
"SAMD1","19",3886.11665048016,0.800538570836376,0.170236516236299,4.7025079491475,2.56985211350121e-06,0.0014798676956462,"UP",14087851,14091036,"-",64.5,2196,1299,"sterile alpha motif domain containing 1"
"ZSWIM9","19",747.027279763602,0.800501006815653,0.188649365776306,4.24332731531608,2.20229853205727e-05,0.00459179243933941,"UP",48170680,48197620,"+",50.04,3600,2763,"zinc finger SWIM-type containing 9"
"TLE2","19",949.521965183937,0.781364009084304,0.186682874629303,4.18551519862688,2.84520029131898e-05,0.00537609486295632,"UP",2997639,3047635,"-",54.68,2406,2121,"TLE family member 2, transcriptional corepressor"
"ARID3A","19",354.312364568996,0.76802797188124,0.242227801542126,3.17068464887864,0.00152080143076569,0.0451868592192863,"UP",925781,975939,"+",58.94,377,NA,"AT-rich interaction domain 3A"
"ZNF358","19",2048.44801360233,0.766261207695922,0.237141959752976,3.23123418771656,0.00123256907291588,0.0411065878778494,"UP",7515292,7521025,"+",60.97,662,509,"zinc finger protein 358"
"GEMIN7","19",43.7004666898994,0.765901594572123,0.239619133830031,3.19632903403866,0.00139188286264311,0.0434326316842603,"UP",45079195,45091518,"+",50.44,848,396,"gem nuclear organelle associated protein 7"
"KANK2","19",2626.11630210397,0.762917842288293,0.23883706622785,3.19430251902555,0.00140169148294708,0.0434632182135358,"UP",11164270,11197791,"-",52.98,5183,2556,"KN motif and ankyrin repeat domains 2"
"NPAS1","19",436.81345037397,0.758467460470526,0.218991139630121,3.46346186312189,0.00053327218284463,0.0264197215764772,"UP",47019837,47045775,"+",55.35,2100,1773,"neuronal PAS domain protein 1"
"BICRA","19",1515.90897822295,0.756279008507718,0.212734587413167,3.55503549142619,0.000377928071395726,0.0218134851222248,"UP",47608196,47703277,"+",51.9,5739,4683,"BRD4 interacting chromatin remodeling complex associated protein"
"CTU1","19",188.40496289848,0.731905106049379,0.184251820633036,3.97230867806225,7.11794001751315e-05,0.0087646954500407,"UP",51097606,51108409,"-",54.38,2126,1047,"cytosolic thiouridylase subunit 1"
"HCN2","19",7213.79341139003,0.721139149455745,0.182437004942571,3.95281181952505,7.72381789539072e-05,0.00911259803014244,"UP",589881,617159,"+",63.15,3420,2670,"hyperpolarization activated cyclic nucleotide gated potassium and sodium channel 2"
"SHC2","19",2116.4757014106,0.716573285015824,0.184887801108944,3.87571965655857,0.000106310027313622,0.0106919970615189,"UP",416589,461033,"-",58.72,2525,1749,"SHC adaptor protein 2"
"PPP1R12C","19",7050.55414133644,0.706023048417625,0.160691802387669,4.39364695601799,1.11464779479259e-05,0.00309872086952341,"UP",55090914,55117637,"-",57.68,1262,704,"protein phosphatase 1 regulatory subunit 12C"
"ZNF787","19",786.22486926355,0.703690973856987,0.165358057610442,4.25555902159166,2.08527345086491e-05,0.00438560205935814,"UP",56087366,56121295,"-",58.61,1940,1149,"zinc finger protein 787"
"FEM1A","19",425.354342472911,0.697070066175872,0.206136679425454,3.38159161251045,0.000720671976061422,0.0309594536643367,"UP",4791734,4801273,"+",55.13,9540,2010,"fem-1 homolog A"
"ZNF653","19",577.292488856275,0.696920484692523,0.14341854257631,4.85934714000949,1.1777347296215e-06,0.000982230764504329,"UP",11483427,11505839,"-",55.65,674,652,"zinc finger protein 653"
"ZBTB7A","19",8294.44279100653,0.690613304398788,0.163347270919381,4.22788394634175,2.35899406413465e-05,0.00475455253626338,"UP",4043303,4066899,"-",61.71,6437,1755,"zinc finger and BTB domain containing 7A"
"ENSG00000279198","19",81.8431008806878,0.688077740911173,0.219283188109704,3.13784995029777,0.00170191977142337,0.047996252403002,"UP",16074292,16077395,"-",60.24,3104,NA,"TEC"
"APC2","19",19977.8112256015,0.672001301148189,0.187901541661975,3.57634799163641,0.000348427767057311,0.0209095106775959,"UP",1446302,1473244,"+",63.5,568,510,"APC regulator of WNT signaling pathway 2"
"SPTBN4","19",10656.9917160328,0.667253014756924,0.13983948557447,4.77156371117789,1.82801137647806e-06,0.00128762631500425,"UP",40466241,40576464,"+",51.05,6105,6009,"spectrin beta, non-erythrocytic 4"
"ZNF628","19",252.792350134137,0.650171401146374,0.208734734768897,3.11482131551426,0.00184056369918007,0.0495722423478499,"UP",55476617,55484487,"+",62.42,3562,3180,"zinc finger protein 628"
"PRR12","19",5420.54214640998,0.644712732621534,0.152427251071653,4.22964219382574,2.34063294569146e-05,0.00475455253626338,"UP",49591182,49626439,"+",55.73,7416,6111,"proline rich 12"
"ZNF444","19",1286.76441165189,0.637838297844117,0.177496360346142,3.59352888476275,0.000326229465329686,0.0203824776911699,"UP",56132599,56160893,"+",54.02,646,270,"zinc finger protein 444"
"TMEM160","19",1065.34304993387,0.633319552504583,0.169631979146367,3.73349150137618,0.000188843568773677,0.0150738302124098,"UP",47045909,47048624,"-",61.56,655,567,"transmembrane protein 160"
"MEX3D","19",962.694934093926,0.629887056945981,0.196578255428801,3.20425601281278,0.00135412008187762,0.0429679893025046,"UP",1554672,1568325,"-",61.04,3114,1956,"mex-3 RNA binding family member D"
"CAMSAP3","19",1703.18218516313,0.629346902609436,0.153433189369867,4.10176510827998,4.10010384893692e-05,0.00635673792887104,"UP",7595863,7618304,"+",58.7,4137,3750,"calmodulin regulated spectrin associated protein family member 3"
"ARHGAP33","19",2178.70402100665,0.612474787379806,0.191231298303861,3.20279573904582,0.00136100476881016,0.0430458195526488,"UP",35774532,35788822,"+",60.93,635,NA,"Rho GTPase activating protein 33"
"PALM","19",12867.1673265382,0.611303768679573,0.186019803820645,3.28622950956865,0.00101538241378298,0.0374850850494741,"UP",708935,748329,"+",59.66,2755,1032,"paralemmin"
"PHLDB3","19",522.498644949037,0.601834995977239,0.173149277330352,3.47581581197706,0.000509301943211428,0.0259279648040477,"UP",43474341,43504935,"-",50.68,3188,1221,"pleckstrin homology like domain family B member 3"
"PLPPR3","19",1691.5977187052,0.589941519433775,0.18188465805901,3.24349247335845,0.00118073930244714,0.0398845820795902,"UP",812488,821955,"-",61.41,2387,2241,"phospholipid phosphatase related 3"
"LMTK3","19",8868.73376613086,0.588096762640146,0.186447541885411,3.15422105699622,0.00160927138071891,0.0465288637594515,"UP",48485271,48513935,"-",58.49,2222,1953,"lemur tyrosine kinase 3"
"OLFM2","19",3514.92918119358,0.576423949836404,0.167175522225137,3.44801644501596,0.000564719652820797,0.0270461574715323,"UP",9853718,9936515,"-",50.51,2124,1437,"olfactomedin 2"
"PPFIA3","19",7150.78700369806,0.574888607954274,0.15298412203474,3.7578318606406,0.000171391980180483,0.0142940911470523,"UP",49119544,49151026,"+",55.14,4583,3585,"PTPRF interacting protein alpha 3"
"MATK","19",2035.62100996864,0.574455744210081,0.183371692009999,3.13273950800844,0.00173183067164745,0.0481463745162372,"UP",3777970,3802129,"-",54.4,1907,1401,"megakaryocyte-associated tyrosine kinase"
"NACC1","19",4906.5563819798,0.571518074315942,0.163502997626687,3.49545930418256,0.000473246613929339,0.0248285089034599,"UP",13116862,13141147,"+",55.36,4524,1584,"nucleus accumbens associated 1"
"CCDC61","19",642.221151550666,0.568792945670165,0.164319157017087,3.461513289111,0.000537147600294666,0.0264591687591177,"UP",45995461,46021318,"+",52.56,1282,999,"coiled-coil domain containing 61"
"LRRC4B","19",8044.70687689958,0.566832628101553,0.137563324115204,4.12052145255556,3.78015865649946e-05,0.00612182622690145,"UP",50516892,50568435,"-",55.28,3019,2142,"leucine rich repeat containing 4B"
"VSTM2B","19",2202.84609296911,0.559927988230961,0.159391214456858,3.51291625538441,0.000443217149037851,0.0238757027862106,"UP",29525994,29564551,"+",51.49,2065,858,"V-set and transmembrane domain containing 2B"
"STK11","19",3123.15664138868,0.533519020016669,0.165674432167861,3.22028579205334,0.00128062858489467,0.0416908539320174,"UP",1177558,1228431,"+",57.49,2466,930,"serine/threonine kinase 11"
"MEGF8","19",12003.0397331556,0.525249560987329,0.159953132561634,3.28377164345273,0.00102427880344097,0.0374850850494741,"UP",42325609,42378769,"+",54.75,10966,8337,"multiple EGF like domains 8"
"CACTIN","19",1638.51167719066,0.521555217322747,0.109523797757807,4.76202640887304,1.91658593153696e-06,0.00128762631500425,"UP",3610645,3626815,"-",61.59,699,354,"cactin, spliceosome C complex subunit"
"LMNB2","19",2318.55181741105,0.517692970963092,0.0971987076108787,5.32613018925728,1.00327234295776e-07,0.000264948924950181,"UP",2427638,2456959,"-",59.73,769,NA,"lamin B2"
"EVI5L","19",6310.3666909192,0.497153946380935,0.120304218059179,4.13247311192681,3.5888076020333e-05,0.0060011913542764,"UP",7830218,7864976,"+",58.04,3903,2418,"ecotropic viral integration site 5 like"
"EPN1","19",10478.0994655629,0.484333163246023,0.111251075710804,4.35351442807655,1.33972273758386e-05,0.00341079306644246,"UP",55675226,55709858,"+",54.85,16219,1731,"epsin 1"
"DACT3","19",3599.96434667205,0.45455585187977,0.127388518218348,3.56826390821697,0.000359354454336186,0.0211984069087195,"UP",46647551,46661182,"-",54.78,2939,1890,"dishevelled binding antagonist of beta catenin 3"
"PPP1R37","19",2866.47830910403,0.452447347495093,0.123328756077129,3.6686281601035,0.000243855444797557,0.0171098781323925,"UP",45091396,45148077,"+",55.56,176,NA,"protein phosphatase 1 regulatory subunit 37"
"C19orf25","19",1240.21309672701,0.451337915892467,0.141583672048193,3.18778224468453,0.00143368460369999,0.0439320072014925,"UP",1461143,1479219,"-",62.64,853,216,"chromosome 19 open reading frame 25"
"ZNF579","19",683.687496533446,0.446014632521928,0.129916021759863,3.43309952444775,0.000596723014696188,0.0278215594051411,"UP",55576774,55580848,"-",64.61,2922,1689,"zinc finger protein 579"
"KRI1","19",1581.70506788504,0.435308930268354,0.138201998056216,3.14980200279944,0.00163381148146971,0.04693036162806,"UP",10553085,10566031,"-",55.09,3744,NA,"KRI1 homolog"
"SCAF1","19",7741.54957929328,0.403409720645134,0.107443398623789,3.75462546617373,0.000173600869332246,0.0143791459783209,"UP",49642209,49658642,"+",58.14,4222,3939,"SR-related CTD associated factor 1"
"MPND","19",748.465647673242,0.397027024255319,0.105047616575287,3.77949578675849,0.000157146252220796,0.0135269279179774,"UP",4343527,4360086,"+",55.95,1567,1416,"MPN domain containing"
"MED25","19",1951.00281862148,0.326017401469579,0.0735853721184781,4.43046480684593,9.40301926407872e-06,0.00287875220153175,"UP",49818282,49840383,"+",55.17,506,NA,"mediator complex subunit 25"
"ZNF507","19",2563.377286143,-0.358351946186179,0.101196886543881,-3.54113608061244,0.000398408040479461,0.0225046364511929,"DOWN",32345594,32387667,"+",39.82,7638,2862,"zinc finger protein 507"
"ZNF737","19",2001.2917635085,-0.372921201122534,0.107779917779575,-3.46002491749169,0.000540125404531778,0.0265105956748289,"DOWN",20535825,20565809,"-",39.46,417,160,"zinc finger protein 737"
"ZFP30","19",868.346080392687,-0.375680499335927,0.118363624776172,-3.17395230203828,0.0015037840070623,0.045081686220397,"DOWN",37613749,37692337,"-",41.09,444,279,"ZFP30 zinc finger protein"
"ZNF791","19",1919.34966248033,-0.392737438900028,0.0958884299040492,-4.09577505120296,4.20758339830887e-05,0.00644962433249971,"DOWN",12610918,12633840,"+",45.22,6412,210,"zinc finger protein 791"
"ZNF506","19",1680.85833168058,-0.397610530069065,0.123820262418284,-3.21119114354543,0.00132185978839406,0.0423450342279454,"DOWN",19761038,19821751,"-",41.77,609,NA,"zinc finger protein 506"
"ZNF134","19",1194.96582697948,-0.39973662851184,0.113999415031753,-3.50647964641309,0.000454076162345925,0.0242536754550175,"DOWN",57614233,57624724,"+",46.32,559,NA,"zinc finger protein 134"
"ZNF548","19",618.299691367124,-0.41481331736611,0.119213672991737,-3.47957836509963,0.000502203470146446,0.0257861570272368,"DOWN",57389850,57403498,"+",45.44,5461,1602,"zinc finger protein 548"
"ZNF285","19",397.853474829425,-0.424916946131373,0.128235834528212,-3.31355855166905,0.000921168178085065,0.0357730576026589,"DOWN",44382298,44401608,"-",41.87,6031,1773,"zinc finger protein 285"
"ZNF121","19",1587.97908788466,-0.439874752063363,0.0844829200340314,-5.20667079080804,1.92258739756011e-07,0.000387497489978241,"DOWN",9560329,9584504,"-",41.93,7177,1173,"zinc finger protein 121"
"ZNF256","19",390.569099042601,-0.455421013251662,0.127303848824136,-3.57743318413573,0.000346984876033764,0.0209095106775959,"DOWN",57940833,57947706,"-",48.6,2207,1884,"zinc finger protein 256"
"ZNF540","19",803.152211742855,-0.469146874994131,0.113159460590204,-4.14589175794236,3.38493714787991e-05,0.00594947911847439,"DOWN",37551406,37614179,"+",39.55,3147,1983,"zinc finger protein 540"
"ZNF561","19",713.348706441304,-0.475957893944358,0.108942587786489,-4.36888735264087,1.24881157807681e-05,0.00334000109484603,"DOWN",9604680,9621236,"-",44.45,912,132,"zinc finger protein 561"
"ZNF426","19",1069.93212405689,-0.479012920034336,0.108399462170682,-4.41896030148284,9.91768611070645e-06,0.00289958178348119,"DOWN",9523223,9538645,"-",43.51,7104,1665,"zinc finger protein 426"
"ZNF302","19",1850.96452613662,-0.48492283792314,0.150267826626214,-3.22705697427413,0.00125070553827884,0.041211940257237,"DOWN",34677639,34686397,"+",39.83,568,NA,"zinc finger protein 302"
"ZNF486","19",218.027030628438,-0.486941371164468,0.143695434141658,-3.38870454773414,0.00070223630925293,0.0304924369400204,"DOWN",20167214,20200488,"+",40.91,3895,1392,"zinc finger protein 486"
"ZNF606","19",947.14572502362,-0.505112446144046,0.161790459414474,-3.12201626704113,0.00179617013672585,0.0492454219140504,"DOWN",57977076,58003349,"-",45.01,3606,177,"zinc finger protein 606"
"ZNF677","19",581.053925911237,-0.508701003611609,0.121634078470343,-4.18222434048892,2.88670914717432e-05,0.00541224398709752,"DOWN",53235381,53254898,"-",38.84,3512,1755,"zinc finger protein 677"
"ZNF254","19",1617.23247739881,-0.545874765021414,0.119248627423483,-4.57761885244069,4.70298591632073e-06,0.00184967021101507,"DOWN",24033405,24129968,"+",41.42,792,162,"zinc finger protein 254"
"ZNF432","19",657.125323191267,-0.546803372758374,0.139910736621216,-3.90823024710927,9.29746794606585e-05,0.00990610395346029,"DOWN",52031378,52095738,"-",41.15,4637,1959,"zinc finger protein 432"
"ZNF229","19",571.306897981235,-0.548556161396141,0.139126681633686,-3.94285377150347,8.05177524060139e-05,0.00924081931917809,"DOWN",44417519,44448578,"-",41.83,550,NA,"zinc finger protein 229"
"ZNF136","19",546.21783254222,-0.549698401483885,0.155207316539159,-3.54170417826402,0.000397551048002097,0.0225046364511929,"DOWN",12163064,12189871,"+",44.4,474,128,"zinc finger protein 136"
"ZNF529","19",1150.56292408476,-0.550673671954403,0.119333484366897,-4.61457800277859,3.93894822456469e-06,0.00174266851852365,"DOWN",36534774,36605276,"-",40.96,395,338,"zinc finger protein 529"
"ZNF559","19",723.510590512217,-0.557336224677176,0.178133665314392,-3.12875291536567,0.00175549859592837,0.0485795069120406,"DOWN",9323772,9351162,"+",40.31,2991,1809,"zinc finger protein 559"
"ZNF615","19",1005.14527188618,-0.561073690183916,0.10112729454167,-5.54819243139864,2.88638097290605e-08,0.00015875869533377,"DOWN",51991332,52008230,"-",39.06,4094,2196,"zinc finger protein 615"
"ZNF682","19",360.302669108638,-0.576865445357845,0.148907149039249,-3.87399429160917,0.000107065921387018,0.0107003982424232,"DOWN",19997058,20039505,"-",41.4,552,249,"zinc finger protein 682"
"ZNF826P","19",309.524327485141,-0.58649548054112,0.170489556462194,-3.44006690328374,0.000581570404776914,0.0275801211959499,"DOWN",20397334,20409959,"-",36.13,1910,NA,"zinc finger protein 826, pseudogene"
"ZNF28","19",585.815668377799,-0.611883304051967,0.184411337470657,-3.31803517313206,0.000906530681734023,0.0354779143501927,"DOWN",52797408,52857600,"-",45.1,4558,2157,"zinc finger protein 28"
"ZNF77","19",219.485675758161,-0.620211528420392,0.194861155060232,-3.18283820204536,0.00145839084699204,0.0443123630971726,"DOWN",2933218,2944971,"-",49.74,2040,1638,"zinc finger protein 77"
"ZNF627","19",514.168680106619,-0.637540577045691,0.191947692970765,-3.32142870371874,0.000895578600409354,0.0352776287125418,"DOWN",11559374,11619161,"+",48.22,588,NA,"zinc finger protein 627"
"ZIK1","19",304.630661531001,-0.641183477879359,0.145723463665358,-4.40000163152714,1.08250064270622e-05,0.0030443442493596,"DOWN",57578456,57593890,"+",47.31,572,NA,"zinc finger protein interacting with K protein 1"
"ZNF43","19",980.594268634756,-0.69801037194392,0.13709985220726,-5.09125546604314,3.55700395547903e-07,0.00052766416042436,"DOWN",21804946,21852125,"-",41.77,5584,2412,"zinc finger protein 43"
"ZNF799","19",139.795548041156,-0.720300987383153,0.204355809546278,-3.52473946780571,0.000423899479170955,0.0233009836437017,"DOWN",12390016,12401271,"-",41.86,4076,NA,"zinc finger protein 799"
"ZNF404","19",209.465254822734,-0.750471913613184,0.201452779088423,-3.72529938285825,0.000195083551257777,0.0153248341858247,"DOWN",43872365,43901385,"-",36.81,1849,1659,"zinc finger protein 404"
"ZNF818P","19",424.684687679314,-0.791491285545963,0.213081933037283,-3.71449270364689,0.000203611744231364,0.0158856569225154,"DOWN",53204016,53214522,"+",43.29,3644,NA,"zinc finger protein 818, pseudogene"
"ZNF724","19",91.985056627525,-0.79413251537463,0.246757892950543,-3.21826591189849,0.00128968193795462,0.0417008654430086,"DOWN",23221599,23250394,"-",40.39,2798,1860,"zinc finger protein 724"
"ZNF441","19",754.275265942581,-0.800970300507276,0.193303879648035,-4.14358109090036,3.41924087268643e-05,0.00594947911847439,"DOWN",11767000,11784078,"+",41.78,560,NA,"zinc finger protein 441"
"ENSG00000269374","19",37.5109714283855,-1.13168208921928,0.316399370258553,-3.57675202796547,0.00034788989871271,0.0209095106775959,"DOWN",42485076,42485714,"-",44.91,639,NA,"zinc finger, AN1-type domain 5 (ZFAND5) pseudogene"
"ZNF426-DT","19",44.8688348722931,-1.21752211061136,0.374101739095033,-3.25452138649928,0.00113583607675046,0.0389133603928252,"DOWN",9538665,9539742,"+",50.09,941,NA,"ZNF426 divergent transcript"
"ZNF730","19",72.3025032056402,-1.31430631618422,0.394835690705416,-3.32874242912556,0.000872390433473993,0.0346492200566353,"DOWN",23075210,23147221,"+",41.52,464,138,"zinc finger protein 730"
"CYP4F3","19",223.283530235453,-2.11704049208277,0.370953357136342,-5.70702610275787,1.14967156746522e-08,0.00015875869533377,"DOWN",15640897,15662825,"+",45.74,2078,NA,"cytochrome P450 family 4 subfamily F member 3"
"ENSG00000167046","20",32.5087077492749,2.18460911955006,0.5679861716938,3.84623645508006,0.000119946014899421,0.0117449972322162,"UP",62640719,62643304,"-",65.12,1933,NA,"novel transcript, antisense to SLCO4A1"
"SLCO4A1-AS1","20",44.8360361417586,2.13822775588972,0.620023723832465,3.44862248604455,0.000563453854592638,0.0270390772364634,"UP",62663019,62666724,"-",60.96,673,NA,"SLCO4A1 antisense RNA 1"
"ENSG00000231703","20",40.1306105836826,1.85474356950239,0.566574206488131,3.2736110261688,0.00106182667251532,0.0379740759665294,"UP",53397661,53412910,"-",43.8,3280,NA,"novel transcript, antisense to TSHZ2"
"SLCO4A1","20",1562.69424119237,1.80926254835747,0.462930498684009,3.90828116423681,9.2955091170272e-05,0.00990610395346029,"UP",62642503,62685785,"+",58.19,2716,2169,"solute carrier organic anion transporter family member 4A1"
"ENSG00000280936","20",82.3321925885092,1.51970078501322,0.449561460701938,3.38040716977915,0.000723785198954589,0.0309831306582579,"UP",63422269,63424555,"+",64.63,519,NA,"novel transcript, antisense to KCNQ2"
"LIME1","20",167.063102533834,1.32015765464577,0.385327305209876,3.42606827182081,0.000612386435536499,0.0280579485346823,"UP",63736283,63739103,"+",68.95,451,320,"Lck interacting transmembrane adaptor 1"
"ADAM33","20",423.531440194122,1.22815492436865,0.338870694125757,3.62425829574062,0.00028979188419339,0.0188411465352186,"UP",3667965,3682246,"-",61.2,3001,NA,"ADAM metallopeptidase domain 33"
"XKR7","20",306.478102416457,0.987383103303337,0.257342343351647,3.83684663178077,0.000124624246738711,0.0119005648146978,"UP",31968151,32003387,"+",51.79,7695,1740,"XK related 7"
"ZGPAT","20",433.405757499504,0.606722558818728,0.189489402448474,3.20188121857478,0.00136533284418041,0.0430458195526488,"UP",63707465,63736142,"+",49.61,1881,1536,"zinc finger CCCH-type and G-patch domain containing"
"SNX21","20",1270.88889533749,0.601119146926256,0.156860983587765,3.83217759558371,0.000127013993654052,0.0119331421686187,"UP",45833799,45843276,"+",52.48,3206,1122,"sorting nexin family member 21"
"CEP250","20",7287.68548558779,0.475708770729873,0.128756978487459,3.69462514822997,0.000220211413620148,0.0165630840064514,"UP",35455164,35519280,"+",47.9,868,492,"centrosomal protein 250"
"ZNF335","20",2285.13317342154,0.389926089281302,0.0996740828987742,3.91201080502841,9.15308155836704e-05,0.00988287636476184,"UP",45948660,45972203,"-",53.48,4454,4029,"zinc finger protein 335"
"NFS1","20",879.531325903343,-0.465768905294605,0.149481650803924,-3.11589350792999,0.00183388486144421,0.0495579209596532,"DOWN",35668052,35699355,"-",46.44,3008,1374,"NFS1 cysteine desulfurase"
"CSTF1","20",650.601439965007,-0.55339934936564,0.160354012641964,-3.45111007980361,0.000558285812384909,0.0268978100763773,"DOWN",56392371,56406362,"+",41.14,585,NA,"cleavage stimulation factor subunit 1"
"ITCH","20",1325.46920264885,-0.564407927834086,0.139126964236671,-4.0567831759339,4.97532305439101e-05,0.00691569904560351,"DOWN",34363235,34511773,"+",40.54,5266,2493,"itchy E3 ubiquitin protein ligase"
"ENSG00000289404","21",29.6435920246807,1.76659323700237,0.444302851933894,3.9761015021916,7.00542341088418e-05,0.0087646954500407,"UP",38497742,38498268,"-",45.16,527,NA,"novel transcript, sense intronic to ERG"
"LRRC3","21",128.353665562949,1.48426049130591,0.413854233627552,3.58643302569588,0.000335232112112997,0.0204745552110226,"UP",44455510,44462196,"+",61.15,5845,774,"leucine rich repeat containing 3"
"AIRE","21",101.261149543714,1.2478485133167,0.329547142611567,3.78655540275014,0.000152750050596784,0.0134342280863048,"UP",44285838,44298648,"+",63.87,4306,NA,"autoimmune regulator"
"ENSG00000286643","21",97.5586076255215,1.23403998682564,0.326510827931783,3.77947645608697,0.00015715845177351,0.0135269279179774,"UP",31347736,31359157,"+",43.42,2138,NA,"novel transcript, antisense to TIAM1"
"TRPM2-AS","21",28.9944204760031,1.22977718128086,0.384947862071681,3.19465907580976,0.00139996109016697,0.0434632182135358,"UP",44414588,44425272,"-",57.84,586,NA,"TRPM2 antisense RNA"
"ERVH48-1","21",178.343192038497,1.13377675352467,0.307939516459237,3.68181637277705,0.000231578186133423,0.016778944215312,"UP",42916803,42925630,"-",50.56,2774,483,"endogenous retrovirus group 48 member 1, envelope"
"AATBC","21",229.467477504664,1.08824094250287,0.333903048175334,3.25915246491379,0.00111745597062515,0.0388693325019035,"UP",43805758,43812567,"-",60.18,932,NA,"apoptosis associated transcript in bladder cancer"
"GRIK1-AS1","21",94.6931716961343,0.956998377884293,0.275969717785765,3.46776590403737,0.000524804245458318,0.0263861942093103,"UP",29748175,29764002,"+",40.42,767,NA,"GRIK1 antisense RNA 1"
"PDXK","21",14583.7294093277,0.837579327181362,0.193046189369577,4.33875089643887,1.43294831033444e-05,0.00353645794221925,"UP",43719094,43762307,"+",57.26,2251,264,"pyridoxal kinase"
"TRPM2","21",3597.06826181143,0.824415386366592,0.166606026750244,4.94829270253505,7.48672669724011e-07,0.00082306350863386,"UP",44350163,44443081,"+",54.13,5989,4512,"transient receptor potential cation channel subfamily M member 2"
"CFAP298-TCP10L","21",409.292177455047,0.818209797254265,0.260801674450066,3.13728736205228,0.00170518911175309,0.047996252403002,"UP",32402511,32612865,"-",46.17,1369,575,"CFAP298-TCP10L readthrough"
"WDR4","21",499.244666549656,0.764953868938846,0.193670318207183,3.94977338819943,7.82252179778941e-05,0.00918424816511334,"UP",42843094,42879568,"-",53.71,1471,1239,"WD repeat domain 4"
"ENSG00000233783","21",510.789769986157,0.732279678343441,0.170528637360873,4.29417422009763,1.75344746156822e-05,0.00396344675752234,"UP",25928754,25952614,"+",39.7,659,NA,"novel transcript"
"PCNT","21",11110.546719231,0.72616560094761,0.175629458604444,4.13464578617813,3.55502522761496e-05,0.0060011913542764,"UP",46324124,46445769,"+",51.58,4037,1392,"pericentrin"
"CFAP410","21",1197.37856516748,0.698074639756551,0.184683360565712,3.77984588117872,0.000156925462429603,0.0135269279179774,"UP",44328944,44339402,"-",60.43,2221,771,"cilia and flagella associated protein 410"
"SLX9","21",448.490529033601,0.629553319998015,0.15846973313995,3.97270385659092,7.10613749192278e-05,0.0087646954500407,"UP",44940025,44976973,"+",56.69,643,610,"SLX9 ribosome biogenesis factor"
"ENSG00000281732","22",188.634195519667,2.17946009973244,0.559365094451507,3.89631051588862,9.76691540600225e-05,0.0102705485221552,"UP",48538900,48547409,"-",56.04,1408,NA,"novel transcript"
"ADORA2A-AS1","22",61.846968034571,2.17412225870912,0.614156565146048,3.54001305545291,0.000400107238650995,0.0225046364511929,"UP",24429206,24495074,"-",46.81,2557,NA,"ADORA2A antisense RNA 1"
"IL17REL","22",28.5409894850003,1.83244774327713,0.565768968573219,3.23886223010478,0.00120007526119453,0.0402566161820399,"UP",49991811,50012765,"-",58.55,6370,117,"interleukin 17 receptor E like"
"MIR648","22",29.5479259555103,1.51485390386917,0.430800846229593,3.51636705713859,0.000437495693888536,0.0237781367469396,"UP",17980868,17980961,"-",63.83,94,NA,"microRNA 648"
"ENSG00000273188","22",41.8222518031657,1.4851651354333,0.375190009708322,3.95843465178586,7.54425755420731e-05,0.00903294124782466,"UP",50191724,50192402,"-",56.85,679,NA,"novel transcript, antisense to TRABD"
"SHISA8","22",140.436060676054,1.39203973068551,0.414342473938482,3.35963561122191,0.000780453369987112,0.0324573822768541,"UP",41909543,41915074,"-",67.99,1823,1194,"shisa family member 8"
"SMTN","22",1460.0260638076,1.18216991224807,0.348300678129126,3.39410740914436,0.000688526821251073,0.0301133990936319,"UP",31064105,31104757,"+",54.79,567,274,"smoothelin"
"SHANK3","22",12276.7074472433,1.13692057175832,0.365068223498822,3.11426878204313,0.00184401422744773,0.0496099311513358,"UP",50674408,50733212,"+",57.13,7982,2280,"SH3 and multiple ankyrin repeat domains 3"
"MIR1281","22",50.5339025999357,1.00375207233374,0.240450546330295,4.17446367934192,2.98688865067423e-05,0.00555699145424668,"UP",41092513,41092566,"+",66.67,54,NA,"microRNA 1281"
"SHISAL1","22",2819.08912244807,0.934760440665132,0.270735625195425,3.4526687797012,0.000555070106837373,0.0268498512079374,"UP",44243665,44312951,"-",53.42,6853,600,"shisa like 1"
"PANX2","22",1775.75438536668,0.886658363118137,0.256452421944775,3.45739906215069,0.000545416521913105,0.0265956532237709,"UP",50170731,50180295,"+",64.17,2964,1932,"pannexin 2"
"PRR5","22",396.677055246353,0.856099902703986,0.175312784874131,4.88327136733717,1.04340117480674e-06,0.000906947317389781,"UP",44668547,44737681,"+",56.73,1726,882,"proline rich 5"
"PDXP","22",1657.12442710664,0.777520111520717,0.184720953269656,4.20916034569013,2.56321443997431e-05,0.00504015483294461,"UP",37658723,37666932,"+",55.3,2012,891,"pyridoxal phosphatase"
"GAS2L1","22",3226.40834494509,0.752941627924333,0.193447193852384,3.89223339418864,9.93256226508452e-05,0.0103995216858586,"UP",29306618,29312787,"+",64.94,2859,2046,"growth arrest specific 2 like 1"
"HIRA","22",1049.93396263827,0.66829765994239,0.121168168572898,5.51545564989143,3.47877466354168e-08,0.00015875869533377,"UP",19330698,19447450,"-",46.11,3395,2433,"histone cell cycle regulator"
"SBF1","22",16456.588154844,0.668217505050082,0.192049313717734,3.47940584693888,0.000502526916669487,0.0257861570272368,"UP",50443219,50483923,"-",60.64,7297,NA,"SET binding factor 1"
"MICAL3","22",8565.98478664929,0.608856798105266,0.1868302542328,3.25887689124803,0.00111854194250082,0.0388693325019035,"UP",17787649,18024561,"-",49.78,9447,6009,"microtubule associated monooxygenase, calponin and LIM domain containing 3"
"PPM1F","22",2149.04863339956,0.607623196874768,0.177317794456697,3.42674686844899,0.000610858219113748,0.0280579485346823,"UP",21919425,21952848,"-",55.32,5149,1365,"protein phosphatase, Mg2+/Mn2+ dependent 1F"
"CSDC2","22",994.938739400092,0.598010312623999,0.152785728542775,3.9140456266933,9.07624735837423e-05,0.00988287636476184,"UP",41561010,41577741,"+",55.8,2530,462,"cold shock domain containing C2"
"SEPTIN5","22",649.580762803321,0.580905073358337,0.185885973226764,3.12506136570986,0.00177767970776126,0.0490250415187159,"UP",19714503,19724224,"+",66.51,2031,1110,"septin 5"
"CBX7","22",4290.5221838088,0.570619965876792,0.138393589468628,4.12316761251535,3.73697564699001e-05,0.00612182622690145,"UP",39120167,39152680,"-",54.25,451,NA,"chromobox 7"
"POLR3H","22",1666.78909288832,0.423493916910938,0.111649233602488,3.79307500147051,0.000148793190574069,0.013304064138669,"UP",41525799,41544606,"-",55.14,4468,615,"RNA polymerase III subunit H"
"DGCR6L","22",1209.54915864513,0.411957580561806,0.0989465771989757,4.16343437260476,3.13496161026049e-05,0.00575447299546715,"UP",20314238,20320080,"-",57.69,1172,663,"DiGeorge syndrome critical region gene 6 like"
"NCAPH2","22",1829.71805292481,0.347740816944797,0.105944829853476,3.2822820842294,0.00102970540128166,0.0374850850494741,"UP",50508224,50524780,"+",55.48,3337,1818,"non-SMC condensin II complex subunit H2"
"HSCB","22",170.104220468869,-0.480271718717844,0.151932592858657,-3.16108419978484,0.00157183054619946,0.0458522929723255,"DOWN",28742039,28757515,"+",46.7,1106,708,"HscB mitochondrial iron-sulfur cluster cochaperone"
"FBXO7","22",3021.99315235874,-0.542177732515638,0.146391320327347,-3.70361939016104,0.000212545080012885,0.0163713863222664,"DOWN",32474676,32498829,"+",38.81,1900,126,"F-box protein 7"
"ADA2","22",843.727699696233,-0.74035931325524,0.16883823448662,-4.38502164812623,1.15974244351978e-05,0.00318744667488288,"DOWN",17178790,17258235,"-",48.88,3455,762,"adenosine deaminase 2"
"ITGB1BP2","X",25.3113987651236,1.69244252623815,0.458514924381107,3.69113945096241,0.000223251690486363,0.0165630840064514,"UP",71301750,71305371,"+",46.36,1280,1044,"integrin subunit beta 1 binding protein 2"
"SRPK3","X",299.418517033913,0.922810737834768,0.263507935101832,3.50202257658067,0.000461740490815815,0.024277511980155,"UP",153776412,153785732,"+",64.63,4479,1905,"SRSF protein kinase 3"
"ARX","X",958.741359548301,0.77047972547759,0.226633494444587,3.39967279490532,0.000674665356831113,0.0298854511361123,"UP",25003694,25016420,"-",54.62,2893,1689,"aristaless related homeobox"
"IRAK1","X",2637.44753591478,0.648950037621209,0.192032933925145,3.37936844663411,0.00072652568641712,0.0310454951443188,"UP",154010506,154019902,"-",61.62,3319,1902,"interleukin 1 receptor associated kinase 1"
"LINC01278","X",1351.24963241741,-0.312339451834657,0.0929257202800972,-3.36117332094066,0.000776121063975797,0.0324573822768541,"DOWN",63222993,63561095,"-",38.34,943,NA,"long intergenic non-protein coding RNA 1278"
"MED14","X",1679.08394212168,-0.520299055671839,0.146267651317868,-3.55717105582785,0.000374870069090008,0.0217424640072205,"DOWN",40648305,40735858,"-",38.86,7996,4365,"mediator complex subunit 14"
"GLUD2","X",253.868900703935,-0.535526536457791,0.157117586141548,-3.40844427163827,0.000653344286623138,0.0292625646597541,"DOWN",121047610,121050094,"+",47.81,2485,1677,"glutamate dehydrogenase 2"
"APOOL","X",1132.39555962269,-0.557078778761516,0.148891690319207,-3.74150348865812,0.000182922637885282,0.0147965448825867,"DOWN",85003877,85093315,"+",37.14,6480,807,"apolipoprotein O like"
"RAP2C","X",809.981132616258,-0.588803715258211,0.114410915536119,-5.14639457694339,2.65540582719217e-07,0.000458740323831928,"DOWN",132203024,132219480,"-",37.77,3341,354,"RAP2C, member of RAS oncogene family"
"CA5B","X",619.606354801863,-0.610461290441492,0.139934177346437,-4.36248886453352,1.28591133126947e-05,0.00337317249841493,"DOWN",15688830,15788411,"+",41.7,488,230,"carbonic anhydrase 5B"
"ARHGEF6","X",3636.03793571512,-0.695646461188373,0.185773675171139,-3.74459115667238,0.000180687766718875,0.0147141896493694,"DOWN",136665547,136780932,"-",39.75,4764,1869,"Rac/Cdc42 guanine nucleotide exchange factor 6"
"MMGT1","X",1193.1186880639,-0.7370090087785,0.219815291930861,-3.35285594693891,0.000799823231044366,0.0328443373130644,"DOWN",135960588,135974029,"-",38.96,5145,396,"membrane magnesium transporter 1"
"COX7B","X",1579.80794308792,-0.745645447628034,0.235699178383025,-3.16354708040737,0.00155859140417131,0.0457476841035041,"DOWN",77899440,77907376,"+",40.81,605,183,"cytochrome c oxidase subunit 7B"
"TAF9B","X",1159.60600067648,-0.784423906249224,0.240759382920243,-3.25812392744453,0.00112151417565078,0.0389034835948176,"DOWN",78129748,78139650,"-",38.33,2657,756,"TATA-box binding protein associated factor 9b"
"AR","X",411.668565004713,-0.809657972252368,0.199484145586425,-4.05875850370069,4.93343004909633e-05,0.00689710631025686,"DOWN",67544021,67730619,"+",39.68,4523,1839,"androgen receptor"
"MAGT1","X",1333.29879113075,-0.85153928447155,0.255981654503695,-3.32656371849201,0.000879239152821068,0.0346905026918929,"DOWN",77825747,77899271,"-",40.92,4506,1008,"magnesium transporter 1"
"IL13RA1","X",1265.93366353542,-0.923998167051803,0.257314500472539,-3.59092925332598,0.000329501074994472,0.0203849949099352,"DOWN",118727133,118794535,"+",40.57,4189,1278,"interleukin 13 receptor subunit alpha 1"
"NXT2","X",176.542102747669,-1.01507683011305,0.218437708384278,-4.64698534708722,3.36821080562353e-06,0.00162927093089621,"DOWN",109535781,109544698,"+",37.39,2692,594,"nuclear transport factor 2 like export factor 2"
"CFAP47","X",400.421515319205,-1.57378587880204,0.399270986839339,-3.94164848104856,8.09235151821143e-05,0.00924081931917809,"DOWN",35919734,36385317,"+",35.12,3608,2931,"cilia and flagella associated protein 47"
"MT-TE","MT",5391.81982912281,-0.998102083235687,0.29846094915778,-3.34416306740365,0.000825312113310959,0.0334355088317234,"DOWN",14674,14742,"-",39.13,69,NA,"mitochondrially encoded tRNA-Glu (GAA/G)"
"MT-TA","MT",1360.48793527083,-1.48532908395577,0.395204257320581,-3.75838330797864,0.00017101476185574,0.0142940911470523,"DOWN",5587,5655,"-",43.48,69,NA,"mitochondrially encoded tRNA-Ala (GCN)"
"MT-TN","MT",1080.6663981006,-1.93224611248161,0.412970685780461,-4.67889411770214,2.88426330095491e-06,0.00151649548254121,"DOWN",5657,5729,"-",41.1,73,NA,"mitochondrially encoded tRNA-Asn (AAU/C)"
"MT-TC","MT",2202.85048961145,-2.15223878126911,0.437871954135388,-4.91522409906082,8.86809595122413e-07,0.000852466373905949,"DOWN",5761,5826,"-",45.45,66,NA,"mitochondrially encoded tRNA-Cys (UGU/C)"
"MT-TY","MT",1427.3305765336,-2.617334449055,0.469793165614512,-5.57124845703408,2.52920334302595e-08,0.00015875869533377,"DOWN",5826,5891,"-",42.42,66,NA,"mitochondrially encoded tRNA-Tyr (UAU/C)"
"LINC00565",NA,38.8984308122498,1.77272163032692,0.538548402839418,3.29166630330812,0.00099595711354092,0.0373460755784507,"UP",NA,NA,NA,NA,NA,NA,NA
"ENSG00000282572",NA,46.2889815199724,1.70103466547642,0.450123425476304,3.77904052355517,0.000157433804840142,0.0135269279179774,"UP",NA,NA,NA,NA,NA,NA,NA
"ENSG00000232456",NA,54.448121341325,1.59413102256558,0.44401997776465,3.59022364396976,0.000330394360567873,0.0203849949099352,"UP",NA,NA,NA,NA,NA,NA,NA
"C11orf94",NA,30.2137535840328,1.35625062856299,0.3925252560017,3.45519328457458,0.000549898455759133,0.0267065141586152,"UP",NA,NA,NA,NA,NA,NA,NA
"ENSG00000224888",NA,113.04062999996,1.27029575030553,0.349940029608376,3.63003841465963,0.000283379042401424,0.0187775493685503,"UP",NA,NA,NA,NA,NA,NA,NA
"ENSG00000230506",NA,27.8746637119156,1.18404421179863,0.320354549935704,3.69604306240156,0.000218985845129908,0.0165630840064514,"UP",NA,NA,NA,NA,NA,NA,NA
"ENSG00000289614",NA,81.5068078843854,1.01984126127007,0.286921236713582,3.55442933730319,0.000378800287411494,0.0218134851222248,"UP",NA,NA,NA,NA,NA,NA,NA
"ENSG00000240695",NA,135.430794096938,0.92948197846923,0.2832042079331,3.28202036704482,0.00103066160414704,0.0374850850494741,"UP",NA,NA,NA,NA,NA,NA,NA
"GPR179","HSCHR17_7_CTG4",978.149895112793,0.928456563074206,0.262177232097436,3.54133177639602,0.000398112632788527,0.0225046364511929,"UP",2360558,2378758,"-",54.79,7980,7104,"G protein-coupled receptor 179"
"SLC9A3R2",NA,4253.22106705927,0.863304036977295,0.200964156617623,4.295811011811,1.74055821547063e-05,0.00396344675752234,"UP",NA,NA,NA,NA,NA,NA,NA
"MRM1","HSCHR17_7_CTG4",193.617751401441,0.701135252062021,0.172483701413328,4.0649362595824,4.8045590674431e-05,0.00686098812463569,"UP",837066,844472,"+",52.59,1857,1062,"mitochondrial rRNA methyltransferase 1"
"ZDHHC8P1",NA,387.449598670474,0.688771778956474,0.200773798083843,3.43058599045302,0.000602279046429644,0.0280129250325911,"UP",NA,NA,NA,NA,NA,NA,NA
"ENSG00000226690",NA,21.252832624857,-3.3692468111203,1.05421086028129,-3.19598947237301,0.00139352196258108,0.0434326316842603,"DOWN",NA,NA,NA,NA,NA,NA,NA
