"","Chr","baseMean","logFC","lfcSE","stat","P.Value","adj.P.Val","DifExpressed","start_position","end_position","strand","percentage_gene_gc_content","transcript_length","cds_length","Description"
"ENSG00000228153","1",29.8290743267117,2.69844935614631,0.644799372291409,4.18494414248092,2.85236231726361e-05,0.00344936175026689,"UP",204663872,204664613,"+",52.7,445,NA,"novel transcript"
"RNA5S9","1",61.6749086943413,2.60571910890797,0.633675805729612,4.11206974504535,3.92127791395115e-05,0.00372978712774229,"UP",228628148,228628266,"-",61.34,119,NA,"RNA, 5S ribosomal 9"
"ENSG00000279839","1",37.7934181273762,2.47098255909909,0.752725541491501,3.28271384840073,0.00102812971357937,0.0192779949545801,"UP",3205988,3208664,"+",59.06,2677,NA,"TEC"
"ENSG00000286518","1",28.1468054445133,2.34690876073618,0.74944835453777,3.13151499569794,0.00173906904543882,0.0249324978855859,"UP",3367815,3373928,"-",53.17,2784,NA,"novel transcript, antisense to PRDM16"
"ENSG00000287828","1",26.0668319892822,2.33766399639357,0.625074359299275,3.73981744990172,0.000184153945786229,0.00826335312205147,"UP",3312741,3323149,"-",52.87,728,NA,"novel transcript, antisense to PRDM16"
"SNORA58B","1",71.4931382732958,2.14848975978428,0.518493396692064,4.14371672521083,3.41721818314957e-05,0.00364176998212062,"UP",154259727,154259862,"+",48.53,136,NA,"small nucleolar RNA, H/ACA box 58B"
"SNORA80E","1",80.7293259056846,2.06067739002451,0.529221188195863,3.89379230459281,9.86891552284445e-05,0.00605791948124197,"UP",155919909,155920045,"-",54.74,137,NA,"small nucleolar RNA, H/ACA box 80E"
"ENSG00000287356","1",69.2768917409319,1.90954044194646,0.616558162011889,3.09709701306272,0.00195425906707437,0.0267642750828204,"UP",2314917,2323085,"+",66.32,4032,NA,"novel transcript, antisense to MORN1"
"ENSG00000272235","1",47.6677320777103,1.88854207973802,0.578407787414206,3.26507028575949,0.00109436917206935,0.0198711807775295,"UP",3306636,3310096,"-",54.23,3461,NA,"novel transcript"
"ENSG00000236390","1",50.8708759070886,1.87784087194378,0.49212400036691,3.81578803420221,0.00013574900059947,0.00689474145059678,"UP",201673105,201674144,"-",49.52,579,NA,"novel transcript"
"NTRK1","1",21.2634754751976,1.8753410888171,0.671202533190117,2.79400180434944,0.00520601881935363,0.0461218941995923,"UP",156815636,156881850,"+",53.11,2825,2211,"neurotrophic receptor tyrosine kinase 1"
"SNORA73B","1",23211.3775969179,1.8666640485254,0.384093986626768,4.85991479564422,1.17436284232504e-06,0.000603020623234858,"UP",28508559,28508762,"+",54.9,204,NA,"small nucleolar RNA, H/ACA box 73B"
"PDCL3P6","1",38.9080324206493,1.8594951563889,0.571610968120096,3.25307815996669,0.00114162090997309,0.0202874675449002,"UP",52179848,52180553,"+",44.76,706,NA,"PDCL3 pseudogene 6"
"SNORA14B","1",542.889273010093,1.85809082919056,0.362399611549712,5.12718769549696,2.94102275893938e-07,0.000297833232557281,"UP",235127803,235127937,"-",46.67,135,NA,"small nucleolar RNA, H/ACA box 14B"
"ENSG00000272865","1",100.014214576238,1.85320586600349,0.570074299159469,3.25081461966608,0.00115074865246753,0.020350519956877,"UP",242147230,242210832,"+",40.66,1070,NA,"novel transcript, antisense to PLD5"
"SCARNA4","1",44.0931334157407,1.84823246905998,0.53442582283187,3.45835173021089,0.000543491332293582,0.0142903401205983,"UP",155925958,155926085,"-",46.88,128,NA,"small Cajal body-specific RNA 4"
"MTND1P23","1",354.539891652493,1.83602941534362,0.477745292947967,3.84311356374492,0.00012148321991907,0.00668686557298019,"UP",629062,629433,"+",44.35,372,NA,"MT-ND1 pseudogene 23"
"ENSG00000287586","1",155.790264969584,1.80898889824277,0.528234331188108,3.4245954710554,0.000615715467474041,0.0151184713668296,"UP",4730211,4734992,"-",53.83,3030,NA,"novel transcript, antisense to AJAP1"
"SNORA77","1",27.0987048108436,1.79984187979795,0.547254968095523,3.28885434528168,0.00100596068034704,0.0190478947594354,"UP",203729581,203729705,"+",56.8,125,NA,"small nucleolar RNA, H/ACA box 77"
"TAS1R3","1",137.40818356281,1.79513825151893,0.389188555712126,4.61251551509328,3.97824839362603e-06,0.0010578719770805,"UP",1331280,1335314,"+",66.64,3475,2559,"taste 1 receptor member 3"
"CDA","1",63.7028832645603,1.75864549004334,0.576987619904675,3.04797785840515,0.00230386902005429,0.0294978168973177,"UP",20589086,20618903,"+",48.46,762,NA,"cytidine deaminase"
"ENSG00000269896","1",99.819251154302,1.75268703961495,0.390790282751198,4.48498111896714,7.29203914414962e-06,0.00153361094556872,"UP",2351644,2351857,"-",49.07,214,NA,"small nuclear ribonucleoprotein N (SNRPN) pseudogene"
"SNORA66","1",168.696673578803,1.75017886814168,0.486205792900541,3.59966683593112,0.000318625152391141,0.0111074202493316,"UP",92840719,92840851,"+",47.37,133,NA,"small nucleolar RNA, H/ACA box 66"
"PRDM16-DT","1",1508.93176853321,1.73695277090307,0.520441167490378,3.33746229046184,0.000845471937840342,0.0176064956000032,"UP",3059564,3070251,"-",63.3,2917,NA,"PRDM16 divergent transcript"
"ENSG00000270605","1",26.950412635527,1.734107811897,0.604977866720746,2.86639876810147,0.00415170917149848,0.0407686715476502,"UP",28239509,28247210,"-",43.48,1945,NA,"novel transcript"
"SNORD99","1",76.584201501409,1.7327480376219,0.520803012740982,3.32706991939709,0.000877643493022463,0.0179128147867015,"UP",28578749,28578822,"-",47.3,74,NA,"small nucleolar RNA, C/D box 99"
"KAZN-AS1","1",122.605588437682,1.72821282957861,0.495553172305663,3.48744176439784,0.000487665113806928,0.0137050792848759,"UP",14338825,14419973,"-",42.04,1299,NA,"KAZN antisense RNA 1"
"SCARNA3","1",36.1442344091078,1.72795358835805,0.55618095723289,3.10681904133316,0.00189112122237469,0.0262714864355854,"UP",175968398,175968540,"-",46.85,143,NA,"small Cajal body-specific RNA 3"
"ENSG00000240219","1",167.572995099052,1.72783987144836,0.505422675421917,3.41860378544749,0.000629433081618005,0.0152234685120131,"UP",204626775,204629712,"+",52.59,2219,NA,"novel transcript"
"CDK11A","1",225.993616284691,1.71349916027359,0.456558819627475,3.75307427347851,0.000174679071432627,0.00801667556294026,"UP",1702379,1724357,"-",52.05,2984,2343,"cyclin dependent kinase 11A"
"ENSG00000233519","1",22.0481884810073,1.66785606037325,0.567362515508267,2.9396655837919,0.00328566657668163,0.0355116997304623,"UP",240400671,240401123,"-",48.79,316,NA,"novel transcript, antisense to FMN2"
"CNKSR1","1",148.957019328137,1.65678158622579,0.445260786852261,3.72092408572129,0.00019849510601066,0.00852780242631975,"UP",26177484,26189884,"+",55.16,865,192,"connector enhancer of kinase suppressor of Ras 1"
"ENSG00000272449","1",62.7314276039883,1.65587394662483,0.497307881757024,3.32967565439443,0.000869472022711095,0.017809230887138,"UP",2530064,2547878,"+",63.19,1531,NA,"novel transcript"
"ARTN","1",40.929359104294,1.65454368485227,0.586666724841736,2.82024463770058,0.00479870502555401,0.0443660090780004,"UP",43933320,43937240,"+",63.76,1943,687,"artemin"
"KCNQ4","1",215.797144551832,1.58489172736342,0.381838258481934,4.15068865457443,3.31476419092221e-05,0.00361355354089549,"UP",40783787,40840452,"+",55.51,4324,2088,"potassium voltage-gated channel subfamily Q member 4"
"KCND3-AS1","1",65.6970596379906,1.58080416337952,0.478314557369658,3.30494679499755,0.000949944312360199,0.018589825763071,"UP",111909336,111910931,"+",47.87,470,NA,"KCND3 antisense RNA 1"
"ENSG00000280222","1",347.097515702986,1.57331523553532,0.366579227821195,4.29188321686008,1.77164124474427e-05,0.00256894265069416,"UP",18109389,18115861,"+",54.4,6473,NA,"TEC"
"ATAD3C","1",203.291623551199,1.55317857460923,0.479033363348567,3.24231816287724,0.00118561580451195,0.0206576121157987,"UP",1449689,1470163,"+",56.97,3864,1236,"ATPase family AAA domain containing 3C"
"SCNN1D","1",308.084791657413,1.53121022491549,0.43777795734148,3.49768689637588,0.000469311752002411,0.0135289321024199,"UP",1280436,1292029,"+",65.93,3050,2409,"sodium channel epithelial 1 subunit delta"
"MYBPH","1",140.556942552582,1.49556226267248,0.462992070704705,3.23021139518898,0.00123698720110009,0.0210985701310345,"UP",203167811,203175826,"-",57.63,1818,1434,"myosin binding protein H"
"GPR153","1",581.834451468947,1.49201993525689,0.434498631766187,3.43388868497007,0.000594988482422307,0.0148261492395476,"UP",6247353,6261098,"-",60.53,4198,1830,"G protein-coupled receptor 153"
"WASH9P","1",47.635660573337,1.45802722526674,0.44530440618906,3.27422591153907,0.00105951869042049,0.019561464921,"UP",185217,195411,"-",56.54,1397,NA,"WAS protein family homolog 9, pseudogene"
"OBSCN","1",2736.6200472006,1.44201378545205,0.364828560755167,3.95257921273267,7.73133234202977e-05,0.00533722769377786,"UP",228208044,228378876,"+",53.88,27013,26772,"obscurin, cytoskeletal calmodulin and titin-interacting RhoGEF"
"FAM151A","1",69.1801507570913,1.40185734330919,0.470529236732454,2.9793203777182,0.00288888550250679,0.0329733764811842,"UP",54609181,54623556,"-",51.79,1975,1758,"family with sequence similarity 151 member A"
"CSMD2-AS1","1",54.1402014180284,1.37502227667332,0.484586901272546,2.83751433037594,0.00454663057775054,0.0429717886492671,"UP",33868953,33893726,"+",42.56,1367,NA,"CSMD2 antisense RNA 1"
"SLFNL1","1",90.4449473220144,1.36903639062912,0.451651742298969,3.03117703844235,0.00243602369064384,0.0303875877534378,"UP",41015589,41023237,"-",57.31,1997,1215,"schlafen like 1"
"ENSG00000289610","1",56.7320629852536,1.36531659786756,0.373479086378898,3.65567081976427,0.000256510335455734,0.00995820059924941,"UP",2585590,2586283,"+",64.55,694,NA,"novel transcript"
"ENSG00000284708","1",300.740946007164,1.35017035489615,0.384732772996425,3.50937182808884,0.000449166488564115,0.0132320836691981,"UP",11623558,11643416,"+",50.89,2094,NA,"novel transcript"
"HS6ST1P1","1",605.758418800191,1.34202054676663,0.288383648537771,4.65359445159685,3.2619807754675e-06,0.00093922389999178,"UP",21428303,21429536,"+",67.1,1234,NA,"heparan sulfate 6-O-sulfotransferase 1 pseudogene 1"
"GJA4","1",248.297801857634,1.3186873828021,0.412144530227365,3.19957511525053,0.00137630317908717,0.0221324924796558,"UP",34792999,34795747,"+",59.33,1621,1002,"gap junction protein alpha 4"
"CTBP2P8","1",102.049079329418,1.31525407775003,0.451745475799406,2.91149363570839,0.00359705235267662,0.0373383297003591,"UP",68161761,68163090,"-",55.86,1330,NA,"CTBP2 pseudogene 8"
"ENSG00000273058","1",38.4881916072933,1.31460152323895,0.406541928472996,3.23361855486026,0.00122232591684448,0.0209519309885192,"UP",236536162,236536704,"-",52.85,543,NA,"novel transcript"
"ENSG00000227775","1",556.899603971933,1.27884749586638,0.362199549015427,3.53078157977471,0.00041433374081255,0.0126784502306127,"UP",1735817,1737251,"+",50.94,497,NA,"ribosomal protein S7 (RPS7) pseudogene"
"PRDM16","1",1788.12876694609,1.27532571564946,0.334981263202246,3.80715537179008,0.000140574434327251,0.00701496320889336,"UP",3069168,3438621,"+",57.58,4282,3537,"PR/SET domain 16"
"COL16A1","1",3710.71292265933,1.25774571916895,0.355240438492253,3.54054770483677,0.000399297442416649,0.0124223540031303,"UP",31652263,31704319,"-",56,5418,4815,"collagen type XVI alpha 1 chain"
"PGAM1P11","1",29.5673834545886,1.25712399784538,0.44979306859393,2.79489410936277,0.00519167172842688,0.0460394077031853,"UP",10058671,10059648,"+",54.6,680,NA,"phosphoglycerate mutase 1 pseudogene 11"
"NEXN-AS1","1",32.8986276743412,1.25603504149867,0.455036354584912,2.76029602655471,0.00577490072074716,0.0490146920686395,"UP",77881348,77889539,"-",47.24,2292,NA,"NEXN antisense RNA 1"
"ENSG00000288398","1",521.870252007102,1.23168220341281,0.284194458836066,4.33394165550317,1.46463006711489e-05,0.00230023005215848,"UP",16228674,16231335,"-",56.35,2662,NA,"novel transcript"
"CROCCP3","1",1524.60377532283,1.23106310103463,0.345568184367979,3.56243183464982,0.00036743533137519,0.0119446114578499,"UP",16474396,16491307,"-",54.23,2137,NA,"CROCC pseudogene 3"
"SLC25A39P1","1",59.8008366205525,1.18142784730065,0.413733836456175,2.85552629057398,0.00429655654871725,0.0416165465307471,"UP",202796030,202797094,"+",54.46,1065,NA,"solute carrier family 25 member 39 pseudogene 1"
"CROCC","1",3835.34448443474,1.16868504465943,0.387873244777024,3.0130591898167,0.00258628469017872,0.0313857910269255,"UP",16740273,16972964,"+",49.14,1868,NA,"ciliary rootlet coiled-coil, rootletin"
"PRKCZ-AS1","1",137.459981759178,1.16254130405215,0.360827744113893,3.22187338145817,0.00127355402789265,0.0212878044906824,"UP",2181794,2184389,"-",57.78,1253,NA,"PRKCZ antisense RNA 1"
"HIVEP3","1",3431.11141514746,1.15912007698828,0.282096189055831,4.10895333562577,3.97456369350507e-05,0.00373331063225248,"UP",41506365,42035925,"-",46.45,12216,7218,"HIVEP zinc finger 3"
"PEAR1","1",316.848304233319,1.1247132519037,0.301310232357577,3.73274164340013,0.000189406844008925,0.00837916428539311,"UP",156893698,156916429,"+",57.04,688,234,"platelet endothelial aggregation receptor 1"
"TIE1","1",943.351610499394,1.10589582550888,0.366514470943887,3.01733195598215,0.00255010386304364,0.0311787799692427,"UP",43300982,43323108,"+",54.59,3893,3417,"tyrosine kinase with immunoglobulin like and EGF like domains 1"
"SHE","1",795.26308188728,1.09217493320884,0.248256543697293,4.39938024167679,1.08560466139501e-05,0.00201972571849998,"UP",154469772,154502412,"-",45.3,693,124,"Src homology 2 domain containing E"
"RNF207","1",706.375357503805,1.07933072851935,0.366886995452701,2.94186150475998,0.00326245800022341,0.0353161750998547,"UP",6205475,6221299,"+",57.32,1854,NA,"ring finger protein 207"
"NSRP1P1","1",328.02552174128,1.0790107595847,0.347228130009416,3.10749811530372,0.00188678188498917,0.0262262682013495,"UP",77847110,77848802,"+",41.35,1693,NA,"nuclear speckle splicing regulatory protein 1 pseudogene 1"
"SLFNL1-AS1","1",111.110217304534,1.07690035192295,0.346357742809323,3.10921402590329,0.00187585779807638,0.0261044284834726,"UP",41014590,41043890,"+",49.97,4800,NA,"SLFNL1 antisense RNA 1"
"NBPF10","1",191.22779629826,1.0647448552851,0.338110095168905,3.14910696397043,0.00163770239810398,0.0242556461730208,"UP",146064711,146229000,"-",41.59,13030,11388,"NBPF member 10"
"MMEL1","1",53.6266780325509,1.05373154098624,0.343488702131953,3.06773275058533,0.00215689419139584,0.0282852816255904,"UP",2590639,2633016,"-",54.95,552,201,"membrane metalloendopeptidase like 1"
"FAM131C","1",343.529305286331,1.05218087133451,0.2635286528281,3.99266212627305,6.53356323621423e-05,0.00481770611070358,"UP",16057769,16073651,"-",57.98,1720,843,"family with sequence similarity 131 member C"
"HEYL","1",412.024436865327,1.04980146819012,0.35448127475871,2.96151459313247,0.00306129985978245,0.0339169026150702,"UP",39623435,39639643,"-",51.58,4077,987,"hes related family bHLH transcription factor with YRPW motif like"
"SOX13","1",1600.7669264484,1.04030562225452,0.207326975130319,5.01770510856401,5.22923607261269e-07,0.000416186934296712,"UP",204073115,204127743,"+",51.76,3525,NA,"SRY-box transcription factor 13"
"RNU6-37P","1",46.8869585190212,1.03836641239884,0.33921815274621,3.06105791801685,0.00220556426034404,0.028679450107893,"UP",10298966,10299072,"+",45.79,107,NA,"RNA, U6 small nuclear 37, pseudogene"
"LINC01772","1",142.750620229817,1.03691151316199,0.350827862699694,2.95561334605164,0.00312048014659461,0.0343592294996278,"UP",16460948,16468481,"+",46.15,3245,NA,"long intergenic non-protein coding RNA 1772"
"ENSG00000287727","1",68.878939913602,1.02770099519281,0.365375518360467,2.81272538402234,0.00491235839960408,0.0447497767630093,"UP",10612222,10616452,"-",52.21,2876,NA,"novel transcript, antisense to PEX14"
"PDE4DIPP2","1",2729.66141929725,1.01715807544651,0.339357382784789,2.99730645934279,0.00272376748365694,0.0319791458056926,"UP",120489860,120701289,"-",40.82,7052,NA,"PDE4DIP pseudogene 2"
"LINC02918","1",135.65712634404,1.01039921968665,0.30005237671937,3.36740948608331,0.000758779298949571,0.0167291122373695,"UP",43937896,43946659,"-",49.24,2224,NA,"long intergenic non-protein coding RNA 2918"
"THEM5","1",166.214995697401,1.00684758599761,0.287702186658399,3.49961742624181,0.000465926336299673,0.0134473679829879,"UP",151847101,151853712,"-",52.42,1161,744,"thioesterase superfamily member 5"
"SEMA6C","1",810.895644959543,0.997395837778233,0.252368798562199,3.9521360939253,7.74566658610779e-05,0.00533722769377786,"UP",151131685,151146631,"-",57.43,3817,2889,"semaphorin 6C"
"FAM110D","1",89.4926432255024,0.994939376441023,0.326303817997661,3.04911962889798,0.00229513068410119,0.0294309236969601,"UP",26159079,26163962,"+",58.17,2799,816,"family with sequence similarity 110 member D"
"KIF21B","1",8651.96447304783,0.990929620945872,0.282517464984009,3.50749862845456,0.000452340685628845,0.0132861210483669,"UP",200969390,201023714,"-",55.01,9897,4875,"kinesin family member 21B"
"KIAA1614","1",682.80526454425,0.982161352740196,0.338177412142129,2.90427839789434,0.00368100682941916,0.0378684947581164,"UP",180912897,180951614,"+",54.33,3331,1941,"KIAA1614"
"MAP3K6","1",711.628650130649,0.963235667381075,0.267836343067571,3.59635909133536,0.000322702257869446,0.0111339184148794,"UP",27355184,27366961,"-",60.83,444,248,"mitogen-activated protein kinase kinase kinase 6"
"AGRN","1",4828.65825059696,0.950811572636346,0.229461602092093,4.14366309642841,3.41801780344572e-05,0.00364176998212062,"UP",1020120,1056119,"+",65.71,7326,6138,"agrin"
"PDE4B-AS1","1",88.5565766625868,0.936531075487665,0.340657831874384,2.74918404292847,0.00597438304368371,0.0499296573236124,"UP",66042500,66050718,"-",35.38,456,NA,"PDE4B antisense RNA 1"
"CPLANE2","1",268.605324156014,0.929835305675796,0.220741858335777,4.21231982319092,2.52761315586612e-05,0.00318400269728011,"UP",16231692,16237183,"-",54.1,1574,777,"ciliogenesis and planar polarity effector complex subunit 2"
"DENND4B","1",3381.90730157359,0.908026100538698,0.250415289924759,3.62608090269379,0.000287755234473949,0.0105608306834756,"UP",153929501,153946718,"-",56.5,2530,NA,"DENN domain containing 4B"
"MTMR9LP","1",209.895527889911,0.893756237754401,0.310033622690721,2.88277197162574,0.0039419268146038,0.0395287813527493,"UP",32231847,32241592,"-",52.6,1545,NA,"myotubularin related protein 9 like, pseudogene"
"DVL1","1",4399.90919063904,0.884668872161577,0.250368963549824,3.53346061595819,0.000410157194224216,0.0126049071150024,"UP",1335276,1349418,"-",66.32,2926,2013,"dishevelled segment polarity protein 1"
"SKI","1",10951.4274850095,0.8759976019256,0.226029551455047,3.8755888169774,0.000106367172094131,0.0063053833928153,"UP",2227388,2310213,"+",57.89,448,NA,"SKI proto-oncogene"
"FAAP20","1",1062.79334616097,0.869550593262003,0.188654679737241,4.60921825248712,4.04185862219708e-06,0.0010625694851789,"UP",2184461,2212720,"-",60.96,1413,570,"FA core complex associated protein 20"
"ENSG00000285847","1",252.475161042388,0.867885430471404,0.282308280260038,3.07424716580039,0.0021103451402805,0.0279915333043911,"UP",184607599,184680699,"-",42.82,3664,NA,"novel transcript"
"ACAP3","1",6213.71959156493,0.864659520341578,0.281612935696708,3.07038282244535,0.00213784555920344,0.0281445319621096,"UP",1292390,1309609,"-",67.29,5319,NA,"ArfGAP with coiled-coil, ankyrin repeat and PH domains 3"
"RRAGC-DT","1",263.756328310316,0.864526799120958,0.243442704554988,3.55125367466365,0.000383400689649938,0.012270685957774,"UP",38859886,38965038,"+",44.66,630,NA,"RRAGC divergent transcript"
"MIB2","1",3153.11387518941,0.864043505364486,0.213561837920044,4.04587033797666,5.21290824041033e-05,0.00426131932668922,"UP",1615454,1630605,"+",66.39,4247,NA,"MIB E3 ubiquitin protein ligase 2"
"ENSG00000228818","1",152.741541543357,0.847986515655743,0.308413910463834,2.74950800494189,0.00596848050134616,0.0498975697910675,"UP",240142670,240145389,"-",51.99,2720,NA,"proteasome 26S non-ATPase subunit 2 (PSMD2) pseudogene"
"BMP8A","1",578.264230512756,0.846310859240611,0.267756147126941,3.16075230511657,0.0015736225317364,0.0238570151044278,"UP",39491636,39529869,"+",54.76,5636,1209,"bone morphogenetic protein 8a"
"PPIEL","1",457.772551811628,0.840746441271249,0.293867274119427,2.86097335537121,0.00422342545325065,0.0412142123497323,"UP",39531838,39558707,"-",44.8,680,NA,"peptidylprolyl isomerase E like (pseudogene)"
"C1orf159","1",424.572725797406,0.838476253189958,0.303276525964445,2.764725197651,0.00569707676011976,0.0487224063461209,"UP",1081818,1116361,"-",54.65,2429,1143,"chromosome 1 open reading frame 159"
"PSEN2","1",225.509573944117,0.83503674865156,0.295288176039614,2.82787059018421,0.00468587445076341,0.0437231678321903,"UP",226870184,226927726,"+",48.2,3116,1347,"presenilin 2"
"ZBTB7B","1",795.063637792975,0.834058030291824,0.290867043934895,2.86748893586759,0.00413743270678914,0.0407089040537462,"UP",155002630,155018523,"+",60.41,4017,1722,"zinc finger and BTB domain containing 7B"
"IBA57","1",800.83910328315,0.81114167913832,0.216425990886044,3.74789402981371,0.000178325561007977,0.00812234794929233,"UP",228165804,228182257,"+",54.58,7828,1071,"iron-sulfur cluster assembly factor IBA57"
"AHDC1","1",5043.12120657009,0.800896048066566,0.214358405017802,3.73624746834654,0.000186786851082232,0.00831425953609127,"UP",27534035,27604431,"-",56.39,6335,4812,"AT-hook DNA binding motif containing 1"
"ARHGEF10L","1",2948.03717648085,0.768473848157834,0.182892351302412,4.20178231995697,2.64821717896719e-05,0.0033015350871392,"UP",17539698,17697874,"+",54.39,4625,3840,"Rho guanine nucleotide exchange factor 10 like"
"FNDC10","1",539.845776764219,0.75137064985734,0.233560674013792,3.21702552465219,0.00129527074674563,0.0214131362138003,"UP",1598012,1600135,"-",70.72,2124,681,"fibronectin type III domain containing 10"
"TMCC2","1",7225.74637666345,0.750036376268383,0.249216642084738,3.00957580518783,0.00261612785667786,0.0314637833623127,"UP",205227946,205285632,"+",51.63,3968,2130,"transmembrane and coiled-coil domain family 2"
"DFFB","1",409.350190809613,0.745451266433585,0.258557423224552,2.8831168609929,0.00393761332115594,0.0395287813527493,"UP",3857267,3885429,"+",51.66,649,312,"DNA fragmentation factor subunit beta"
"MUTYH","1",171.536197718446,0.738639132229861,0.218543969367956,3.37981933048098,0.000725334927236727,0.0162975443959977,"UP",45329163,45340893,"-",51.04,1029,693,"mutY DNA glycosylase"
"PLEKHA6","1",6905.50690450157,0.716615944220047,0.214963822130933,3.33365836686492,0.000857118624560284,0.0176700747866807,"UP",204218853,204378214,"-",48.98,7476,3147,"pleckstrin homology domain containing A6"
"CCDC24","1",429.796695445013,0.685410909539126,0.225753374637732,3.03610482296892,0.00239656031358455,0.0301420737100135,"UP",43991359,43996528,"+",57.95,2654,291,"coiled-coil domain containing 24"
"C1orf35","1",1067.93443676766,0.629377137102245,0.192580626808864,3.26812279890905,0.00108263381295886,0.0197776780807484,"UP",228100726,228105411,"-",60.86,2256,NA,"chromosome 1 open reading frame 35"
"TRIM11","1",1356.95817732213,0.62643339767784,0.191545738985838,3.27041155284669,0.00107391119301803,0.0196886944321851,"UP",228393673,228406835,"-",56.97,5774,1032,"tripartite motif containing 11"
"PLXNA2","1",8731.81788265753,0.622722035524008,0.173109458417621,3.59727331606405,0.00032157053393425,0.0111266165003344,"UP",208022242,208244384,"-",47.99,11508,5685,"plexin A2"
"KIF26B","1",1834.97357456117,0.564744139856207,0.204018396712472,2.76810399922961,0.00563834601774641,0.0483639481441647,"UP",245154985,245709432,"+",44.8,13593,6327,"kinesin family member 26B"
"CPTP","1",1078.22734024942,0.553956769030729,0.186014897389508,2.97802367877431,0.00290113570801538,0.0329886545529196,"UP",1324756,1328896,"+",65.25,1101,NA,"ceramide-1-phosphate transfer protein"
"PIK3CD","1",1373.75248706216,0.513406118422251,0.132956136121947,3.86146990576919,0.000112706896694893,0.00647489074456693,"UP",9629889,9729114,"+",51.08,525,NA,"phosphatidylinositol-4,5-bisphosphate 3-kinase catalytic subunit delta"
"ZBTB17","1",2020.83673183148,0.495269377035334,0.159506738595588,3.10500597903288,0.00190275178269753,0.0263573623232087,"UP",15941869,15976132,"-",51.22,776,NA,"zinc finger and BTB domain containing 17"
"TMEM240","1",519.291797832238,0.442906241993609,0.158137621377573,2.80076453746648,0.00509817028901196,0.045651368607939,"UP",1534778,1540624,"-",66.8,1381,522,"transmembrane protein 240"
"TMEM201","1",1151.45768721871,0.436217699214143,0.154074906777139,2.83120534250985,0.00463729391107998,0.0435056596328085,"UP",9588911,9614877,"+",59.34,3815,2001,"transmembrane protein 201"
"TARDBP","1",4095.90841095266,-0.334131011903987,0.118161312291184,-2.82775305575982,0.00468759506279953,0.0437231678321903,"DOWN",11012344,11030528,"+",43.2,701,604,"TAR DNA binding protein"
"SMG7","1",4158.57509603058,-0.343879300743983,0.124231038949271,-2.76806266495448,0.00563906118277286,0.0483639481441647,"DOWN",183472216,183598246,"+",40.28,1190,555,"SMG7 nonsense mediated mRNA decay factor"
"TOR1AIP2","1",4730.00834231307,-0.35707246828834,0.111152747014546,-3.21244843585928,0.00131608771237842,0.0216242509589568,"DOWN",179839967,179877803,"-",38.85,7905,1413,"torsin 1A interacting protein 2"
"COP1","1",1795.69900109042,-0.37803421675403,0.134330794635426,-2.81420368114411,0.00488982352593961,0.044746072546617,"DOWN",175944831,176207286,"-",36.3,2131,NA,"COP1 E3 ubiquitin ligase"
"GPBP1L1","1",2767.50436446457,-0.474437475983518,0.141561383922796,-3.35146113181731,0.000803863225003821,0.0172168700230359,"DOWN",45627304,45688113,"-",41.19,3121,NA,"GC-rich promoter binding protein 1 like 1"
"ST7L","1",646.449028671476,-0.474579876303784,0.152777135477899,-3.10635406809573,0.00189409772371627,0.0262826434571438,"DOWN",112523514,112620825,"-",39.05,4348,1668,"suppression of tumorigenicity 7 like"
"WDR26","1",4979.6299740472,-0.481217500365043,0.15128997872907,-3.18076256211792,0.0014688796492174,0.0228906721623531,"DOWN",224385146,224437033,"-",38.39,7367,2286,"WD repeat domain 26"
"SYT14","1",1445.30911174753,-0.483027783894397,0.172226576618543,-2.8046065443444,0.00503780345330691,0.0453458557207595,"DOWN",209900923,210171389,"+",36.77,99,NA,"synaptotagmin 14"
"HNRNPU","1",16692.3584728198,-0.484372270207777,0.157543188324611,-3.0745364198784,0.00210829978461607,0.0279915333043911,"DOWN",244840638,244864560,"-",38.67,12852,NA,"heterogeneous nuclear ribonucleoprotein U"
"CLCC1","1",2508.33900986323,-0.484589405806678,0.161760623991167,-2.99571919203984,0.00273798442160341,0.0320774389323276,"DOWN",108881885,108963527,"-",39.62,2332,1656,"chloride channel CLIC like 1"
"LRIG2","1",1955.90986297312,-0.485396738039055,0.149534065689453,-3.24606126236887,0.00117013656019446,0.0206231347760127,"DOWN",113073198,113132260,"+",41.19,11566,3198,"leucine rich repeats and immunoglobulin like domains 2"
"TTC13","1",1116.92392737912,-0.498371628441011,0.177856770978853,-2.80209533602894,0.00507718673955866,0.0455309004386228,"DOWN",230906243,230978875,"-",39.73,3112,2421,"tetratricopeptide repeat domain 13"
"TRIM33","1",4634.03192175223,-0.498589244959418,0.173902640417058,-2.86705965915002,0.00414304904279199,0.040733245589011,"DOWN",114392790,114511203,"-",38.21,8369,3384,"tripartite motif containing 33"
"FOXJ3","1",4600.51552083217,-0.499994690867877,0.161265111158584,-3.10045171752119,0.00193225713319001,0.0266253901512129,"DOWN",42176539,42335877,"-",38.57,4468,411,"forkhead box J3"
"EMC1","1",5407.74762242886,-0.502236765489639,0.18260479085195,-2.75040300501665,0.00595220102770387,0.049822100728572,"DOWN",19215660,19251552,"-",46.63,6640,2982,"ER membrane protein complex subunit 1"
"RPRD2","1",4325.79686535778,-0.510739947038299,0.182160650300458,-2.80378855804411,0.00505060149893934,0.0454272398115831,"DOWN",150363091,150476566,"+",41.76,4780,NA,"regulation of nuclear pre-mRNA domain containing 2"
"EFCAB7","1",611.26769010564,-0.51848304461655,0.184788005063324,-2.80582630046183,0.00501877385259738,0.045316720993366,"DOWN",63523372,63572693,"+",35.15,625,NA,"EF-hand calcium binding domain 7"
"MRPL55","1",634.890582611237,-0.522068443367975,0.173636914172502,-3.0066673659572,0.00264128610019408,0.0315384149367951,"DOWN",228106679,228109312,"-",56.68,848,NA,"mitochondrial ribosomal protein L55"
"CZIB","1",932.573877282514,-0.531527573498007,0.177072516627418,-3.00175082853995,0.00268431794269743,0.0317526707682303,"DOWN",53214099,53220634,"-",46.99,1102,483,"CXXC motif containing zinc binding protein"
"PSRC1","1",2416.81364660459,-0.536801892512353,0.179208206783269,-2.9954090950843,0.00274076982140554,0.0320774389323276,"DOWN",109279556,109283186,"-",53.65,1584,933,"proline and serine rich coiled-coil 1"
"GATAD2B","1",5354.69373719494,-0.541420306638191,0.171902146183819,-3.14958433421325,0.00163502910227646,0.0242556461730208,"DOWN",153789030,153923360,"-",45.03,1027,572,"GATA zinc finger domain containing 2B"
"COPA","1",9256.00710882588,-0.54557186908387,0.179777360860982,-3.03470841084239,0.00240768341449783,0.0302034393480522,"DOWN",160288594,160343566,"-",40.7,5318,3675,"COPI coat complex subunit alpha"
"DR1","1",2140.03111552682,-0.558378022140097,0.185782080047009,-3.00555372185954,0.00265097762381092,0.03156895362358,"DOWN",93345907,93369493,"+",36.44,10124,531,"down-regulator of transcription 1"
"IPP","1",539.179547622511,-0.564394420691845,0.174375240478331,-3.23666604928342,0.00120934845064071,0.0208088504562562,"DOWN",45694324,45750653,"-",42.35,1947,1749,"intracisternal A particle-promoted polypeptide"
"MICOS10","1",671.012840976255,-0.570460272698676,0.195442580565545,-2.918812630533,0.00351367349545742,0.036831815013269,"DOWN",19484403,19629821,"+",45,655,120,"mitochondrial contact site and cristae organizing system subunit 10"
"ZNF678","1",749.300936810312,-0.580689568822161,0.20514795210181,-2.83058915710735,0.00464623598044646,0.043555761016697,"DOWN",227563543,227677443,"+",40.32,8543,1578,"zinc finger protein 678"
"YIPF1","1",516.348617129522,-0.582023056841355,0.187720944737214,-3.10046946362919,0.00193214135198879,0.0266253901512129,"DOWN",53851719,53889798,"-",43.43,1602,921,"Yip1 domain family member 1"
"RBBP5","1",1976.71673920482,-0.583883255171542,0.19536796659951,-2.98863352746287,0.00280228023695708,0.0324355962415013,"DOWN",205086142,205122015,"-",40.77,4367,1617,"RB binding protein 5, histone lysine methyltransferase complex subunit"
"PRUNE1","1",738.159426818467,-0.586415982513981,0.193991831062027,-3.02289008410092,0.00250373164757424,0.0309307148833059,"DOWN",151008420,151035713,"+",46.61,1065,NA,"prune exopolyphosphatase 1"
"GNPAT","1",1397.46863043703,-0.589826847781155,0.159814339550361,-3.690700405487,0.000223637414477865,0.00918318252387377,"DOWN",231241207,231277973,"+",41.78,839,667,"glyceronephosphate O-acyltransferase"
"SH3GLB1","1",3443.95286796566,-0.593184496785284,0.2044386926247,-2.90152753947721,0.00371348137143785,0.0379976393635354,"DOWN",86704570,86748184,"+",36.11,6227,798,"SH3 domain containing GRB2 like, endophilin B1"
"LGALS8","1",1671.97646560223,-0.595635421882127,0.172605374290292,-3.45085096180361,0.000558822069766737,0.0144888883040843,"DOWN",236518000,236552981,"+",43.48,799,319,"galectin 8"
"ACADM","1",2102.95881369963,-0.603822989289527,0.21011301235489,-2.8738010203273,0.00405564388220146,0.0402172213755328,"DOWN",75724431,75787575,"+",40.4,1653,NA,"acyl-CoA dehydrogenase medium chain"
"MRPL37","1",1067.53081448521,-0.604068450002726,0.18286749154342,-3.30331238704226,0.000955498818330817,0.0186775790662576,"DOWN",54184041,54225464,"+",48.9,747,NA,"mitochondrial ribosomal protein L37"
"JAK1","1",8257.66273154525,-0.605220306760741,0.205476937367795,-2.9454415396382,0.00322494084051618,0.0350870081730653,"DOWN",64833223,65067754,"-",42.71,3144,NA,"Janus kinase 1"
"KLHL20","1",891.959354076665,-0.622876752530063,0.186828271354517,-3.33395341087389,0.000856209976688972,0.0176700747866807,"DOWN",173714941,173786692,"+",38.33,450,NA,"kelch like family member 20"
"LRRC42","1",497.787080732075,-0.627453694224149,0.221385336282774,-2.83421524098916,0.00459383790248448,0.0431985083629431,"DOWN",53946077,53968168,"+",43.06,1969,1287,"leucine rich repeat containing 42"
"LBR","1",973.062114554522,-0.633339620973076,0.214681349876435,-2.95013805967593,0.0031763196011789,0.034745574796071,"DOWN",225401502,225428925,"-",41.69,3748,1848,"lamin B receptor"
"HNRNPR","1",5566.89753802875,-0.63773984034215,0.231116582666508,-2.75938590379031,0.00579101051290305,0.0490481507460741,"DOWN",23303771,23344336,"-",38.85,557,NA,"heterogeneous nuclear ribonucleoprotein R"
"SOAT1","1",1205.19903004267,-0.638170291329006,0.205681342406334,-3.10271356586281,0.00191755135263597,0.0265168078987156,"DOWN",179293714,179358680,"+",39.63,6840,1653,"sterol O-acyltransferase 1"
"RAB3GAP2","1",3251.43776728039,-0.645719999553691,0.203631468242644,-3.17102265738349,0.00151903294566799,0.0234304214569282,"DOWN",220148293,220272529,"-",37.82,7256,4182,"RAB3 GTPase activating non-catalytic protein subunit 2"
"TRAPPC3","1",828.370870366978,-0.645842639883553,0.189050995087996,-3.41623507235674,0.000634934112205975,0.0152886102661423,"DOWN",36136570,36156053,"-",49.8,1114,345,"trafficking protein particle complex subunit 3"
"YARS1","1",3931.48660465389,-0.64907289314874,0.20865151802693,-3.11079880600229,0.0018658201730099,0.0260096407518256,"DOWN",32775237,32818031,"-",46.29,2247,NA,"tyrosyl-tRNA synthetase 1"
"MRPS14","1",1363.50155128233,-0.658589087019758,0.218369040558344,-3.01594532510571,0.0025617944876686,0.0311787799692427,"DOWN",175010789,175023425,"-",40.16,539,NA,"mitochondrial ribosomal protein S14"
"ZBTB41","1",3240.81215936907,-0.658853481965352,0.179801134479843,-3.6643455219089,0.000247971848021257,0.00979975018993809,"DOWN",197153682,197201293,"-",33.74,8595,2730,"zinc finger and BTB domain containing 41"
"MRPL20","1",1218.0163451531,-0.665734570642586,0.207203677987324,-3.2129476518429,0.00131380233030743,0.0216013753642526,"DOWN",1401909,1407293,"-",53.02,700,450,"mitochondrial ribosomal protein L20"
"PTBP2","1",2559.16979737354,-0.668537832312123,0.225179000148415,-2.96891731409897,0.00298851000965093,0.0335562224203424,"DOWN",96721665,96823738,"+",35.67,2029,135,"polypyrimidine tract binding protein 2"
"ABCD3","1",2264.71489382859,-0.682293413150401,0.238402625793109,-2.8619374928467,0.00421059939057207,0.0411964226781457,"DOWN",94418389,94518666,"+",37.07,3604,1980,"ATP binding cassette subfamily D member 3"
"NRAS","1",1006.75189094886,-0.69405051879213,0.240775961711787,-2.8825573527266,0.00394461319518097,0.0395287813527493,"DOWN",114704469,114716771,"-",38.66,4326,570,"NRAS proto-oncogene, GTPase"
"RPL22","1",1476.82480010081,-0.701645649375707,0.223428342886978,-3.14036097797421,0.00168739774156322,0.0247002856855525,"DOWN",6185020,6209389,"-",50.8,2061,387,"ribosomal protein L22"
"SNRNP40","1",868.972221937694,-0.708293607114648,0.228522597526764,-3.09944668396172,0.00193882469529254,0.0266434170911053,"DOWN",31259568,31296788,"-",42.02,1615,1074,"small nuclear ribonucleoprotein U5 subunit 40"
"DUSP12","1",217.053725818015,-0.711135450535046,0.184558269787034,-3.85317575503738,0.000116595634115345,0.00658874300634048,"DOWN",161749758,161757238,"+",39.87,1252,414,"dual specificity phosphatase 12"
"YOD1","1",887.388972169515,-0.711728517912215,0.213918321405627,-3.32710407054219,0.000877535937617735,0.0179128147867015,"DOWN",207043849,207052980,"-",39.45,6396,1047,"YOD1 deubiquitinase"
"TRMT1L","1",1156.64810621626,-0.711932269724639,0.227569724870824,-3.12841380868547,0.00175752549385959,0.0251078036588825,"DOWN",185118101,185157072,"-",35.55,4361,2202,"tRNA methyltransferase 1 like"
"RABGGTB","1",1312.51222646392,-0.716781229203524,0.244512040601424,-2.93147620640875,0.0033735520780195,0.0360613505416637,"DOWN",75786197,75795086,"+",37.85,3863,NA,"Rab geranylgeranyltransferase subunit beta"
"UAP1","1",880.34500514918,-0.718113044468712,0.22761701803762,-3.15491807537002,0.00160543178904398,0.0240879808879156,"DOWN",162561722,162601240,"+",39.26,128,NA,"UDP-N-acetylglucosamine pyrophosphorylase 1"
"YTHDF2","1",1680.15540355523,-0.721924460201533,0.250772293653844,-2.87880471037222,0.00399185441560947,0.0397803835582738,"DOWN",28736621,28769775,"+",43.57,864,601,"YTH N6-methyladenosine RNA binding protein F2"
"ILF2","1",1947.89712315269,-0.72300899316709,0.242499101433317,-2.98149143190085,0.00286848073359294,0.0328179162831972,"DOWN",153661788,153671028,"-",44.32,1852,1173,"interleukin enhancer binding factor 2"
"DDX59","1",591.521410354863,-0.72665326410556,0.246406729878925,-2.94899926013632,0.0031880473927703,0.0348423471493639,"DOWN",200623896,200669907,"-",41.97,2900,1743,"DEAD-box helicase 59"
"SGIP1","1",6091.60818488347,-0.729714287603518,0.246900360388065,-2.95550110358929,0.00312161580295018,0.0343592294996278,"DOWN",66533267,66751139,"+",37.76,8108,1962,"SH3GL interacting endocytic adaptor 1"
"DAP3","1",1466.34706015187,-0.731526385441732,0.167356241989168,-4.37107320735058,1.23637327319101e-05,0.00213592314181412,"DOWN",155687960,155739010,"+",44.89,732,NA,"death associated protein 3"
"PDE4B","1",5301.14892110851,-0.735323210334208,0.246271804268287,-2.98581972272048,0.0028281931820352,0.0325572014758227,"DOWN",65792514,66374579,"+",37.45,3998,2211,"phosphodiesterase 4B"
"ATF6","1",3037.25089427164,-0.736042189788937,0.171752011009334,-4.2854938667876,1.82333678655576e-05,0.00259407197174338,"DOWN",161766298,161977574,"+",37.99,3111,2070,"activating transcription factor 6"
"PEF1","1",1609.84078455897,-0.741986834054737,0.246594346537001,-3.00893692201253,0.0026216353989047,0.031478194877129,"DOWN",31629866,31644896,"-",48.36,1614,855,"penta-EF-hand domain containing 1"
"SFT2D2","1",3684.59839948659,-0.744449734096872,0.219554863608774,-3.3907230377889,0.000697085078625005,0.015965624726917,"DOWN",168225938,168253021,"+",43.38,666,NA,"SFT2 domain containing 2"
"ADSS2","1",1624.76331264527,-0.749049011345039,0.240711331107924,-3.11181450369364,0.00185941295283889,0.025950237551853,"DOWN",244408494,244451909,"-",38.09,2555,1371,"adenylosuccinate synthase 2"
"DRAM2","1",397.093598452391,-0.751225997364761,0.212872282398751,-3.52899865073823,0.000417135257289203,0.0127111338391604,"DOWN",111117163,111140203,"-",37.87,2098,801,"DNA damage regulated autophagy modulator 2"
"ZNF436","1",1697.4940380673,-0.751405490004347,0.247543739532899,-3.03544533754805,0.00240180756024209,0.0301766844945534,"DOWN",23359448,23369836,"-",46.42,4465,1413,"zinc finger protein 436"
"PEA15","1",27658.7481976121,-0.757293788083492,0.215918233067718,-3.50731745681702,0.000452648794503198,0.0132861210483669,"DOWN",160205380,160215376,"+",51.75,1021,327,"proliferation and apoptosis adaptor protein 15"
"LEPROT","1",1210.40569281661,-0.758942668878293,0.231371819901322,-3.28018627852768,0.00103738567279508,0.0193595166127049,"DOWN",65420587,65436007,"+",40.78,492,222,"leptin receptor overlapping transcript"
"SH3BGRL3","1",1678.91471719686,-0.773372186171724,0.255945342409945,-3.02163023905714,0.00251417457506786,0.0310085804551715,"DOWN",26280086,26281522,"+",61.93,751,282,"SH3 domain binding glutamate rich protein like 3"
"SORT1","1",40953.6678404093,-0.778650167632697,0.242467283499139,-3.21136178207507,0.00132107504001141,0.0216620480798074,"DOWN",109309568,109397918,"-",42.26,6993,2085,"sortilin 1"
"SUCO","1",2125.01061592581,-0.784075122438229,0.204281354490276,-3.83821188377499,0.00012393352027343,0.00670630104012512,"DOWN",172532349,172611833,"+",36.42,5916,4218,"SUN domain containing ossification factor"
"TMEM50A","1",1294.97791513988,-0.790012925005789,0.193972931323222,-4.07279984695065,4.64513408466832e-05,0.00401240046327815,"DOWN",25338317,25362361,"+",41.71,776,NA,"transmembrane protein 50A"
"ZMYM1","1",360.315101830248,-0.793697037013919,0.159865241894368,-4.96478801526076,6.87761505679327e-07,0.0004377420993779,"DOWN",35032172,35118818,"+",41.81,7802,3429,"zinc finger MYM-type containing 1"
"STXBP3","1",2621.31716696306,-0.800643008597641,0.252457970107299,-3.17139129438993,0.00151710636974493,0.0234304214569282,"DOWN",108746674,108809523,"+",36.04,561,NA,"syntaxin binding protein 3"
"SMAP2","1",5105.74158199898,-0.802561979517805,0.239471645277464,-3.35138625112763,0.000804080646879002,0.0172168700230359,"DOWN",40344850,40423326,"+",41.95,666,523,"small ArfGAP2"
"PGD","1",2655.66258339667,-0.80408231440063,0.25731928082844,-3.12484284819965,0.00177900073808308,0.0252564777338649,"DOWN",10398592,10420511,"+",47.54,806,615,"phosphogluconate dehydrogenase"
"AIDA","1",606.258439000829,-0.804928201174802,0.218143160233883,-3.68990804163557,0.000224335130601179,0.00919621943850866,"DOWN",222668013,222713210,"-",38.46,2975,921,"axin interactor, dorsalization associated"
"MRPL9","1",735.00214138817,-0.805169985016347,0.253916708449103,-3.17100040377116,0.00151914931990863,0.0234304214569282,"DOWN",151759647,151763496,"-",47.92,1224,804,"mitochondrial ribosomal protein L9"
"RPL11","1",6391.44259178694,-0.806060416819911,0.275939905423596,-2.92114478905299,0.00348747709429019,0.0366890478479785,"DOWN",23691742,23696835,"+",46.35,660,534,"ribosomal protein L11"
"BCL10","1",376.310804348372,-0.809190240028172,0.202793655440244,-3.99021477408405,6.60134912809085e-05,0.00482357190368596,"DOWN",85265776,85276632,"-",39.27,2833,702,"BCL10 immune signaling adaptor"
"PARK7","1",4098.86602544212,-0.813247218138015,0.235656486266447,-3.45098592880872,0.000558542689108449,0.0144888883040843,"DOWN",7954291,7985505,"+",45.41,624,568,"Parkinsonism associated deglycase"
"BTF3L4","1",1041.98102153365,-0.814570428583481,0.23666838719894,-3.44182185979391,0.000577810625415967,0.0146497851720054,"DOWN",52056199,52090716,"+",41.13,4533,477,"basic transcription factor 3 like 4"
"ENO1","1",25977.7103704656,-0.818464341552369,0.27013171799296,-3.02987130735125,0.00244657963590902,0.0304858192035526,"DOWN",8861000,8879190,"-",50.15,1781,1305,"enolase 1"
"GGPS1","1",313.96659808882,-0.818887005675575,0.239374632066873,-3.42094314090395,0.000624043776043223,0.0151750382709095,"DOWN",235327350,235344532,"+",43.08,1396,903,"geranylgeranyl diphosphate synthase 1"
"VAMP4","1",1763.69911772949,-0.823056467906938,0.244228896822101,-3.37002082315616,0.000751625036336791,0.0166625143252444,"DOWN",171700160,171742074,"-",36.59,4977,426,"vesicle associated membrane protein 4"
"STX12","1",3649.02091209054,-0.8235254628339,0.295140715637215,-2.79028076846629,0.00526623514214168,0.0464000431540752,"DOWN",27773219,27824443,"+",41.39,3034,831,"syntaxin 12"
"BROX","1",2543.30927854619,-0.824353567720204,0.264682236982075,-3.11450279822152,0.0018425520898197,0.0258341825184808,"DOWN",222712553,222735196,"+",36.81,4028,1140,"BRO1 domain and CAAX motif containing"
"RPF1","1",576.797285531778,-0.826365534931137,0.290306816430458,-2.84652473921187,0.00441992947450387,0.0423703584107612,"DOWN",84479259,84498352,"+",37.21,724,390,"ribosome production factor 1 homolog"
"ZYG11B","1",5294.29863516312,-0.828663031054297,0.257302513217639,-3.22057884585594,0.00127931996542818,0.0212921159707923,"DOWN",52726453,52827336,"+",41.29,8143,2235,"zyg-11 family member B, cell cycle regulator"
"ALG6","1",152.590522345279,-0.830529625359264,0.221718964349779,-3.74586642958083,0.000179772229577152,0.00814203028068339,"DOWN",63367575,63438553,"+",37.94,1841,585,"ALG6 alpha-1,3-glucosyltransferase"
"RO60","1",5374.47984268846,-0.840788085796603,0.243146264370427,-3.4579518956363,0.000544298561714732,0.0142903401205983,"DOWN",193059454,193091777,"+",35.95,8291,1617,"Ro60, Y RNA binding protein"
"SIKE1","1",1099.51772027354,-0.843792557932167,0.20229225551142,-4.17115601286345,3.03058277059915e-05,0.00353831135380891,"DOWN",114769479,114780685,"-",36.9,5494,624,"suppressor of IKBKE 1"
"NCSTN","1",2012.08581467197,-0.844825609117512,0.230075525457333,-3.67194905863285,0.000240707669946909,0.00962273670303463,"DOWN",160343294,160358952,"+",46.83,4059,NA,"nicastrin"
"SCP2","1",2187.19253355104,-0.85173907513916,0.238916771589732,-3.56500328324278,0.000363851633745394,0.0118599940886336,"DOWN",52927276,53051698,"+",40,2759,1644,"sterol carrier protein 2"
"SSR2","1",899.651909921956,-0.85239314376882,0.222049706957349,-3.83874923974813,0.00012366264503307,0.00670630104012512,"DOWN",156009048,156020951,"-",46.99,1108,552,"signal sequence receptor subunit 2"
"UHMK1","1",9801.47631983409,-0.852507680820392,0.283839683471919,-3.0034830591429,0.0026690840821687,0.0316991514114378,"DOWN",162497251,162529631,"+",38.32,8117,1038,"U2AF homology motif kinase 1"
"SEC22B","1",1346.16333746577,-0.854940354227213,0.20284688425079,-4.21470784421912,2.50101734596069e-05,0.00318400269728011,"DOWN",120150898,120176520,"-",36.14,6927,648,"SEC22 homolog B, vesicle trafficking protein"
"VAMP3","1",2156.859890376,-0.855062994744804,0.291228466354722,-2.9360556866145,0.00332414642958292,0.0357482461297877,"DOWN",7771296,7781432,"+",42.69,2178,303,"vesicle associated membrane protein 3"
"ARPC5","1",2438.37858061706,-0.862060539007388,0.292993256237452,-2.94225385962039,0.00325832698298961,0.0353161750998547,"DOWN",183620846,183635783,"-",38.43,7266,456,"actin related protein 2/3 complex subunit 5"
"GCLM","1",1085.86034897467,-0.86776866788059,0.272106682512336,-3.18907518135374,0.00142728752230292,0.0225488854764435,"DOWN",93885199,93909456,"-",36.37,4883,825,"glutamate-cysteine ligase modifier subunit"
"LAMTOR5","1",485.842153312492,-0.874315130444953,0.256579931796095,-3.40757410107886,0.000655431093135345,0.015420482897443,"DOWN",110401249,110407942,"-",42.55,694,273,"late endosomal/lysosomal adaptor, MAPK and MTOR activator 5"
"UCHL5","1",1878.21246088024,-0.885422008221945,0.229387556380366,-3.85993914488438,0.000113415266137447,0.00649138544825402,"DOWN",193012250,193060080,"-",35,5327,990,"ubiquitin C-terminal hydrolase L5"
"MAGOH","1",415.937384652397,-0.888257295715306,0.260351724783493,-3.41175882915304,0.000645451915322287,0.0153650590787252,"DOWN",53226900,53238518,"-",41.43,656,441,"mago homolog, exon junction complex subunit"
"FBXO28","1",1414.69235028294,-0.891013249379672,0.268598557296668,-3.31726744308438,0.000909025565054945,0.0182114438018763,"DOWN",224114111,224162047,"+",40.96,1334,540,"F-box protein 28"
"CREG1","1",1908.33158530324,-0.896461734762851,0.299543299264557,-2.99276177088206,0.00276465461146009,0.0321625475867118,"DOWN",167529117,167553805,"-",44.5,1997,768,"cellular repressor of E1A stimulated genes 1"
"MED18","1",145.900741197749,-0.902906812324914,0.274630818657384,-3.28771117800634,0.00101005403737299,0.0191002087161087,"DOWN",28329002,28335965,"+",46.05,862,NA,"mediator complex subunit 18"
"GNG12","1",1507.48090071522,-0.903459331669898,0.305724099921708,-2.95514593681448,0.0031252118226715,0.0343730664589053,"DOWN",67701475,67833467,"-",41.55,4395,219,"G protein subunit gamma 12"
"PSMB2","1",1587.09695456146,-0.903979429552925,0.252752751210576,-3.57653645795449,0.000348176776891805,0.0115667580825258,"DOWN",35599541,35641526,"-",40.99,4426,606,"proteasome 20S subunit beta 2"
"MPC2","1",952.980590472272,-0.910404676724421,0.236514072842464,-3.84926218462619,0.000118474144440603,0.00664829618895691,"DOWN",167916675,167937072,"-",37.94,2177,384,"mitochondrial pyruvate carrier 2"
"TADA1","1",520.523377882671,-0.910938970820191,0.259522386553304,-3.51005931672523,0.000448006740876056,0.0132301477836731,"DOWN",166856510,166876264,"-",40.88,2539,NA,"transcriptional adaptor 1"
"UFC1","1",1253.51036641476,-0.911679925271123,0.252224583945624,-3.61455616660931,0.00030086258875693,0.0108122772238857,"DOWN",161152776,161158856,"+",46.11,803,NA,"ubiquitin-fold modifier conjugating enzyme 1"
"TMEM59","1",5860.80754862384,-0.917714932014901,0.331996113243707,-2.76423396361041,0.00570566123833282,0.0487369746385352,"DOWN",54026681,54053504,"-",38.88,6457,972,"transmembrane protein 59"
"TIPRL","1",1258.32628268878,-0.920629555749095,0.28825468665462,-3.19380602769582,0.00140410427212087,0.0223713214265581,"DOWN",168178962,168202109,"+",38.53,2998,819,"TOR signaling pathway regulator"
"FGGY","1",593.716731153633,-0.925432109147274,0.224876962845993,-4.1152819632354,3.86706396886413e-05,0.00371803626852041,"DOWN",59296638,59810647,"+",40.3,563,163,"FGGY carbohydrate kinase domain containing"
"SYT11","1",32549.5665215203,-0.925952213307019,0.296867203199837,-3.1190788451081,0.00181417408074386,0.0255250810453002,"DOWN",155859567,155885199,"+",46.48,5182,1296,"synaptotagmin 11"
"PRKACB","1",13447.8023273135,-0.92826830360719,0.310606343557189,-2.98856840132847,0.00280287753844115,0.0324355962415013,"DOWN",84078062,84238498,"+",34.7,4513,1056,"protein kinase cAMP-activated catalytic subunit beta"
"WDR47","1",6408.53108968362,-0.929973994361195,0.308187167063391,-3.01756235739014,0.00254816609264431,0.0311787799692427,"DOWN",108970214,109042113,"-",41.17,4134,2784,"WD repeat domain 47"
"PSMB4","1",1572.26808613938,-0.930030799427875,0.223973714035083,-4.15241048903711,3.2899145211196e-05,0.00361355354089549,"DOWN",151399560,151401937,"+",49.12,986,NA,"proteasome 20S subunit beta 4"
"CAMK1G","1",1934.80225287296,-0.958330307836821,0.304264896784498,-3.14965780793168,0.00163461800278673,0.0242556461730208,"DOWN",209583714,209613939,"+",47.01,3089,1143,"calcium/calmodulin dependent protein kinase IG"
"CD84","1",704.751630900977,-0.963782408417391,0.323904889805048,-2.97551052408463,0.00292501313701704,0.0331045239737456,"DOWN",160541095,160579516,"-",41.6,7885,645,"CD84 molecule"
"RPS8","1",6300.02587401432,-0.970577661004204,0.250647152846822,-3.87228679831585,0.00010781897652562,0.00637581849938543,"DOWN",44775251,44778779,"+",55.11,694,NA,"ribosomal protein S8"
"MIGA1","1",3791.40822583223,-0.988119707676438,0.286920787638041,-3.44387632492833,0.000573437943911374,0.0146299262778908,"DOWN",77779624,77879540,"+",39.53,6409,1806,"mitoguardin 1"
"BCAS2","1",797.094214025566,-0.997849726763252,0.301248067011305,-3.31238549233846,0.000925039855437808,0.0183837419421683,"DOWN",114567557,114581629,"-",40.33,1275,678,"BCAS2 pre-mRNA processing factor"
"RPS27","1",3484.67902230996,-0.998920628434563,0.293621190710416,-3.40207267063278,0.000668768521954114,0.0156429743442768,"DOWN",153990762,153992155,"+",45.91,625,NA,"ribosomal protein S27"
"HMGN2","1",3144.90872402612,-0.999527910360366,0.309702256825378,-3.22738336041231,0.00124927962167416,0.021159017457851,"DOWN",26472440,26478209,"+",46.05,1940,273,"high mobility group nucleosomal binding domain 2"
"LAPTM5","1",1590.27418560654,-1.00495539683285,0.350392357393821,-2.86808594887057,0.00412963331900787,0.040677001609361,"DOWN",30732469,30757774,"-",52.6,2177,789,"lysosomal protein transmembrane 5"
"ATP5PB","1",2554.28467977218,-1.01779513176255,0.296318421090063,-3.43480208897713,0.000592986729632179,0.0148149895501748,"DOWN",111448864,111462773,"+",39.38,716,NA,"ATP synthase peripheral stalk-membrane subunit b"
"C1orf54","1",188.463057367557,-1.03326327271615,0.329082674404924,-3.13982884265965,0.00169046568834362,0.0247002856855525,"DOWN",150268200,150280916,"+",46.5,1251,396,"chromosome 1 open reading frame 54"
"CNN3","1",8692.74534370592,-1.04113157728175,0.366481866991283,-2.84088155801313,0.00449890179990054,0.042737800052001,"DOWN",94896949,94927223,"-",42.96,1991,990,"calponin 3"
"CD53","1",528.730772148318,-1.04360964486263,0.315635159496519,-3.30637957611354,0.000945099649687114,0.0185598227454627,"DOWN",110871188,110899936,"+",39.52,1583,660,"CD53 molecule"
"TMEM167B","1",1270.45614560255,-1.0548070583277,0.222299073996511,-4.74499078814991,2.08515824524151e-06,0.000926633269201223,"DOWN",109090764,109096934,"+",41.99,2769,225,"transmembrane protein 167B"
"NEGR1","1",5373.97363660661,-1.0576978244926,0.368413613107549,-2.87095206816863,0.00409237572887194,0.0403924762409011,"DOWN",71395943,72282539,"-",34.94,12613,1065,"neuronal growth regulator 1"
"RPA2","1",1309.195479023,-1.06295224012917,0.250810620190632,-4.23806710944399,2.25452385203076e-05,0.00299603922446242,"DOWN",27891524,27914746,"-",44.15,1584,813,"replication protein A2"
"CAPZA1","1",1704.62795673616,-1.06840257426294,0.232169515342803,-4.60182109905957,4.18812870513442e-06,0.00106954583452068,"DOWN",112619805,112671616,"+",40.14,739,NA,"capping actin protein of muscle Z-line subunit alpha 1"
"MLLT11","1",3529.9854505156,-1.07147802821286,0.33919924523129,-3.15884555545592,0.0015839540649088,0.0239434456336777,"DOWN",151060397,151069544,"+",43.07,2483,273,"MLLT11 transcription factor 7 cofactor"
"AK5","1",19034.0477885345,-1.08312602342022,0.336358738682375,-3.2201512815251,0.00128122964966155,0.0212974710011782,"DOWN",77282019,77559966,"+",39.61,3280,1689,"adenylate kinase 5"
"KIFAP3","1",4520.44056402308,-1.12781577690946,0.313646215448027,-3.59582141075235,0.000323369595556483,0.011137516903166,"DOWN",169921326,170085208,"-",34.27,4111,2259,"kinesin associated protein 3"
"DNAJB4","1",2890.92415106599,-1.1483974324778,0.390887337023595,-2.93792436772767,0.00330417619845728,0.0356126584384526,"DOWN",77979175,78017964,"+",37.07,949,NA,"DnaJ heat shock protein family (Hsp40) member B4"
"MORF4L1P1","1",116.339304753602,-1.16051153823844,0.347903349272238,-3.33572970960486,0.000850758355797146,0.0176236907497525,"DOWN",220253570,220254536,"+",43.74,967,NA,"mortality factor 4 like 1 pseudogene 1"
"DIPK1A","1",1071.95039257956,-1.16415141223304,0.298791754493566,-3.89619658081331,9.77150876588041e-05,0.00601358043286472,"DOWN",92832737,92961522,"-",39.43,865,489,"divergent protein kinase domain 1A"
"PEX11B","1",574.458530069868,-1.16591718577866,0.333021527392531,-3.50102647990199,0.000463469790330621,0.0134084693169096,"DOWN",145911350,145918717,"-",45.25,667,246,"peroxisomal biogenesis factor 11 beta"
"PSMA5","1",1648.22782541741,-1.17618924172977,0.31003623132731,-3.79371545284992,0.000148409738866048,0.0072222091432882,"DOWN",109399042,109426448,"-",40.76,3815,726,"proteasome 20S subunit alpha 5"
"KTI12","1",49.9734847327694,-1.19543577804602,0.409952235274893,-2.91603673594906,0.00354508756963248,0.0370693851963385,"DOWN",52032103,52033810,"-",55.33,1708,1065,"KTI12 chromatin associated homolog"
"CD55","1",1651.10765466805,-1.20635047568969,0.384827061960638,-3.13478597254441,0.00171979536323711,0.0248500190140332,"DOWN",207321519,207386804,"+",36.32,1548,NA,"CD55 molecule (Cromer blood group)"
"PTPRC","1",1431.07093782835,-1.22201364662276,0.345263267902588,-3.53936766585762,0.000401086809297567,0.0124527414244813,"DOWN",198638457,198759342,"+",34.17,731,446,"protein tyrosine phosphatase receptor type C"
"CTSS","1",772.556620527371,-1.25650171459461,0.358578842176962,-3.50411559969989,0.00045812644107673,0.0133541926227781,"DOWN",150730079,150765957,"-",39.37,4074,846,"cathepsin S"
"HSD11B1","1",378.882844227291,-1.27995414642944,0.457857415829782,-2.79553001038492,0.00518146908896088,0.0460263121429045,"DOWN",209686178,209734949,"+",40.88,681,547,"hydroxysteroid 11-beta dehydrogenase 1"
"SRP9","1",2601.08561398466,-1.28259213165195,0.261635284327652,-4.9022139156343,9.47625620481673e-07,0.000539260370945487,"DOWN",225777813,225790468,"+",40.6,377,249,"signal recognition particle 9"
"SELENOF","1",1356.86750865529,-1.32841950983162,0.273552800899664,-4.85617221049353,1.19676630758592e-06,0.000603020623234858,"DOWN",86862445,86914424,"-",37.87,1542,498,"selenoprotein F"
"UBE2T","1",98.6806121553219,-1.42873385211065,0.494138957209311,-2.89136047920517,0.00383577866491469,0.0389471632198265,"DOWN",202331544,202341984,"-",40.7,1079,594,"ubiquitin conjugating enzyme E2 T"
"RGS2","1",734.855177939668,-1.43551120182389,0.484178561762552,-2.96483841952483,0.00302841946255883,0.0337927718558799,"DOWN",192809039,192812275,"+",40.81,877,NA,"regulator of G protein signaling 2"
"FCGR3A","1",756.597525181454,-1.44828677925003,0.526941341011244,-2.74847818254428,0.00598726193967598,0.049985473687609,"DOWN",161541759,161550968,"-",45.02,2100,765,"Fc gamma receptor IIIa"
"FCER1G","1",335.215355580311,-1.73349129508821,0.471360282235062,-3.67763547422466,0.000235406053450868,0.00951592638594877,"DOWN",161215234,161220699,"+",49.29,562,NA,"Fc epsilon receptor Ig"
"OR2L13","1",138.404879584712,-1.8820954106957,0.592897608155154,-3.17440209710406,0.00150145532994302,0.0232336523416519,"DOWN",248095184,248101163,"+",38.73,2002,939,"olfactory receptor family 2 subfamily L member 13"
"LHX9","1",35.269918212377,-2.71920205088984,0.907951888888596,-2.99487460092005,0.00274557691283916,0.0320794798134918,"DOWN",197911902,197935478,"+",43.13,431,111,"LIM homeobox 9"
"ENSG00000232057","2",193.061097492967,2.59460390878344,0.608311311467892,4.26525671949532,1.99672479057679e-05,0.00275958775913659,"UP",1824412,1834145,"+",53.74,3403,NA,"novel transcript"
"ENSG00000283031","2",125.059274343088,2.18571998007057,0.601758215026502,3.6322229185925,0.000280990220873283,0.0104310171863047,"UP",23667208,23685453,"-",54.96,2706,NA,"novel transcript"
"ENSG00000233891","2",32.1667303277505,2.13128373767438,0.594518582486486,3.58489002776094,0.000337220269046425,0.0113751874855744,"UP",59198478,60100200,"-",38.4,1480,NA,"novel transcript"
"ENSG00000230552","2",27.5572280960197,2.03437572117454,0.619455470159563,3.28413553382702,0.00102295714708128,0.0192389125655583,"UP",176673224,176819310,"-",39.56,1386,NA,"novel transcript"
"SNORA40B","2",18.137960618304,1.76623612067892,0.63733098804215,2.77130118230201,0.00558327571067233,0.0481044321767052,"UP",135136628,135136755,"+",32.03,128,NA,"small nucleolar RNA, H/ACA box 40B"
"GPR35","2",160.355531825687,1.61623915705746,0.515169286383056,3.13729719487915,0.00170513192118594,0.0247799314010502,"UP",240605430,240633159,"+",53.14,2250,930,"G protein-coupled receptor 35"
"ENSG00000289191","2",22.8665923529795,1.60075464379127,0.500120465690718,3.20073812932344,0.00137076049864794,0.0221240749520564,"UP",8281458,8282797,"-",50.82,1340,NA,"novel transcript"
"ENSG00000284600","2",71.0359693051643,1.57324331498333,0.503682396274147,3.12348282691825,0.00178724294577176,0.0253081135166486,"UP",1795525,1812307,"+",51.69,1007,NA,"novel transcript, antisense to MYT1L"
"ENSG00000279526","2",51.0094358545876,1.5389220788649,0.471732244202464,3.26227875617595,0.00110520405742671,0.0199332329104568,"UP",23616499,23618000,"-",49.27,1502,NA,"TEC"
"SNORD94","2",517.552625302898,1.47834924723377,0.350920968393758,4.21276976978747,2.5225815406717e-05,0.00318400269728011,"UP",86135870,86136006,"+",54.01,137,NA,"small nucleolar RNA, C/D box 94"
"GDF7","2",190.582722945915,1.43836767424962,0.392460640132438,3.66499854294748,0.00024733999112302,0.00979459033589742,"UP",20667144,20679243,"+",54.59,9267,1353,"growth differentiation factor 7"
"ENSG00000288065","2",43.4982217322956,1.26591966469476,0.439940933229536,2.87747642712362,0.0040086985958863,0.0399153496254038,"UP",71112877,71117406,"+",38.45,1143,NA,"novel transcript, antisense to MCEE"
"NUDCP1","2",439.142596829971,1.259626456324,0.348951505406989,3.60974644558382,0.000306496455931179,0.010949665115438,"UP",152389937,152390630,"+",52.88,694,NA,"nuclear distribution C pseudogene 1"
"LINC01237","2",137.158085851661,1.22060873337726,0.36241278900495,3.36800678786362,0.000757137319930172,0.016723400200759,"UP",241881353,242078722,"+",50.74,1232,NA,"long intergenic non-protein coding RNA 1237"
"KCNIP3","2",1246.87265393514,1.19519654878082,0.300497843284621,3.97738810940074,6.96763909124719e-05,0.00500057326590221,"UP",95297327,95386077,"+",53.69,565,NA,"potassium voltage-gated channel interacting protein 3"
"KCNK12","2",1506.63665402354,1.15361270661426,0.353551997394284,3.26292232858676,0.00110269736979884,0.0199028646163842,"UP",47509290,47570985,"-",49.02,13564,1293,"potassium two pore domain channel subfamily K member 12"
"AGAP1-IT1","2",72.1876283612386,1.14677186509337,0.403326164543923,2.84328656532891,0.00446509041183793,0.0425838630523313,"UP",235505539,235507571,"+",51.75,715,NA,"AGAP1 intronic transcript 1"
"GAREM2","2",1812.81059748661,1.13890660955765,0.386464271874267,2.94699068566985,0.00320882868746944,0.0349904105658864,"UP",26173088,26189663,"+",58.43,4164,2625,"GRB2 associated regulator of MAPK1 subtype 2"
"GPC1-AS1","2",173.480551969518,1.13198195310736,0.394858747023269,2.86680227205566,0.00414641981965845,0.0407332696012426,"UP",240449315,240456760,"-",65.66,1540,NA,"GPC1 antisense RNA 1"
"SLC5A6","2",918.823558896984,1.11635361240685,0.385289862913769,2.89743831816487,0.00376223711579928,0.0383453294912438,"UP",27199587,27212958,"-",53.48,2307,NA,"solute carrier family 5 member 6"
"UCN","2",67.4897502419402,1.11401891762908,0.375190338167566,2.96921003635105,0.00298566443983071,0.0335398421466537,"UP",27307400,27308445,"-",68.64,795,375,"urocortin"
"SH3RF3-AS1","2",242.079352826736,1.11117570420521,0.272338828003146,4.08012222257331,4.50120272279267e-05,0.0039587668746714,"UP",109125905,109128930,"-",53.01,1604,NA,"SH3RF3 antisense RNA 1"
"ANKRD49P1","2",76.9658055880442,1.08225960741021,0.381789894278796,2.83469946069317,0.00458688142514504,0.0431666592017735,"UP",224499387,224500100,"-",41.88,714,NA,"ANKRD49 pseudogene 1"
"RNU4ATAC","2",102.203614684431,1.06318180088739,0.378608132920157,2.80813249490233,0.00498297207595845,0.0450872288174827,"UP",121530880,121531009,"+",44.62,130,NA,"RNA, U4atac small nuclear"
"RPL23AP32","2",167.70383054495,1.05653633536116,0.317798417537468,3.32454876128072,0.000885617451747261,0.0179776203607291,"UP",54529343,54529801,"+",48.8,459,NA,"ribosomal protein L23a pseudogene 32"
"GLI2","2",289.513475995442,1.04864820865441,0.346648950139307,3.02510135464997,0.00248549819811358,0.0308120243052666,"UP",120735623,120992653,"+",52.42,546,457,"GLI family zinc finger 2"
"FBXO41","2",9637.86027419912,1.01230375701982,0.30863268854787,3.2799628638909,0.00103820751528043,0.0193595166127049,"UP",73254682,73284478,"-",52.59,6928,2628,"F-box protein 41"
"CYS1","2",498.553702461991,0.995187144881489,0.304890403123008,3.26408156730332,0.00109819544294254,0.0198792745813177,"UP",10056473,10080944,"-",53.29,3045,477,"cystin 1"
"FER1L5","2",207.258747135442,0.974284547767117,0.349168086748452,2.79030239229455,0.00526588340074338,0.0464000431540752,"UP",96642737,96704887,"+",50.75,3519,NA,"fer-1 like family member 5"
"ANKRD36","2",3770.03282586754,0.945863186049863,0.250210822030308,3.78026489172115,0.000156661593964225,0.00750300457746288,"UP",97113153,97264521,"+",36,6534,5748,"ankyrin repeat domain 36"
"SPEG","2",3962.30281794118,0.917151735976448,0.295623643547613,3.10243025547695,0.00191938769456778,0.0265200421463332,"UP",219434843,219493629,"+",57.57,10782,9804,"striated muscle enriched protein kinase"
"LINC01159","2",259.335253860244,0.915859655836726,0.295710116162852,3.09715361693054,0.00195388592895739,0.0267642750828204,"UP",104865401,104874447,"-",53.12,457,NA,"long intergenic non-protein coding RNA 1159"
"HS6ST1","2",2793.99678167444,0.915106452525723,0.279986697910414,3.26839260348906,0.00108160217024956,0.0197776780807484,"UP",128236716,128318868,"-",53.2,559,NA,"heparan sulfate 6-O-sulfotransferase 1"
"WASH2P","2",241.306469723102,0.881834153157755,0.226925606999028,3.88600548355715,0.000101907205333566,0.00613159423927985,"UP",113588550,113599034,"+",56.5,1684,NA,"WASP family homolog 2, pseudogene"
"RNPEPL1","2",1077.40700807906,0.839796523001925,0.217429438910915,3.86238646987452,0.000112284750469334,0.00647235564744166,"UP",240565804,240581372,"+",63.56,538,344,"arginyl aminopeptidase like 1"
"SH3RF3","2",1815.52756217513,0.828686749004787,0.229561411472377,3.60986954945824,0.000306351034557877,0.010949665115438,"UP",109129205,109504634,"+",48.61,5948,2649,"SH3 domain containing ring finger 3"
"TNS1","2",13418.3596652914,0.793904782492656,0.240347573296342,3.30315289480287,0.000956042457786607,0.0186775790662576,"UP",217799588,218033982,"-",52.84,10680,5583,"tensin 1"
"NEU4","2",178.338850567757,0.793486258903002,0.265011390199318,2.9941590748466,0.00275202421201278,0.0321198111643908,"UP",241809065,241817413,"+",65.72,860,644,"neuraminidase 4"
"SFXN5","2",5435.69927554747,0.767206357043788,0.237968337242971,3.22398503066588,0.00126420007901487,0.021277622206718,"UP",72942036,73075619,"-",49.36,4072,NA,"sideroflexin 5"
"ABHD1","2",147.072990503533,0.753400551432646,0.263576909309509,2.8583708391085,0.00425822423818453,0.0413614379758779,"UP",27123789,27130812,"+",50.81,1078,918,"abhydrolase domain containing 1"
"GPC1","2",5786.88744794571,0.698213912413595,0.19757292813615,3.53395538042765,0.000409390184280805,0.0126049071150024,"UP",240435663,240468076,"+",64.64,3719,1677,"glypican 1"
"SNORD89","2",1419.49245668793,0.658791494529622,0.237307613413966,2.77610770700563,0.00550139802426557,0.0477004563482061,"UP",101272936,101273049,"-",47.37,114,NA,"small nucleolar RNA, C/D box 89"
"ZNF514","2",885.638206817569,0.625776239181732,0.170016141353162,3.68068722299638,0.000232606193298007,0.00942347301692729,"UP",95122087,95165668,"-",44.49,3661,1203,"zinc finger protein 514"
"TET3","2",2873.10018053513,0.605260423984435,0.207595634962801,2.9155739430306,0.00355034965822674,0.0370923355653874,"UP",73984910,74108177,"+",47.03,12060,5388,"tet methylcytosine dioxygenase 3"
"ZNF513","2",532.077517846728,0.567266945520669,0.187975033153783,3.01777813789019,0.0025463525113812,0.0311787799692427,"UP",27377235,27380790,"-",57.85,2077,1440,"zinc finger protein 513"
"AGBL5","2",1045.86616256924,0.424195726354719,0.148078555981253,2.86466682190245,0.0041744820770148,0.0409424264049797,"UP",27042364,27070622,"+",48.47,559,196,"AGBL carboxypeptidase 5"
"PEX13","2",892.478335670124,-0.405312136104428,0.143591588027401,-2.822673261522,0.00476250806679591,0.0441853500347915,"DOWN",61017225,61051990,"+",39.79,1533,192,"peroxisomal biogenesis factor 13"
"UGGT1","2",3935.21125576479,-0.42256668530358,0.144495865800772,-2.92442059128671,0.00345098116355078,0.0364477862103228,"DOWN",128091200,128195677,"+",40.84,586,177,"UDP-glucose glycoprotein glucosyltransferase 1"
"PIKFYVE","2",5271.79821048238,-0.430636007877277,0.150488923195026,-2.86157943544586,0.00421535855086348,0.0412016769565622,"DOWN",208266255,208358746,"+",37.09,2039,1356,"phosphoinositide kinase, FYVE-type zinc finger containing"
"GCC2","2",6805.6174804476,-0.435873676116142,0.152951005577005,-2.84976012071196,0.00437522130591175,0.0420855985251569,"DOWN",108449107,108509415,"+",38.28,4108,NA,"GRIP and coiled-coil domain containing 2"
"SOS1","2",4634.53786450078,-0.438343073369891,0.145326845333683,-3.0162567168056,0.00255916489856236,0.0311787799692427,"DOWN",38962206,39124345,"-",38.16,4056,3444,"SOS Ras/Rac guanine nucleotide exchange factor 1"
"MAP4K3","2",2578.57785755301,-0.449246229345407,0.148954086477446,-3.01600472984291,0.00256129264572423,0.0311787799692427,"DOWN",39249266,39437301,"-",36.89,4335,2685,"mitogen-activated protein kinase kinase kinase kinase 3"
"MGAT4A","2",2704.56182164487,-0.450431580595701,0.148143774941253,-3.0405029220723,0.00236183399794798,0.0299231624276426,"DOWN",98619106,98731132,"-",40.02,8432,1608,"alpha-1,3-mannosyl-glycoprotein 4-beta-N-acetylglucosaminyltransferase A"
"MARCHF7","2",2971.34243499161,-0.464313753830498,0.164528714218274,-2.82208340371828,0.00477127669626543,0.0442138307187263,"DOWN",159712457,159771027,"+",38.09,3303,1908,"membrane associated ring-CH-type finger 7"
"MAP3K2","2",3813.3843536472,-0.470961258885815,0.140921189378148,-3.34201876214681,0.00083171438612206,0.0174768411318403,"DOWN",127298668,127388465,"-",38.68,11360,1860,"mitogen-activated protein kinase kinase kinase 2"
"PUM2","2",7556.54251267885,-0.472066654063954,0.166275283671248,-2.83906689942747,0.0045245669855312,0.0428617001217354,"DOWN",20248691,20352234,"-",37.42,6112,3195,"pumilio RNA binding family member 2"
"PPP4R3B","2",3639.76850137249,-0.485267952781264,0.159728882398541,-3.03807267348473,0.00238096527133377,0.0300474720277924,"DOWN",55547292,55618880,"-",38.14,5243,2295,"protein phosphatase 4 regulatory subunit 3B"
"PLEKHA3","2",1440.8588163613,-0.495256945657162,0.141088009723136,-3.51026955890179,0.000447652634684279,0.0132301477836731,"DOWN",178480457,178516463,"+",37.26,13892,903,"pleckstrin homology domain containing A3"
"KIDINS220","2",17965.176399905,-0.498443933634987,0.158362438993954,-3.14748836151745,0.00164679661682378,0.024360503348318,"DOWN",8721081,8837630,"-",38.39,8735,3951,"kinase D interacting substrate 220"
"HNRNPA3","2",3024.70270060802,-0.5053614549306,0.173999008922178,-2.90439272074604,0.00367966282623793,0.0378684947581164,"DOWN",177212694,177226106,"+",39.55,5697,1137,"heterogeneous nuclear ribonucleoprotein A3"
"PPM1B","2",1014.13407606169,-0.511380002947263,0.15287987773677,-3.34497914648888,0.000822887572248832,0.0173668052551573,"DOWN",44167969,44244384,"+",38.72,2084,1134,"protein phosphatase, Mg2+/Mn2+ dependent 1B"
"MBOAT2","2",4502.14233633745,-0.512811264324601,0.182986693417055,-2.80245112225633,0.00507159007322041,0.0455092964731649,"DOWN",8852690,9003709,"-",40.14,7622,1563,"membrane bound O-acyltransferase domain containing 2"
"MAT2A","2",5279.73064575845,-0.52241014112023,0.110995188342742,-4.7066016907605,2.51880365712879e-06,0.000937227465404875,"DOWN",85539168,85545281,"+",44.47,583,NA,"methionine adenosyltransferase 2A"
"AGFG1","2",3826.70114582855,-0.533699543745136,0.1842998857913,-2.89582134819928,0.0037816762165929,0.0385249056644542,"DOWN",227472152,227561217,"+",37.09,2089,1755,"ArfGAP with FG repeats 1"
"CARF","2",1255.92138487784,-0.536930526008067,0.193845592625702,-2.76988771699768,0.00560756200160021,0.0482084889198302,"DOWN",202912214,202988263,"+",38.39,5938,2178,"calcium responsive transcription factor"
"AFTPH","2",2315.22811638245,-0.536973109938493,0.184747453105159,-2.90652510177147,0.00365467574848279,0.0377085619897134,"DOWN",64524299,64593005,"+",37.29,4102,2814,"aftiphilin"
"SLC16A14","2",866.251999796158,-0.558299997786444,0.19989050902113,-2.7930290463537,0.00522170029360016,0.0462438825708581,"DOWN",230034982,230068993,"-",42.85,4315,1533,"solute carrier family 16 member 14"
"TRIP12","2",12697.091050379,-0.567618150705729,0.167778389202582,-3.38314221160132,0.000716615139998824,0.0161830567469762,"DOWN",229763837,229923239,"-",38.19,10103,6207,"thyroid hormone receptor interactor 12"
"TTC27","2",400.651135891459,-0.57796958143862,0.196385354380885,-2.94303810618006,0.00325008410450496,0.0352792417756299,"DOWN",32628032,32821051,"+",39.46,509,345,"tetratricopeptide repeat domain 27"
"CNOT9","2",1046.78069616228,-0.579380845593901,0.129872139517705,-4.46116347775202,8.15158750285197e-06,0.00164043254520405,"DOWN",218568580,218597080,"+",41.17,1621,996,"CCR4-NOT transcription complex subunit 9"
"CLIP4","2",4087.33360241947,-0.589033774725954,0.154848199215969,-3.80394333100651,0.000142410772164336,0.00701496320889336,"DOWN",29097705,29199777,"+",38.65,2322,1800,"CAP-Gly domain containing linker protein family member 4"
"MSH2","2",1730.72985788358,-0.591935811360489,0.16806404526809,-3.52208475296576,0.000428167234787588,0.0128962051563793,"DOWN",47403067,47663146,"+",45.38,3018,2607,"mutS homolog 2"
"DGUOK","2",415.665200161504,-0.598555000769094,0.188901502813544,-3.16860899386226,0.00153170305552532,0.0235471692789819,"DOWN",73926826,73958961,"+",42.81,1029,270,"deoxyguanosine kinase"
"MFF","2",2678.44941810921,-0.600479480462063,0.216685379417086,-2.77120441664055,0.0055849353159757,0.0481044321767052,"DOWN",227325151,227357833,"+",36.79,581,98,"mitochondrial fission factor"
"EXOC6B","2",8060.73986123549,-0.603349171209845,0.199834907413341,-3.01923812520838,0.0025341126650037,0.0310801465090159,"DOWN",72175984,72826041,"-",37.12,5910,2436,"exocyst complex component 6B"
"CEBPZ","2",1430.71560797957,-0.605398781087385,0.219052777321162,-2.76371196243628,0.00571479616616579,0.0487369746385352,"DOWN",37201612,37231596,"-",37.99,3346,3165,"CCAAT enhancer binding protein zeta"
"DNAJC27","2",888.940006212702,-0.622004475179836,0.208158349850838,-2.98813127422249,0.00280688964065659,0.0324509717251053,"DOWN",24943636,24972094,"-",40.71,4831,534,"DnaJ heat shock protein family (Hsp40) member C27"
"WDR75","2",986.304597333239,-0.62291901344852,0.192238591454867,-3.24034320442244,0.00119385910273382,0.020735516529037,"DOWN",189441446,189475552,"+",37.02,2647,2493,"WD repeat domain 75"
"CAB39","2",6525.3102875431,-0.623942746411124,0.193612003715946,-3.22264495194487,0.00127012882796782,0.0212878044906824,"DOWN",230712842,230821075,"+",40.78,3829,1026,"calcium binding protein 39"
"SPOPL","2",1105.09445552391,-0.626593826297034,0.204010152897793,-3.07138550408789,0.0021306786279796,0.0281033942790902,"DOWN",138501770,138574458,"+",36.71,6056,1179,"speckle type BTB/POZ protein like"
"KLHL23","2",1377.77395363459,-0.629689257291446,0.227277171766589,-2.77057855127716,0.00559568014074578,0.0481455424703228,"DOWN",169694488,169776989,"+",42.29,843,148,"kelch like family member 23"
"SAP130","2",1518.58708834605,-0.634133928452961,0.184813289895485,-3.4312138959897,0.000600886601213516,0.0149096502975447,"DOWN",127941217,128028120,"-",43.39,4173,3252,"Sin3A associated protein 130"
"MCFD2","2",4233.88596373844,-0.63584513221382,0.207765206053819,-3.06040238541728,0.00221039800907167,0.0287114319266421,"DOWN",46901870,46941855,"-",45.38,4169,384,"multiple coagulation factor deficiency 2, ER cargo receptor complex subunit"
"BOLA3","2",264.570593334627,-0.639896153868417,0.22098089525316,-2.8957080345581,0.00378304188179437,0.0385249056644542,"DOWN",74135400,74147912,"-",50.4,555,324,"bolA family member 3"
"XPO1","2",6098.31548753322,-0.644908668194881,0.213282187152262,-3.02373431558295,0.00249675598521537,0.0308793849594651,"DOWN",61476032,61538741,"-",41.09,8930,NA,"exportin 1"
"CNRIP1","2",2589.50175514031,-0.645081949296653,0.20909927278844,-3.08505113716643,0.00203517158376957,0.0274866037541366,"DOWN",68284171,68320051,"-",40.04,644,387,"cannabinoid receptor interacting protein 1"
"PTCD3","2",3166.39261610387,-0.645452261088777,0.15569159423292,-4.14571039797536,3.3876177176984e-05,0.00364176998212062,"DOWN",86106223,86142157,"+",41.2,522,237,"pentatricopeptide repeat domain 3"
"SPAST","2",2155.89858710106,-0.656827034232832,0.232537005323169,-2.82461293986307,0.00473377619577489,0.0440011956460459,"DOWN",32063556,32157637,"+",40,5252,636,"spastin"
"C2orf49","2",1247.37167955047,-0.657035712995736,0.236817724770218,-2.77443638829506,0.0055297447122958,0.0478677185438748,"DOWN",105337532,105350712,"+",38.44,854,573,"chromosome 2 open reading frame 49"
"CIR1","2",1937.81522983591,-0.669253390721856,0.221820822527677,-3.01709002381123,0.00255214006235962,0.0311787799692427,"DOWN",174348022,174395712,"-",37.69,1918,1353,"corepressor interacting with RBPJ, CIR1"
"NUP35","2",273.976729984987,-0.679009376170496,0.216549770009903,-3.13558114672411,0.00171513971066477,0.024841002093165,"DOWN",183117513,183161680,"+",38.01,616,230,"nucleoporin 35"
"C2orf69","2",1104.24082600807,-0.685065999427792,0.230474548170549,-2.9724149797263,0.00295467029781906,0.0333309961861249,"DOWN",199911293,199955935,"+",37.98,3691,1158,"chromosome 2 open reading frame 69"
"STAM2","2",2031.4393377022,-0.688570365036955,0.237316524139498,-2.90148512638843,0.00371398410052913,0.0379976393635354,"DOWN",152116801,152175763,"-",38.98,5472,1578,"signal transducing adaptor molecule 2"
"RPE","2",1421.57859509307,-0.693382122113642,0.211087164050596,-3.28481423885843,0.00102049629463527,0.0192225259984802,"DOWN",210002565,210022260,"+",38.52,3165,600,"ribulose-5-phosphate-3-epimerase"
"CUL3","2",4046.92466226466,-0.694194162522335,0.220938927449646,-3.14201834206219,0.00167787524419873,0.0246344811766983,"DOWN",224470150,224585397,"-",37.23,6756,2307,"cullin 3"
"NIF3L1","2",396.43972231885,-0.697064631513275,0.246555259718337,-2.82721460620875,0.00469548485764475,0.0437461466744976,"DOWN",200889327,200903938,"+",41.02,749,628,"NGG1 interacting factor 3 like 1"
"PCYOX1","2",5190.97680779367,-0.713537821114884,0.250815909355322,-2.84486667113305,0.00444300161459212,0.042490485191983,"DOWN",70257386,70281185,"+",45.24,556,389,"prenylcysteine oxidase 1"
"KCNJ3","2",3513.097117511,-0.714535978092982,0.251374260479643,-2.84251846919247,0.00447586377122236,0.0426529713044854,"DOWN",154697855,154858354,"+",34.96,3691,969,"potassium inwardly rectifying channel subfamily J member 3"
"HEATR5B","2",2906.30604167388,-0.718350873675533,0.214783531676403,-3.344534229737,0.000824208583140157,0.0173733820168104,"DOWN",36968383,37084372,"-",38.6,433,348,"HEAT repeat containing 5B"
"HADHA","2",5462.14265995014,-0.726797168097963,0.212981654691996,-3.41248718885681,0.00064372952647307,0.0153613824141095,"DOWN",26190635,26244672,"-",41.91,2943,2292,"hydroxyacyl-CoA dehydrogenase trifunctional multienzyme complex subunit alpha"
"SUMO1","2",1813.11534075098,-0.727838131388108,0.252416614824559,-2.88347948844013,0.00393308260283662,0.0395287813527493,"DOWN",202206182,202238599,"-",41.66,1523,306,"small ubiquitin like modifier 1"
"LRPPRC","2",7764.2376322226,-0.733179211598934,0.251554780708845,-2.91459064913393,0.0035615535882057,0.0371560303979594,"DOWN",43886224,43996226,"-",37.13,3328,800,"leucine rich pentatricopeptide repeat containing"
"LNPK","2",2322.10113856529,-0.733443074445169,0.234850507427767,-3.12302103358561,0.00179004954882519,0.0253330242176045,"DOWN",175923882,176002839,"-",35.26,7542,1287,"lunapark, ER junction formation factor"
"MTX2","2",745.69724091108,-0.738059983125832,0.252102976226032,-2.92761312926388,0.00341574771025973,0.0363388570548741,"DOWN",176269395,176338025,"+",35.02,1592,114,"metaxin 2"
"MRPL35","2",1491.87208637911,-0.743412487763522,0.207277785358574,-3.58655167256577,0.000335079690286779,0.011350472534,"DOWN",86199355,86213790,"+",40.87,1061,513,"mitochondrial ribosomal protein L35"
"RPL31","2",7370.29880753568,-0.744723760743383,0.266910245767506,-2.79016550526906,0.00526811041516127,0.0464000431540752,"DOWN",101002229,101024032,"+",42.39,1291,378,"ribosomal protein L31"
"ABI2","2",10609.0010816157,-0.746696601034286,0.221969912741136,-3.36395411347974,0.000768343168135035,0.01683256147148,"DOWN",203328280,203447728,"+",39.49,6484,1428,"abl interactor 2"
"UGP2","2",4310.62409681714,-0.747157864046855,0.232894046081836,-3.20814497672608,0.00133594136070487,0.0217155022007341,"DOWN",63840952,63891562,"+",38.65,1023,159,"UDP-glucose pyrophosphorylase 2"
"GLS","2",6043.0242081751,-0.747231576260911,0.265695447592928,-2.81236123174284,0.00491792386653761,0.0447497767630093,"DOWN",190880821,190965552,"+",35.11,4488,1797,"glutaminase"
"ASNSD1","2",548.465246444481,-0.747591694875854,0.228957227701457,-3.26520242396827,0.00109385874149321,0.0198711807775295,"DOWN",189661385,189670831,"+",37.75,968,489,"asparagine synthetase domain containing 1"
"ACSL3","2",7920.29374481579,-0.74941529080716,0.271253875601946,-2.76278187415429,0.00573110523999078,0.0488244139959201,"DOWN",222860942,222944639,"+",39.46,3147,2163,"acyl-CoA synthetase long chain family member 3"
"SSB","2",2322.1162176318,-0.750438216722775,0.262378347778443,-2.86013774793817,0.00423457031708777,0.0412142123497323,"DOWN",169791933,169812064,"+",39.88,2463,554,"small RNA binding exonuclease protection factor La"
"TANK","2",1079.0822310251,-0.754096208769878,0.214864779319293,-3.50963155133619,0.000448728023764551,0.0132320836691981,"DOWN",161136908,161236230,"+",35.76,2152,1278,"TRAF family member associated NFKB activator"
"ITGAV","2",8840.63245320855,-0.757026221372405,0.237705310951762,-3.18472573600188,0.00144891256892105,0.022698563975204,"DOWN",186590010,186680901,"+",35.8,3721,3135,"integrin subunit alpha V"
"MRPL30","2",921.465058545509,-0.75947965231695,0.228734504240384,-3.32035455183793,0.00089903191737625,0.0180898385637787,"DOWN",99181152,99199561,"+",40.16,567,NA,"mitochondrial ribosomal protein L30"
"FAM136A","2",595.866636852283,-0.760316665247431,0.226678085522049,-3.35416925503138,0.000796036547825785,0.0171442029792649,"DOWN",70295976,70302067,"-",48.31,2398,NA,"family with sequence similarity 136 member A"
"PDIA6","2",3194.51764358118,-0.760477624188235,0.263704768890395,-2.88382203851731,0.00392880708306911,0.0395287813527493,"DOWN",10783391,10837977,"-",46.27,2279,1323,"protein disulfide isomerase family A member 6"
"METTL5","2",618.450696965698,-0.779958911390421,0.256557017838672,-3.04009969386562,0.00236499849885848,0.0299475673787388,"DOWN",169810081,169824931,"-",39.58,936,597,"methyltransferase 5, N6-adenosine"
"CRIPT","2",1160.41848702609,-0.781888776652104,0.197308845199472,-3.96276596653152,7.40863993256438e-05,0.00522406313145779,"DOWN",46616416,46685037,"+",41.68,1724,NA,"CXXC repeat containing interactor of PDZ3 domain"
"ORC4","2",1783.80563049035,-0.782754044969099,0.282742324482098,-2.76843605357945,0.00563260378641626,0.0483639481441647,"DOWN",147930396,148021604,"-",36.15,6547,1311,"origin recognition complex subunit 4"
"ENSG00000288066","2",271.042953690352,-0.782898878628076,0.281998940764845,-2.77624758626638,0.00549903153598704,0.0477004563482061,"DOWN",151796688,151798688,"+",37.48,1912,NA,"novel transcript, antisense to ARL5A"
"PPP1CB","2",9810.278710196,-0.783225880054595,0.250038663402523,-3.13241908029929,0.0017337221124394,0.0249001205531231,"DOWN",28751640,28802940,"+",38.98,4430,900,"protein phosphatase 1 catalytic subunit beta"
"ACTR3","2",4608.23712354,-0.785335497177687,0.264310068775422,-2.97126591058839,0.00296574871381862,0.0334092214217127,"DOWN",113890063,113962596,"+",36.57,566,252,"actin related protein 3"
"NCKAP1","2",15808.1585633422,-0.786734097406447,0.272225839249156,-2.89000522351732,0.00385235425194019,0.0390662641247067,"DOWN",182909115,183038858,"-",35.82,20332,3387,"NCK associated protein 1"
"RNF181","2",554.469364277407,-0.798875972714309,0.244296456463881,-3.27010872068226,0.00107506156659898,0.0196886944321851,"DOWN",85595725,85597708,"+",54.54,623,NA,"ring finger protein 181"
"RAB10","2",5690.00407618131,-0.800278157314017,0.290439751071428,-2.75540160863588,0.00586201325891386,0.0493526888491705,"DOWN",26034084,26137454,"+",40.63,3561,603,"RAB10, member RAS oncogene family"
"FEZ2","2",2751.24200197984,-0.804099157334595,0.228281769918667,-3.52239759495944,0.000427662228550629,0.0128962051563793,"DOWN",36531805,36646087,"-",40.54,430,NA,"fasciculation and elongation protein zeta 2"
"FBXO36","2",358.097825692107,-0.806980788135159,0.286674018421917,-2.81497706899783,0.00487807144878421,0.0447116817973444,"DOWN",229922302,230013119,"+",43.78,3120,474,"F-box protein 36"
"ORMDL1","2",606.059751323377,-0.808955944923428,0.232406938209824,-3.48077364279494,0.000499967823266408,0.0138895743825965,"DOWN",189766012,189784364,"-",37.31,1987,477,"ORMDL sphingolipid biosynthesis regulator 1"
"DPY30","2",652.726081045903,-0.810122730318118,0.242604014515307,-3.33927998651071,0.000839958578126732,0.0175737354416723,"DOWN",31867809,32039805,"-",39,1519,NA,"dpy-30 histone methyltransferase complex regulatory subunit"
"SPAG16","2",1269.16389988317,-0.810981636866043,0.269618883167904,-3.00788144857424,0.00263075741470035,0.0314999547768997,"DOWN",213284389,214410501,"+",35.89,2102,1896,"sperm associated antigen 16"
"MOB1A","2",1825.26402192692,-0.817334196902745,0.205470436464359,-3.97786762400984,6.95360637309998e-05,0.00500057326590221,"DOWN",74152528,74178898,"-",41.02,4896,651,"MOB kinase activator 1A"
"ACP1","2",1872.59797829402,-0.818219576512358,0.219977461011106,-3.71956096207078,0.000199569376235158,0.00852780242631975,"DOWN",264140,278283,"+",42.67,559,NA,"acid phosphatase 1"
"MAPRE3","2",4815.8687507573,-0.818311227099305,0.233627903857495,-3.5026262427901,0.000460695412218976,0.0133601669543503,"DOWN",26970637,27027219,"+",45.88,574,NA,"microtubule associated protein RP/EB family member 3"
"SUCLG1","2",1624.3008365324,-0.819719008865898,0.23151150082425,-3.54072694422288,0.00039902630388565,0.0124223540031303,"DOWN",84423528,84460045,"-",39.25,1270,1041,"succinate-CoA ligase GDP/ADP-forming subunit alpha"
"SELENOI","2",3642.85032449582,-0.822310092065415,0.285743905334222,-2.87778698588022,0.00400475457917782,0.0398925017512334,"DOWN",26308547,26395885,"+",42.64,504,354,"selenoprotein I"
"LCLAT1","2",807.550737422294,-0.823507188051513,0.271430418493125,-3.03395320474139,0.00241371866770604,0.0302477718638022,"DOWN",30447226,30644225,"+",37.54,583,421,"lysocardiolipin acyltransferase 1"
"MRPL44","2",723.866915444813,-0.830211048823353,0.287597814170529,-2.88670847940132,0.00389294742700797,0.0393295014492961,"DOWN",223957463,223967714,"+",37.35,1689,999,"mitochondrial ribosomal protein L44"
"WDCP","2",267.65304182833,-0.831964487802578,0.241825145075421,-3.44035558230763,0.000580950384183089,0.014697558568883,"DOWN",24029347,24049575,"-",43.29,3700,1869,"WD repeat and coiled coil containing"
"FAM171B","2",17742.5769085591,-0.83339519672161,0.281908892359557,-2.95625721397489,0.00311397283953743,0.0343588262304071,"DOWN",186694060,186765959,"+",37.12,5731,2481,"family with sequence similarity 171 member B"
"PLEKHB2","2",6864.26449600704,-0.836226165387236,0.274428840313618,-3.04715118291355,0.00231021484022485,0.0295321649712887,"DOWN",131104847,131353709,"+",42.42,2277,693,"pleckstrin homology domain containing B2"
"COPS9","2",1252.87174380142,-0.845777911531829,0.215752960011388,-3.92012193708576,8.85041765970019e-05,0.00573877215864635,"DOWN",240126563,240136807,"-",54.66,759,759,"COP9 signalosome subunit 9"
"GORASP2","2",1830.78201779419,-0.852052745711246,0.292833023190185,-2.90968804142648,0.00361789675015678,0.0374582409243544,"DOWN",170928464,170967130,"+",41.03,812,NA,"golgi reassembly stacking protein 2"
"SCRN3","2",1173.4989099007,-0.857023082010373,0.276662049266229,-3.09772548957616,0.00195011975662028,0.0267378664589672,"DOWN",174395730,174429575,"+",37.9,1141,354,"secernin 3"
"IDH1","2",872.501591440813,-0.860267059009316,0.240432903822212,-3.57799221875822,0.000346243756889645,0.0115411528613267,"DOWN",208236229,208266074,"-",41.27,2318,1245,"isocitrate dehydrogenase (NADP(+)) 1"
"ODC1","2",1324.83917680333,-0.869249358436406,0.258717000268877,-3.35984630902886,0.00077985843079739,0.0168859946349737,"DOWN",10439968,10448327,"-",45.53,2358,132,"ornithine decarboxylase 1"
"FARSB","2",1491.21155079282,-0.876212856741464,0.273761381348503,-3.20064448983047,0.00137120600153529,0.0221240749520564,"DOWN",222566899,222656092,"-",38.07,6761,1770,"phenylalanyl-tRNA synthetase subunit beta"
"TSN","2",2449.55879479215,-0.887254657645061,0.289370582866684,-3.06615361124606,0.00216831885553024,0.0283782250215662,"DOWN",121737103,121767853,"+",44,555,555,"translin"
"IMMT","2",2623.69679503221,-0.892925185403678,0.239714951702383,-3.72494572850961,0.000195357246432437,0.00848213694411366,"DOWN",86143932,86195472,"-",41.28,2613,1980,"inner membrane mitochondrial protein"
"PAPOLG","2",1178.70330973792,-0.895409359053921,0.196201769384405,-4.56371704426173,5.02558023051626e-06,0.00118153523631192,"DOWN",60756253,60802086,"+",39.59,7348,2211,"poly(A) polymerase gamma"
"YWHAQ","2",10475.6677251923,-0.896147991326078,0.315885623398897,-2.83693819833779,0.00455484276396342,0.0429843611485222,"DOWN",9583967,9630997,"-",40.32,2196,738,"tyrosine 3-monooxygenase/tryptophan 5-monooxygenase activation protein theta"
"CSRNP3","2",6979.05968315746,-0.898896619125079,0.267031385932814,-3.36625829950657,0.000761953235027114,0.0167532735839689,"DOWN",165469647,165689407,"+",36.48,1688,1312,"cysteine and serine rich nuclear protein 3"
"SLC40A1","2",600.00866221231,-0.899883098526286,0.308171194185359,-2.92007532016449,0.00349946795676148,0.0367512514121724,"DOWN",189560590,189583758,"-",38.25,3330,1716,"solute carrier family 40 member 1"
"SCN2A","2",17048.3741550831,-0.90609124737753,0.303827547559833,-2.98225508073488,0.0028613348760591,0.0328057801939078,"DOWN",165194993,165392310,"+",35.7,8169,NA,"sodium voltage-gated channel alpha subunit 2"
"CYRIA","2",4978.33083910645,-0.918473443785433,0.307724645220827,-2.98472500675507,0.00283833364559293,0.032623483027799,"DOWN",16549459,16666331,"-",42.98,4670,972,"CYFIP related Rac1 interactor A"
"GPD2","2",3945.20007791628,-0.920877697470881,0.268010713940539,-3.43597345020762,0.00059042882991818,0.0148149895501748,"DOWN",156435290,156613735,"+",37.9,456,328,"glycerol-3-phosphate dehydrogenase 2"
"ATF2","2",2958.39953750926,-0.92202019090025,0.207103144800399,-4.45198546738085,8.5079925419681e-06,0.00167296185056943,"DOWN",175072250,175168382,"-",36.05,4164,1518,"activating transcription factor 2"
"ARPC2","2",3737.81439675055,-0.932195376456287,0.243060775979908,-3.83523574586689,0.000125443914403942,0.00674219225283056,"DOWN",218217141,218254356,"+",44.27,482,269,"actin related protein 2/3 complex subunit 2"
"FBXO48","2",130.466085501083,-0.934080326077327,0.2379603484682,-3.92536122967627,8.65996830760782e-05,0.00564849420163481,"DOWN",68459422,68467294,"-",40.06,5699,468,"F-box protein 48"
"NDUFB3","2",532.642254516464,-0.936654188198697,0.315679380359541,-2.96710601475427,0.00300617284671599,0.0336452089174794,"DOWN",201071433,201085750,"+",41.49,564,297,"NADH:ubiquinone oxidoreductase subunit B3"
"LAPTM4A","2",1394.24098964547,-0.937271388802412,0.257551410815779,-3.63916231650085,0.000273526358302496,0.0103277625957377,"DOWN",20032650,20051628,"-",41.26,1365,702,"lysosomal protein transmembrane 4 alpha"
"RAB1A","2",3058.63873834762,-0.95291976250866,0.255601558433928,-3.72814535383589,0.000192894117893462,0.00843938072145467,"DOWN",65070696,65130331,"-",42.82,1798,618,"RAB1A, member RAS oncogene family"
"CEBPZOS","2",1303.67341279441,-0.967726442515328,0.235058064320992,-4.1169676322775,3.83889962243224e-05,0.00371803626852041,"DOWN",37196488,37216193,"+",38.06,568,243,"CEBPZ opposite strand"
"XRCC5","2",8232.34476048302,-0.969786465257271,0.262529881431202,-3.69400412619853,0.000220750216812203,0.00911103198604084,"DOWN",216107464,216206303,"+",39.46,3761,2199,"X-ray repair cross complementing 5"
"HNRNPCP2","2",119.761174730713,-0.969994618971841,0.314453070816864,-3.08470391607898,0.00203754881325939,0.0274866037541366,"DOWN",189923336,189924216,"+",47.33,881,NA,"heterogeneous nuclear ribonucleoprotein C pseudogene 2"
"HSPD1","2",6603.55502785848,-0.999468270263955,0.290986235335083,-3.43476133540483,0.000593075908555107,0.0148149895501748,"DOWN",197486584,197516737,"-",42.79,2245,1722,"heat shock protein family D (Hsp60) member 1"
"SULT1C4","2",625.828222529308,-1.01461731506914,0.327150766588379,-3.10137532505228,0.0019262396815635,0.0265913430013098,"DOWN",108377911,108388989,"+",40.65,1757,NA,"sulfotransferase family 1C member 4"
"ENSG00000288048","2",110.6635656382,-1.01955612942634,0.359627981343813,-2.83503003747537,0.00458213771974519,0.043138802214775,"DOWN",172234230,172237223,"+",47.73,2108,NA,"novel transcript"
"MOB4","2",651.535676554744,-1.02821348905952,0.259809346829627,-3.95756927765106,7.57163313636107e-05,0.00529270286231297,"DOWN",197515571,197553699,"+",40.5,3785,582,"MOB family member 4, phocein"
"SLC8A1","2",20022.3426110705,-1.04594009775035,0.294790463661703,-3.54807982849353,0.000388050590639599,0.0123006442794356,"DOWN",40097270,40611053,"-",37.43,21116,2922,"solute carrier family 8 member A1"
"SF3B6","2",590.640272389526,-1.0473634758665,0.323553269917238,-3.23706657680946,0.00120765233717045,0.0208077722391231,"DOWN",24067586,24076373,"-",43.05,651,378,"splicing factor 3b subunit 6"
"HADHB","2",3495.43480978699,-1.07539077427367,0.277169942876759,-3.87989679945862,0.000104500793765908,0.00622526157148335,"DOWN",26243170,26290465,"+",41.22,557,449,"hydroxyacyl-CoA dehydrogenase trifunctional multienzyme complex subunit beta"
"COX7A2L","2",1619.7524478476,-1.08033186048947,0.238554808258974,-4.52865263280155,5.93609936915589e-06,0.00132935647539263,"DOWN",42333546,42425088,"-",44,516,288,"cytochrome c oxidase subunit 7A2 like"
"PNO1","2",460.534508425679,-1.08230620677153,0.313706261938492,-3.45006248865933,0.000560456806006469,0.0144904719206564,"DOWN",68157888,68176238,"+",40.98,2242,759,"partner of NOB1 homolog"
"CYBRD1","2",2878.96018599958,-1.08315732411059,0.343302022189253,-3.1551148962166,0.00160434911055225,0.0240879808879156,"DOWN",171522247,171558129,"+",41.27,1493,687,"cytochrome b reductase 1"
"SERPINE2","2",4287.9429996743,-1.10116066518449,0.266638151274654,-4.12979410455866,3.63088256303382e-05,0.00371803626852041,"DOWN",223975045,224039318,"-",43.2,2229,1197,"serpin family E member 2"
"PDE1A","2",3653.06371341811,-1.10558612543391,0.377512167632987,-2.92861057264982,0.00340480706423729,0.036276944341693,"DOWN",182139968,182523359,"-",36.57,5176,168,"phosphodiesterase 1A"
"COPS8","2",1764.63054725575,-1.1126496020176,0.269114873955804,-4.1344782830559,3.55761891155135e-05,0.00371803626852041,"DOWN",237085882,237100474,"+",38.3,3438,630,"COP9 signalosome subunit 8"
"MDH1","2",7297.1262816959,-1.13659962806526,0.361890251290392,-3.14073016339204,0.00168527226835865,0.0247002856855525,"DOWN",63588609,63607197,"+",38.05,893,NA,"malate dehydrogenase 1"
"PPP3R1","2",7022.5472595016,-1.14373863663207,0.290938945378083,-3.93119812524843,8.45235794597475e-05,0.00560335205114253,"DOWN",68178857,68256237,"-",37.41,3024,513,"protein phosphatase 3 regulatory subunit B, alpha"
"MMADHC","2",649.790592386547,-1.16761318124426,0.284035650412998,-4.11079799154264,3.94294052142619e-05,0.00372978712774229,"DOWN",149569637,149587778,"-",35.1,1392,891,"metabolism of cobalamin associated D"
"CALM2","2",25065.1864064564,-1.19137107126622,0.336099166176569,-3.54470106194889,0.000393058595244923,0.0123197438891183,"DOWN",47160084,47176921,"-",40.15,1210,450,"calmodulin 2"
"ACTR2","2",7189.75126801901,-1.20662622972747,0.298242745573288,-4.04578568175418,5.21479265141812e-05,0.00426131932668922,"DOWN",65227788,65271253,"+",39.46,587,162,"actin related protein 2"
"C1D","2",261.495265956196,-1.24142497354046,0.268212520566669,-4.62851238606471,3.6830183914811e-06,0.0010122441229132,"DOWN",68041130,68110948,"-",38.27,2233,426,"C1D nuclear receptor corepressor"
"TUBA4A","2",4502.95878928076,-1.26865997006375,0.383129504308628,-3.31130846305637,0.000928607857499957,0.0184092701979459,"DOWN",219249710,219277902,"-",49.74,2049,1347,"tubulin alpha 4a"
"MRPL33","2",560.147351771925,-1.27095480125673,0.26977655164354,-4.71113887961644,2.46336288339498e-06,0.000937227465404875,"DOWN",27771717,27988087,"+",39.12,404,165,"mitochondrial ribosomal protein L33"
"CHN1","2",15241.8407825828,-1.28630606490796,0.33717490588622,-3.81495195061174,0.000136209434279687,0.00689474145059678,"DOWN",174798809,175005381,"-",37.23,2736,1005,"chimerin 1"
"C2orf76","2",131.453347631525,-1.29214452922313,0.321687057896162,-4.01677499142731,5.90000080923012e-05,0.0045014958855533,"DOWN",119302225,119366834,"-",39.21,1150,381,"chromosome 2 open reading frame 76"
"FTH1P20","2",35.6569969597612,-1.29450746861076,0.444405774488486,-2.91289524781883,0.00358094703694814,0.0372258273932381,"DOWN",180872867,180873414,"-",48.91,548,NA,"ferritin heavy chain 1 pseudogene 20"
"PREPL","2",13960.8405379826,-1.30899630078922,0.338686613960232,-3.8649189156998,0.000111126110186054,0.00644531439079113,"DOWN",44316281,44361862,"-",37.28,5657,2184,"prolyl endopeptidase like"
"RGPD8","2",184.256700471832,-1.39485347737387,0.359150879005444,-3.88375348331733,0.000102856193851625,0.00615762352597874,"DOWN",112368369,112434488,"-",39.76,7299,5298,"RANBP2 like and GRIP domain containing 8"
"RPS28P4","2",44.3966059021384,-1.4220171763278,0.403001473471239,-3.52856569996955,0.00041781821723859,0.0127111338391604,"DOWN",231256097,231256306,"+",62.38,210,NA,"ribosomal protein S28 pseudogene 4"
"VWA3B","2",291.486146673585,-2.38314255988961,0.861097240952033,-2.76756497007794,0.00564767871917321,0.0484035285265497,"DOWN",98087116,98313299,"+",41.92,5324,306,"von Willebrand factor A domain containing 3B"
"ENSG00000279147","3",32.7075320236684,2.63709221486417,0.831669685634668,3.17084085234121,0.00151998392731003,0.0234304214569282,"UP",141936707,141938547,"-",55.68,1841,NA,"TEC"
"RNA5SP149","3",1142.47511062705,2.47968083696631,0.4614731581896,5.37340209925604,7.72647640114466e-08,0.000155727131865071,"UP",180161886,180161977,"-",58.7,92,NA,"RNA, 5S ribosomal pseudogene 149"
"RNA5SP145","3",129.354240589295,2.25451349693174,0.641041203220312,3.51695567399731,0.000436526673175005,0.0130391935971558,"UP",151188099,151188223,"+",52,125,NA,"RNA, 5S ribosomal pseudogene 145"
"MUC4","3",95.0481781049191,2.1211382772106,0.637734258601586,3.32605352245276,0.000880850127328078,0.0179479706651701,"UP",195746765,195811973,"-",53.71,3806,524,"mucin 4, cell surface associated"
"MAGI1-AS1","3",23.7754653144897,2.08805204770914,0.674692669776097,3.09481952486912,0.00196932686902993,0.0268982008925275,"UP",65893816,65925297,"+",40.66,591,NA,"MAGI1 antisense RNA 1"
"ENSG00000225399","3",24.8875393928073,2.00524316646354,0.725395247011564,2.7643456098239,0.00570370915983354,0.0487369746385352,"UP",49260085,49261316,"+",45.94,1227,NA,"novel transcript"
"EGOT","3",40.9104682961769,1.77462505476547,0.628706891893597,2.82265882185654,0.00476272254778391,0.0441853500347915,"UP",4749192,4751590,"-",44.64,1464,NA,"eosinophil granule ontogeny transcript"
"RBMS3-AS2","3",34.5475456654096,1.71176972379578,0.524072903537104,3.26628167997736,0.0010896979690368,0.0198541479930741,"UP",29526251,29642809,"-",36.04,456,NA,"RBMS3 antisense RNA 2"
"COL7A1","3",807.937400567364,1.70125847824144,0.533498858514102,3.18886994993724,0.00142830118870055,0.0225488854764435,"UP",48564073,48595329,"-",60.15,651,NA,"collagen type VII alpha 1 chain"
"SNORA58","3",74.4438761762374,1.66589593249068,0.462257871839043,3.603823826435,0.00031356964001603,0.0110583717662808,"UP",131479097,131479233,"-",48.91,137,NA,"small nucleolar RNA, H/ACA box 58"
"RN7SL4P","3",83159.3896537995,1.55877801477131,0.291590385206831,5.34577988113577,9.00285647060138e-08,0.000167494681998435,"UP",15738515,15738809,"+",58.64,295,NA,"RNA, 7SL, cytoplasmic 4, pseudogene"
"SEMA3F","3",404.784725086326,1.5560496853882,0.518687814125234,2.99997347732657,0.00270003116154939,0.0318395678562816,"UP",50155045,50189075,"+",57.74,936,793,"semaphorin 3F"
"ENSG00000289165","3",44.6684454199493,1.41909733976227,0.500232392232983,2.83687614356115,0.0045557280937966,0.0429843611485222,"UP",192566943,192605396,"+",38.12,572,NA,"novel transcript, antisense to FGF12"
"TNK2","3",8482.41365439773,1.36400504110078,0.290780751137052,4.69083677570492,2.72089972235448e-06,0.00093922389999178,"UP",195863364,195911945,"-",58.27,2850,1653,"tyrosine kinase non receptor 2"
"FGF12-AS2","3",63.084989118047,1.2473760735061,0.352717286721172,3.53647558672726,0.000405503977836957,0.012557643031965,"UP",192515022,192516573,"+",52.64,580,NA,"FGF12 antisense RNA 2"
"ENSG00000284624","3",203.408518458679,1.23868694102269,0.351029826719661,3.52872276580623,0.000417570332484635,0.0127111338391604,"UP",125758965,125911791,"+",45.3,3256,NA,"novel transcript"
"LAMB2P1","3",63.9038821049847,1.16514293100908,0.344341116156826,3.38368808236781,0.000715192033716873,0.0161746519697128,"UP",49140086,49160851,"-",50.06,1799,NA,"laminin subunit beta 2 pseudogene 1"
"MPRIPP1","3",173.147354121213,1.15812459464585,0.21987264027754,5.26725195633244,1.38481084740728e-07,0.000186840828863678,"UP",44579938,44581026,"-",59.78,1089,NA,"myosin phosphatase Rho interacting protein pseudogene 1"
"SNORA7B","3",295.724117397053,1.08420813472118,0.38221594579799,2.83663763022125,0.00455913239294284,0.0429845051489579,"UP",129397210,129397348,"-",56.83,139,NA,"small nucleolar RNA, H/ACA box 7B"
"CAMK2N2","3",1771.225529347,1.06712739628476,0.309594943651279,3.44685020917768,0.000567162947974217,0.0145940142505095,"UP",184259213,184261553,"-",69.03,1452,240,"calcium/calmodulin dependent protein kinase II inhibitor 2"
"MST1","3",393.155194100126,1.0646237173881,0.347648892260491,3.06235325665985,0.00219604120133788,0.0286480326297508,"UP",49683947,49689501,"-",60.67,667,586,"macrophage stimulating 1"
"NBEAL2","3",995.989730660805,1.01279875881556,0.314233286109254,3.22307916947864,0.00126820496634446,0.0212878044906824,"UP",46979666,47009704,"+",59.9,8842,8265,"neurobeachin like 2"
"CELSR3","3",3311.47260121608,0.945401981370178,0.339604549917322,2.78383190566893,0.00537208672436805,0.0469653094021403,"UP",48636463,48662886,"-",59.87,11933,9939,"cadherin EGF LAG seven-pass G-type receptor 3"
"PLXND1","3",4575.38876771085,0.843913417353907,0.200214698694386,4.21504226641263,2.49731414602754e-05,0.00318400269728011,"UP",129555214,129606676,"-",58.3,1633,NA,"plexin D1"
"ZBTB47","3",4594.07305791907,0.789863933445883,0.228034089692467,3.4637976037316,0.0005326070828616,0.0142387965008821,"UP",42653697,42667580,"+",61.24,5494,2244,"zinc finger and BTB domain containing 47"
"GPR156","3",76.1854982047889,0.787617650018445,0.285303586856317,2.76063003166904,0.00576899874648413,0.0489919254503038,"UP",120164645,120285222,"-",41.05,4154,237,"G protein-coupled receptor 156"
"LINC02614","3",287.061539783185,0.784127779670459,0.277071949867885,2.83005111143279,0.00465405685320442,0.043561539880651,"UP",125782336,125916427,"-",44.68,614,NA,"long intergenic non-protein coding RNA 2614"
"RBM6","3",5383.81660760286,0.727310290963009,0.228682332317007,3.18043936142294,0.00147051911578454,0.0229014651219349,"UP",49940007,50100045,"+",44.14,2260,1806,"RNA binding motif protein 6"
"ADCY5","3",4995.83209605101,0.70984764400512,0.226442445446083,3.13478174379696,0.00171982015310071,0.0248500190140332,"UP",123282296,123449090,"-",51.17,6643,3948,"adenylate cyclase 5"
"NT5DC2","3",1152.13941066034,0.708934992521938,0.253339649127617,2.79835783685333,0.0051363174342701,0.0457726505030422,"UP",52524385,52535054,"-",61.51,670,585,"5'-nucleotidase domain containing 2"
"ITGA9-AS1","3",917.37727022132,0.647558308186179,0.212181202167541,3.05191176961501,0.00227388928230125,0.0292377916968304,"UP",37693655,37861848,"-",44.52,1466,NA,"ITGA9 antisense RNA 1"
"ATP11B","3",2042.22757121827,-0.348631624439478,0.113646722646416,-3.06767864766466,0.00215728469725363,0.0282852816255904,"DOWN",182793503,182923011,"+",36.01,963,588,"ATPase phospholipid transporting 11B (putative)"
"PHC3","3",6527.44960798632,-0.413893818636605,0.108706256192601,-3.80745168799931,0.000140406157391406,0.00701496320889336,"DOWN",170086732,170181749,"-",37.75,913,485,"polyhomeotic homolog 3"
"DCP1A","3",1359.10458512931,-0.429769973841049,0.127568456568593,-3.368936063046,0.000754589306378928,0.0167089481601835,"DOWN",53283429,53347586,"-",41.18,5926,1749,"decapping mRNA 1A"
"SLC25A38","3",879.35601363447,-0.440441088691219,0.15729116727433,-2.80016415621768,0.00510766251682912,0.0456827961134146,"DOWN",39383370,39397351,"+",46.4,2101,915,"solute carrier family 25 member 38"
"UBXN7","3",4821.4254527847,-0.441147380736664,0.155055461144257,-2.84509411975009,0.00443983020456935,0.0424769514745705,"DOWN",196347659,196432430,"-",42.27,10430,1404,"UBX domain protein 7"
"PDE12","3",1929.45869350896,-0.482817459748186,0.168877077692362,-2.85898753309622,0.0042499548680014,0.041330682926209,"DOWN",57556274,57656480,"+",40.91,8780,1830,"phosphodiesterase 12"
"SLC25A36","3",2384.50484082389,-0.488251103985681,0.162630644385786,-3.00220850645756,0.00268028525347077,0.0317526707682303,"DOWN",140941830,140980995,"+",35.48,4638,933,"solute carrier family 25 member 36"
"MYNN","3",550.69992175056,-0.493261872236159,0.168625099761312,-2.92519840127221,0.003442366758544,0.0364044960306713,"DOWN",169773396,169789716,"+",36.36,4969,1833,"myoneurin"
"CAPN7","3",1570.56692537224,-0.543511159818875,0.134647207684161,-4.03655723105509,5.4241298460773e-05,0.00431539488346137,"DOWN",15206152,15252916,"+",37.11,781,111,"calpain 7"
"PDCD6IP","3",3865.63220490137,-0.545696812875114,0.186599582272989,-2.92442676574043,0.00345091270301821,0.0364477862103228,"DOWN",33798571,33869707,"+",36.87,5884,2607,"programmed cell death 6 interacting protein"
"IQCB1","3",816.875383291067,-0.545997267741005,0.19673781209519,-2.77525332790033,0.00551587244054152,0.0477989576664053,"DOWN",121769761,121835079,"-",36.52,2577,1797,"IQ motif containing B1"
"DBR1","3",329.936555055343,-0.56095585576738,0.151169402478577,-3.71077643074548,0.00020662452900694,0.0087082139390573,"DOWN",138160988,138174949,"-",39.42,2702,NA,"debranching RNA lariats 1"
"ACAP2","3",4285.38979077639,-0.565660861602245,0.189229900452736,-2.98927843987071,0.00279637172299902,0.0324223616934105,"DOWN",195274745,195443044,"-",38.17,7093,2337,"ArfGAP with coiled-coil, ankyrin repeat and PH domains 2"
"NCBP2","3",1960.81709549692,-0.574849409426989,0.202444323756311,-2.8395432322368,0.00451781728002739,0.0428448155634814,"DOWN",196935402,196942594,"-",44.02,771,NA,"nuclear cap binding protein subunit 2"
"EXOSC7","3",680.895178343904,-0.585144133945166,0.162573152378461,-3.59926670169368,0.000319115779104449,0.0111074202493316,"DOWN",44975241,45036066,"+",46.87,1593,NA,"exosome component 7"
"TFG","3",2413.03743728011,-0.587105173501877,0.195073349815472,-3.00966366783184,0.00261537125783616,0.0314637833623127,"DOWN",100709295,100748964,"+",36.42,1804,1191,"trafficking from ER to golgi regulator"
"DHX36","3",2595.54207877474,-0.591013403852312,0.197577110334241,-2.99130502947682,0.00277787862947296,0.0322698235026095,"DOWN",154272546,154324487,"-",35.49,6723,3027,"DEAH-box helicase 36"
"DZIP3","3",4861.44123806137,-0.610931836468247,0.216002410006966,-2.82835657457963,0.00467876608750906,0.0436753432849656,"DOWN",108589705,108694840,"+",35.7,5304,3627,"DAZ interacting zinc finger protein 3"
"GLT8D1","3",923.381102875438,-0.611878008183846,0.177554155424017,-3.44614862278284,0.000568637528864956,0.0145940142505095,"DOWN",52694486,52706032,"-",44.5,1856,1116,"glycosyltransferase 8 domain containing 1"
"PIK3CA","3",2521.22246751814,-0.612157995117623,0.187842864876269,-3.25888340513144,0.00111851626154174,0.020098391011626,"DOWN",179148114,179240093,"+",35.78,245,63,"phosphatidylinositol-4,5-bisphosphate 3-kinase catalytic subunit alpha"
"PRKCI","3",1673.3125804488,-0.613846934636446,0.187271402349471,-3.27784662759631,0.0010460221385628,0.019416033340967,"DOWN",170222424,170305977,"+",39.8,4887,1791,"protein kinase C iota"
"LRRC58","3",2961.71225510947,-0.614279176780946,0.199958759925578,-3.07202933749725,0.00212608828123316,0.0280992192185275,"DOWN",120324509,120349354,"-",38.96,7918,1116,"leucine rich repeat containing 58"
"ANO10","3",988.409071387019,-0.617166722027974,0.211004168928211,-2.92490297780774,0.00344563632602207,0.0364231469323295,"DOWN",43354859,43691594,"-",40.85,570,NA,"anoctamin 10"
"SLC33A1","3",680.0968210305,-0.618919103216163,0.168517937097101,-3.67271943792867,0.00023998291919513,0.00962273670303463,"DOWN",155821024,155854456,"-",39.66,9266,1650,"solute carrier family 33 member 1"
"HPS3","3",1318.14864933744,-0.622824986097106,0.171781026425717,-3.62569137614528,0.000288189376130568,0.0105608306834756,"DOWN",149129638,149173732,"+",38.65,2486,NA,"HPS3 biogenesis of lysosomal organelles complex 2 subunit 1"
"SRPRB","3",948.862682716833,-0.624935196913958,0.218727318446467,-2.85714286332692,0.00427473387688436,0.0414549773642041,"DOWN",133784023,133825772,"+",41.15,2837,816,"SRP receptor subunit beta"
"ATP2C1","3",5707.25319587254,-0.625999173198457,0.211309639130111,-2.96247334374087,0.00305178232562852,0.0338890759080126,"DOWN",130850595,131016712,"+",37.56,4888,2862,"ATPase secretory pathway Ca2+ transporting 1"
"TCAIM","3",1201.37839954111,-0.630403798071194,0.183868223189254,-3.42856306074336,0.000606785551211127,0.0149905161814018,"DOWN",44338119,44409451,"+",39.47,1998,213,"T cell activation inhibitor, mitochondrial"
"NECTIN3","3",1089.72512670795,-0.633412873996366,0.208442042231491,-3.03879614311643,0.00237525523394756,0.0300228008417064,"DOWN",111070071,111275563,"+",36.67,564,52,"nectin cell adhesion molecule 3"
"SACM1L","3",2197.98401947156,-0.636965789565714,0.216440323829926,-2.94291645056966,0.00325136152806909,0.0352792417756299,"DOWN",45689056,45745412,"+",38,571,NA,"SAC1 like phosphatidylinositide phosphatase"
"TBL1XR1","3",7230.248322102,-0.64020497489134,0.207374384710578,-3.0871940899781,0.0020205562116332,0.0273776876944317,"DOWN",177019340,177228000,"-",39.31,6888,NA,"TBL1X/Y related 1"
"NAA50","3",2802.406530342,-0.644228048330534,0.20429192016813,-3.15346807548894,0.00161342874693848,0.0241325835952098,"DOWN",113716458,113746300,"-",37.41,6112,510,"N-alpha-acetyltransferase 50, NatE catalytic subunit"
"NEPRO","3",1262.43037130294,-0.647023817426456,0.186430793356794,-3.47058447682605,0.000519326958040181,0.0140970166185856,"DOWN",113002444,113019861,"-",39.06,4820,1704,"nucleolus and neural progenitor protein"
"CTNNB1","3",11320.3231105706,-0.65499865634674,0.19686418435685,-3.32716008494182,0.000877359552673424,0.0179128147867015,"DOWN",41194741,41260096,"+",39.9,3278,2346,"catenin beta 1"
"IFT57","3",1231.16371429757,-0.659901661546392,0.194655351461752,-3.39010284891168,0.000698664064713098,0.0159792119730158,"DOWN",108160812,108222435,"-",35.23,3057,1290,"intraflagellar transport 57"
"COPB2","3",4414.592398019,-0.665363557489402,0.224464592696742,-2.96422500090394,0.00303446325829133,0.0337927718558799,"DOWN",139353946,139389736,"-",37.77,6315,NA,"COPI coat complex subunit beta 2"
"STT3B","3",2795.68240081547,-0.66923981776576,0.187307632866672,-3.57294471946123,0.000352989299823689,0.0115962772611844,"DOWN",31532638,31638548,"+",35.93,1888,NA,"STT3 oligosaccharyltransferase complex catalytic subunit B"
"TOP2B","3",10397.8477008753,-0.681549394312189,0.22000702168078,-3.09785291899041,0.00194928145534522,0.0267378664589672,"DOWN",25597978,25664909,"-",35.14,2073,NA,"DNA topoisomerase II beta"
"EMC3","3",1569.07875785803,-0.681893812900314,0.230407294391257,-2.95951486562913,0.00308123835730154,0.0340909565003179,"DOWN",9962682,10011202,"-",44.95,2353,786,"ER membrane protein complex subunit 3"
"TBC1D23","3",1433.9663861305,-0.697879069730408,0.214289755057708,-3.25670758054891,0.00112712482791276,0.0201482934869904,"DOWN",100260992,100325251,"+",36.47,587,568,"TBC1 domain family member 23"
"C3orf38","3",763.442977942584,-0.700508017326043,0.210152094957369,-3.33333825422081,0.000858105487755359,0.0176700747866807,"DOWN",88149959,88168729,"+",37.88,2414,990,"chromosome 3 open reading frame 38"
"THOC7","3",1060.63232656685,-0.705116703528422,0.21487121041169,-3.28157830999056,0.00103227855831048,0.0193115149203115,"DOWN",63833870,63863868,"-",39.87,892,615,"THO complex subunit 7"
"SEC22A","3",451.784269481549,-0.70750186243863,0.211730887552073,-3.34151464917762,0.000833226194878105,0.0174934103726752,"DOWN",123201927,123274136,"+",37.71,759,NA,"SEC22 homolog A, vesicle trafficking protein"
"EAF1","3",1195.74025510586,-0.711424524841485,0.238872213242035,-2.97826404832043,0.00289886130923545,0.0329782970955638,"DOWN",15427598,15450635,"+",43.46,1037,204,"ELL associated factor 1"
"TMA7","3",380.818460976105,-0.715605218483718,0.246467114624618,-2.90345111384787,0.00369074586115164,0.0379039569027215,"DOWN",48440257,48444208,"+",47.75,688,NA,"translation machinery associated 7 homolog"
"AZI2","3",910.244744773048,-0.724197550200894,0.260282683627134,-2.78235009762823,0.00539667893552208,0.0471206053193274,"DOWN",28315003,28349050,"-",34.16,439,229,"5-azacytidine induced 2"
"CNBP","3",8848.94021402147,-0.732093099351017,0.256724118988559,-2.85167245771576,0.0043489887983638,0.0419731217387178,"DOWN",129167827,129183922,"-",42.65,1626,513,"CCHC-type zinc finger nucleic acid binding protein"
"LSAMP","3",16731.2721752411,-0.733461307245172,0.252677181668317,-2.90276036166957,0.00369889553941888,0.0379074099645699,"DOWN",115802374,117997592,"-",37.08,9416,1017,"limbic system associated membrane protein"
"RYBP","3",1914.282239465,-0.735567348599087,0.210141596009668,-3.50034149624163,0.000464662478421687,0.0134269136237837,"DOWN",72371825,72446621,"-",38.33,7215,655,"RING1 and YY1 binding protein"
"MFSD1","3",813.775534827377,-0.737498582139801,0.212202084309174,-3.47545399726274,0.000509989453801779,0.0139362545671928,"DOWN",158732198,158829719,"+",40.83,566,350,"major facilitator superfamily domain containing 1"
"SS18L2","3",226.05800818391,-0.744243255352315,0.21493936652112,-3.46257303814648,0.000535036677641905,0.0142387965008821,"DOWN",42581840,42596934,"+",46.56,1047,234,"SS18 like 2"
"RIOX2","3",990.577074211113,-0.759351905770516,0.242605164167822,-3.12999069238788,0.00174811841915798,0.0250177467963047,"DOWN",97941818,97972457,"-",41.54,4854,1398,"ribosomal oxygenase 2"
"CLASP2","3",17825.7653149909,-0.761785422040417,0.26943199787771,-2.82737547151388,0.00469312647176151,0.0437410238327645,"DOWN",33496245,33718356,"-",36.82,6273,NA,"cytoplasmic linker associated protein 2"
"NR1D2","3",3596.61897559143,-0.764366463996166,0.200893597921528,-3.80483236849957,0.000141900257009503,0.00701496320889336,"DOWN",23945286,23980637,"+",40.67,5231,1740,"nuclear receptor subfamily 1 group D member 2"
"RAB5A","3",2892.37096473419,-0.767855826843644,0.268407537887104,-2.86078339262817,0.00422595673067571,0.0412142123497323,"DOWN",19947097,19985175,"+",39.79,2518,648,"RAB5A, member RAS oncogene family"
"RHOA","3",9088.72466405028,-0.770488184905796,0.25581646885548,-3.01187874397982,0.002596362862732,0.0313914541621659,"DOWN",49359139,49412998,"-",46.57,1944,564,"ras homolog family member A"
"TMEM41A","3",451.41103377587,-0.783689685600091,0.188656856589565,-4.15404825335906,3.26644245784925e-05,0.00361355354089549,"DOWN",185476496,185499057,"-",44.99,541,300,"transmembrane protein 41A"
"NSUN3","3",469.875889011481,-0.801368672182494,0.278671494169062,-2.87567508320864,0.00403164483105326,0.0400449124779688,"DOWN",94062980,94131832,"+",38.03,751,NA,"NOP2/Sun RNA methyltransferase 3"
"PDCD10","3",1055.03114243933,-0.803392039375444,0.273811889756906,-2.93410209501387,0.00334514156185991,0.035931720481534,"DOWN",167683298,167734939,"-",35.73,2133,639,"programmed cell death 10"
"EPM2AIP1","3",2937.98862261274,-0.809600829502866,0.205948281086909,-3.93108806361544,8.45622880454405e-05,0.00560335205114253,"DOWN",36985043,36993131,"-",38.4,8089,1824,"EPM2A interacting protein 1"
"TRMT10C","3",577.911190860741,-0.813209988792039,0.289292300169102,-2.81103226154546,0.00493828340436947,0.0448001959557689,"DOWN",101561868,101566446,"+",41.21,1813,1212,"tRNA methyltransferase 10C, mitochondrial RNase P subunit"
"UBE2E2","3",1601.62635252188,-0.820205441313782,0.200723950015421,-4.08623605329991,4.38427732312086e-05,0.00392733819766671,"DOWN",23203020,23591794,"+",37.68,1248,606,"ubiquitin conjugating enzyme E2 E2"
"EIF5A2","3",504.289833606318,-0.824650722323437,0.290499255802393,-2.83873609261289,0.00452925994026239,0.0428746304951805,"DOWN",170888418,170908644,"-",38.2,5534,462,"eukaryotic translation initiation factor 5A2"
"KPNA4","3",4641.16858905569,-0.83253408097153,0.19095627867247,-4.35981517213948,1.30172344680603e-05,0.00220164218772382,"DOWN",160495007,160565571,"-",37.19,8952,1566,"karyopherin subunit alpha 4"
"BRK1","3",1327.18415976432,-0.833664432797326,0.238739185462917,-3.49194637311359,0.0004795145095861,0.0136441622692346,"DOWN",10115675,10127190,"+",44.91,1150,228,"BRICK1 subunit of SCAR/WAVE actin nucleating complex"
"SSR3","3",2856.21574206375,-0.840370863700083,0.243549567167455,-3.45051265528334,0.000559522933763943,0.0144888883040843,"DOWN",156539553,156555149,"-",38.6,4236,558,"signal sequence receptor subunit 3"
"SLC9A9","3",1122.17280570673,-0.8411568112149,0.260239085489077,-3.23224626167927,0.00122821159450769,0.021004304333227,"DOWN",143265222,143848485,"-",39.27,3564,1938,"solute carrier family 9 member A9"
"RAB7A","3",12610.8406297437,-0.844681839507957,0.269507287542933,-3.13417068313375,0.00172340578405741,0.0248500190140332,"DOWN",128693669,128825942,"+",45.18,2131,624,"RAB7A, member RAS oncogene family"
"NKIRAS1","3",1848.19981578507,-0.846957548092864,0.288882596609671,-2.93183998632235,0.00336960313424594,0.0360613505416637,"DOWN",23889951,23946591,"-",42.73,4069,579,"NFKB inhibitor interacting Ras like 1"
"SNX4","3",1227.03186305401,-0.847608021165424,0.29404237384712,-2.88260501394985,0.00394401647701073,0.0395287813527493,"DOWN",125446650,125520202,"-",40.09,2512,1353,"sorting nexin 4"
"CADM2","3",13650.1364175073,-0.849170810698958,0.272532315146322,-3.11585365663166,0.00183413270180239,0.0257609370068482,"DOWN",84958989,86074429,"+",34,551,NA,"cell adhesion molecule 2"
"RABL3","3",955.621264168812,-0.850554685878807,0.29182732375629,-2.91458207179092,0.00356165146224047,0.0371560303979594,"DOWN",120684938,120742993,"-",38.02,5605,711,"RAB, member of RAS oncogene family like 3"
"SKIL","3",3206.36110677427,-0.854585860177904,0.218216871567769,-3.91622267351819,8.99471756419867e-05,0.00580123304020557,"DOWN",170357342,170396835,"+",39.97,7528,2055,"SKI like proto-oncogene"
"EIF2A","3",1206.06224602456,-0.854652765616668,0.236276070829664,-3.61717867838087,0.000297831713844272,0.0107512803448322,"DOWN",150546678,150586016,"+",37.63,565,NA,"eukaryotic translation initiation factor 2A"
"OPA1","3",7030.67215591928,-0.855425943444404,0.272071601678029,-3.14412065856369,0.00166586737198812,0.0245226221904472,"DOWN",193593144,193697811,"+",36.98,6328,2883,"OPA1 mitochondrial dynamin like GTPase"
"OXSM","3",139.461595522017,-0.859180413515803,0.285671590636424,-3.00758087845454,0.00263336041924478,0.0314999547768997,"DOWN",25782917,25794534,"+",42,410,NA,"3-oxoacyl-ACP synthase, mitochondrial"
"MRPL47","3",483.863057456485,-0.866705177325856,0.202000502690323,-4.29060901226844,1.78183791087357e-05,0.00256894265069416,"DOWN",179588285,179604649,"-",38.56,1354,753,"mitochondrial ribosomal protein L47"
"TOMM70","3",3491.6149140942,-0.882044848154043,0.276948700117691,-3.18486726162359,0.0014482041891587,0.022698563975204,"DOWN",100363431,100401089,"-",38.43,4100,1827,"translocase of outer mitochondrial membrane 70"
"CHL1","3",15934.8879098167,-0.884463010609315,0.301613451829658,-2.93243887248382,0.00336311120678109,0.036055056581209,"DOWN",196763,409417,"+",37.01,7856,3675,"cell adhesion molecule L1 like"
"MRPL3","3",820.767002643697,-0.88532238212146,0.313824167394451,-2.82107776935064,0.00478625981681041,0.0443187136023647,"DOWN",131462212,131502983,"-",35.94,1708,1047,"mitochondrial ribosomal protein L3"
"NCEH1","3",2762.07472928271,-0.890443523071405,0.297281614359152,-2.99528622041067,0.00274187424081915,0.0320774389323276,"DOWN",172630249,172711218,"-",41.72,4536,1227,"neutral cholesterol ester hydrolase 1"
"FAM162A","3",1767.93114016822,-0.890894544900248,0.219701464133511,-4.05502324899782,5.01293166261944e-05,0.00415983903190556,"DOWN",122384161,122412334,"+",38.81,2955,198,"family with sequence similarity 162 member A"
"NMD3","3",1606.55444791987,-0.891343782504588,0.259602059919904,-3.43350042283793,0.000595841274325654,0.0148261492395476,"DOWN",161104696,161253532,"+",37.99,589,294,"NMD3 ribosome export adaptor"
"PCNP","3",2689.54281200981,-0.895818873377303,0.222942426687094,-4.01816238698526,5.8653771831929e-05,0.00449883296461088,"DOWN",101574180,101594465,"+",39.69,2285,537,"PEST proteolytic signal containing nuclear protein"
"RPL24","3",4957.68549162086,-0.899697701052702,0.2749810125243,-3.27185391017933,0.00106844769686853,0.0196643214848433,"DOWN",101681091,101686733,"-",42.34,668,NA,"ribosomal protein L24"
"CD47","3",6521.61876601095,-0.902672808250777,0.26470333366885,-3.41013010958163,0.000649318950781721,0.0153964981800066,"DOWN",108043091,108091862,"-",37.38,5228,918,"CD47 molecule"
"HACD2","3",2409.2642176587,-0.914550520440447,0.254471557565246,-3.5939203940541,0.000325739396985981,0.0111749405042595,"DOWN",123490820,123585053,"-",40.51,403,NA,"3-hydroxyacyl-CoA dehydratase 2"
"UBE2E1","3",836.831650605975,-0.917891085470657,0.256840572556463,-3.57377760193582,0.00035186782285297,0.011578666076652,"DOWN",23805955,23891640,"+",41.42,786,NA,"ubiquitin conjugating enzyme E2 E1"
"NDUFB4","3",840.733085974992,-0.925113132337182,0.236689791846477,-3.90854681615181,9.28529556184404e-05,0.00584828537653021,"DOWN",120596328,120602507,"+",39.34,1426,363,"NADH:ubiquinone oxidoreductase subunit B4"
"EIF4A2","3",14892.6713857064,-0.927609519771837,0.304134306821411,-3.04999961847952,0.0022884165690516,0.0293777299039713,"DOWN",186783205,186789897,"+",41.92,480,171,"eukaryotic translation initiation factor 4A2"
"UBA3","3",1156.47141216797,-0.939440487408918,0.224754616731984,-4.17984956691316,2.91701997726454e-05,0.00348472301838849,"DOWN",69054730,69080408,"-",37.06,2111,1392,"ubiquitin like modifier activating enzyme 3"
"SELENOT","3",2951.52057866024,-0.953105286942916,0.298024448073651,-3.19807751714173,0.00138347086210204,0.0221851340409154,"DOWN",150602875,150630436,"+",37.86,783,414,"selenoprotein T"
"TIPARP","3",1727.68051867899,-0.976104340706498,0.351122318737367,-2.77995527090549,0.00543663862919028,0.0472987560739554,"DOWN",156673235,156706770,"+",38.27,2150,1974,"TCDD inducible poly(ADP-ribose) polymerase"
"MLF1","3",835.323621463908,-0.986938068942722,0.357957019852535,-2.75714126056057,0.00583091556401091,0.0492067424393468,"DOWN",158571163,158607252,"+",37.51,992,585,"myeloid leukemia factor 1"
"ANAPC13","3",654.391826658469,-1.00381507959664,0.30851783843641,-3.25366949504135,0.00113924739735508,0.0202759764603564,"DOWN",134477706,134486716,"-",45.33,1840,225,"anaphase promoting complex subunit 13"
"KCNAB1","3",3589.40118967645,-1.03324301191119,0.369219649908401,-2.79845076546583,0.00513483970456889,0.0457726505030422,"DOWN",156037701,156538756,"+",40.34,580,NA,"potassium voltage-gated channel subfamily A regulatory beta subunit 1"
"PFN2","3",10035.3024409017,-1.03691150228885,0.310882261863192,-3.33538329293666,0.000851819006303673,0.0176236907497525,"DOWN",149964904,150050788,"-",39.59,2047,423,"profilin 2"
"EIF1B","3",1669.6059981736,-1.04321107256387,0.301017570192929,-3.46561521938821,0.000529019797515815,0.014216525358575,"DOWN",40309707,40312424,"+",41.69,987,342,"eukaryotic translation initiation factor 1B"
"CD86","3",304.7407475325,-1.04743081097364,0.36854271186547,-2.84208797854614,0.00448191215135782,0.0426601839011178,"DOWN",122055362,122121139,"+",40.77,2720,990,"CD86 molecule"
"RPL15","3",10931.8951258098,-1.0604995164738,0.256883381930569,-4.1283305619218,3.6540655254206e-05,0.00371803626852041,"DOWN",23916591,23924374,"+",45.62,588,400,"ribosomal protein L15"
"SLC35A5","3",1551.41188315803,-1.06946141427956,0.320375110878075,-3.33815386391412,0.000843370342301804,0.0176064956000032,"DOWN",112561709,112585579,"+",38.43,575,442,"solute carrier family 35 member A5"
"ATP6V1A","3",10592.606733093,-1.08993524540541,0.340624421158527,-3.19981533237793,0.00137515666384386,0.0221324924796558,"DOWN",113746770,113812056,"+",38.25,3036,1854,"ATPase H+ transporting V1 subunit A"
"FTH1P23","3",296.975304953674,-1.09823886558025,0.338545912172099,-3.24398796764075,0.00117868725253603,0.0206481950448509,"DOWN",72929044,72929593,"+",49.82,550,NA,"ferritin heavy chain 1 pseudogene 23"
"ARF4","3",1805.96094453087,-1.15487864360631,0.279700555406443,-4.128982303693,3.64372443237102e-05,0.00371803626852041,"DOWN",57571363,57598220,"-",41.71,1596,543,"ADP ribosylation factor 4"
"BCHE","3",264.580722113305,-1.21754788485619,0.397217060079587,-3.0651953483877,0.00217527865793165,0.0284441881414607,"DOWN",165772904,165837462,"-",32.29,2405,1809,"butyrylcholinesterase"
"ARL6IP5","3",2811.87717304102,-1.24722477593783,0.285275207149227,-4.37200550444403,1.23110420858426e-05,0.00213592314181412,"DOWN",69084937,69106092,"+",42.48,2134,567,"ADP ribosylation factor like GTPase 6 interacting protein 5"
"HIGD1A","3",995.538721174847,-1.29251889298161,0.274062447044305,-4.71614738509818,2.40352355220689e-06,0.000937227465404875,"DOWN",42782908,42804490,"-",42.28,2722,282,"HIG1 hypoxia inducible domain family member 1A"
"ABI3BP","3",990.524778808165,-1.36419939692795,0.417993810598628,-3.2636832468266,0.00109974040820578,0.0198792745813177,"DOWN",100749156,100993515,"-",37.02,6737,5382,"ABI family member 3 binding protein"
"HNRNPKP4","3",36.3343892251858,-1.40772944977307,0.396972429489538,-3.54616428043441,0.000390882445817879,0.0123097432741552,"DOWN",96349554,96350939,"+",45.96,1386,NA,"heterogeneous nuclear ribonucleoprotein K pseudogene 4"
"LTF","3",352.854742975014,-3.02812409059891,1.02436470417859,-2.95609959836236,0.0031155646507695,0.0343592294996278,"DOWN",46435645,46485234,"-",46.95,2721,2133,"lactotransferrin"
"DOK7","4",206.322142284989,2.90942751324016,0.582994675900304,4.99048727803081,6.02271673711441e-07,0.000416186934296712,"UP",3463306,3501473,"+",62.88,2566,1515,"docking protein 7"
"PSAPL1","4",72.1520454163096,2.83306584659338,0.598963894868067,4.72994427688737,2.24581470917301e-06,0.000926633269201223,"UP",7430285,7434930,"-",60.55,4646,1566,"prosaposin like 1"
"HGFAC","4",71.8056376568079,2.33229096094963,0.804491903435012,2.89908568500345,0.00374252602216384,0.0382001634710097,"UP",3441968,3449486,"+",67.43,2069,1968,"HGF activator"
"ENSG00000284727","4",44.1978958411088,1.81775601621181,0.581128893049193,3.12797391069994,0.00176015804437836,0.0251157418650944,"UP",4107280,4107497,"-",72.48,218,NA,"RNA binding protein, fox-1 homolog (C. elegans) 1 (RBFOX1) pseudogene"
"CICP16","4",49.9676325275468,1.70273141918822,0.616063571513379,2.76388914703301,0.0057116939895125,0.0487369746385352,"UP",118635970,118638782,"-",61.11,2813,NA,"capicua transcriptional repressor pseudogene 16"
"ENSG00000273267","4",36.7819403934031,1.70055813778693,0.516838653579975,3.29030757666384,0.00100077924061857,0.0190476255064071,"UP",8022665,8023126,"+",51.08,462,NA,"novel transcript, antisense to ABLIM2"
"ZBTB12BP","4",72.1361701571627,1.627347328908,0.42257735787391,3.85100455238678,0.000117634311958052,0.00661651969538941,"UP",39770081,39771371,"-",62.04,1122,NA,"zinc finger and BTB domain containing 12B, pseudogene"
"RN7SL589P","4",39.1355700414295,1.53617604775786,0.461927280468483,3.32557983195945,0.000882348282696496,0.0179633632704524,"UP",2316197,2316506,"-",52.26,310,NA,"RNA, 7SL, cytoplasmic 589, pseudogene"
"SLC49A3","4",105.569024598249,1.40737913329106,0.336754666172703,4.17924166956989,2.92482747346755e-05,0.00348472301838849,"UP",681829,689271,"-",65.31,1472,NA,"solute carrier family 49 member 3"
"SLC26A1","4",347.759766935429,1.39316703740217,0.342305741951501,4.06994936590797,4.70233566691371e-05,0.00403300320709131,"UP",979073,993440,"-",58.39,1111,675,"solute carrier family 26 member 1"
"POLN","4",165.674340763706,1.3781479070161,0.498858436289387,2.76260318912726,0.0057342432795928,0.0488339464648703,"UP",2071918,2242121,"-",43.94,2899,2703,"DNA polymerase nu"
"TNRC18P1","4",185.964561733899,1.36112404271829,0.483968992167366,2.81241993753101,0.00491702625996704,0.0447497767630093,"UP",140641840,140645489,"-",63.07,3650,NA,"trinucleotide repeat containing 18 pseudogene 1"
"CTBP1-AS","4",130.334257293607,1.26365526017635,0.366286895599576,3.44990573061008,0.000560782341756985,0.0144904719206564,"UP",1210120,1218591,"+",61.2,3886,NA,"CTBP1 antisense RNA"
"F11-AS1","4",38.480901252806,1.25940922987827,0.454130606997085,2.77323133581779,0.00555026492323257,0.047967799971713,"UP",186286094,186501064,"-",42.09,1178,NA,"F11 antisense RNA 1"
"ADRA2C","4",159.27474293498,1.16208240420301,0.382679246395806,3.03670087977822,0.00239182677228606,0.030113858570802,"UP",3766348,3768526,"+",69.62,1600,1125,"adrenoceptor alpha 2C"
"PPP1R14BP3","4",90.8276712594657,1.14323184798219,0.369406668605015,3.09477858723925,0.0019695986843904,0.0268982008925275,"UP",139114930,139115374,"-",65.17,445,NA,"protein phosphatase 1 regulatory inhibitor subunit 14B pseudogene 3"
"SHROOM3","4",1172.68100587053,1.09910456055476,0.329793462525444,3.33270572478362,0.000860058587621182,0.0176700747866807,"UP",76435229,76783253,"+",41.27,10891,5991,"shroom family member 3"
"EVC","4",954.86751870547,1.06620989060513,0.330128515894617,3.22968128856061,0.00123928283782257,0.0211170110836753,"UP",5711201,5814305,"+",47.4,6427,2979,"EvC ciliary complex subunit 1"
"MXD4","4",2640.45652861689,1.04574198649189,0.308597084149235,3.38869691324165,0.000702255859620167,0.0160180927840202,"UP",2247432,2262109,"-",62.79,3871,630,"MAX dimerization protein 4"
"TACC3","4",329.677472131737,1.02512980417382,0.319608652197373,3.20745323108699,0.00133915832967152,0.0217155022007341,"UP",1712858,1745171,"+",56.92,914,NA,"transforming acidic coiled-coil containing protein 3"
"MYL5","4",424.716939050707,1.00862813589665,0.242636712080826,4.15694775636698,3.22527708975984e-05,0.00361355354089549,"UP",673580,682028,"+",65.53,2956,399,"myosin light chain 5"
"DUTP7","4",58.6159576784186,0.997989539831394,0.355826980748109,2.8047045160352,0.00503627257611961,0.0453458557207595,"UP",51865050,51865535,"-",45.47,486,NA,"deoxyuridine triphosphatase pseudogene 7"
"PCGF3-AS1","4",974.545772436294,0.926587189651227,0.297592312156891,3.11361265664259,0.00184811939817287,0.0258822326370638,"UP",760202,781874,"-",50.71,2617,NA,"PCGF3 antisense RNA 1"
"NAT8L","4",8794.14776183133,0.897286612442415,0.239994580492824,3.73877864491713,0.000184916455955068,0.00828220259949868,"UP",2059327,2069089,"+",66.53,6056,909,"N-acetyltransferase 8 like"
"IDUA","4",746.896626644213,0.875669218598495,0.300153973158014,2.91740005766142,0.00352962742247049,0.0369556575064378,"UP",986997,1004564,"+",65.37,2186,1962,"alpha-L-iduronidase"
"ING2-DT","4",141.961576622803,0.852505193642593,0.222530905061822,3.83095190039225,0.000127648459868967,0.00678509297006425,"UP",183462402,183505777,"-",43.37,757,NA,"ING2 divergent transcript"
"FRAS1","4",1579.98508045032,0.840262510276154,0.284602291052314,2.95240950861391,0.00315304471260296,0.0345996121225828,"UP",78057323,78544269,"+",39.77,3329,2430,"Fraser extracellular matrix complex subunit 1"
"TNIP2","4",916.885796149196,0.831757108903521,0.277803393440402,2.99404949163071,0.00275301283981568,0.0321198111643908,"UP",2741648,2756342,"-",53.99,2006,969,"TNFAIP3 interacting protein 2"
"ZFYVE28","4",2627.87967462796,0.720922391725998,0.224296071535365,3.21415523148086,0.00130828923561275,0.0215400159649626,"UP",2269582,2418651,"-",52.52,3828,579,"zinc finger FYVE-type containing 28"
"KRT8P46","4",278.281477313587,0.683913382326286,0.243349063053512,2.81042126788832,0.00494766925083806,0.0448685146234605,"UP",102728746,102730171,"-",56.45,1426,NA,"keratin 8 pseudogene 46"
"RGS12","4",3534.73477974162,0.639503621830628,0.205654974241137,3.10959471897232,0.00187344206116128,0.0260858202022146,"UP",3293021,3439913,"+",50.96,4753,4344,"regulator of G protein signaling 12"
"TMEM175","4",1415.15920829712,0.491730910938304,0.147914731802358,3.32442147544403,0.00088602180889726,0.0179776203607291,"UP",932387,958656,"+",51.83,525,340,"transmembrane protein 175"
"TBCK","4",1713.69453917219,-0.405303287378412,0.137297973650457,-2.95199759036694,0.00315725394668569,0.0345996121225828,"DOWN",106041599,106316683,"-",35.9,7961,2682,"TBC1 domain containing kinase"
"RNF4","4",2242.85464434372,-0.405397859087619,0.146638043021604,-2.76461585775453,0.00569898650265344,0.0487224063461209,"DOWN",2462220,2515857,"+",49.21,558,15,"ring finger protein 4"
"ZNF141","4",1519.83064281717,-0.410719093419714,0.127083067585055,-3.23189470654558,0.00122972359777762,0.021004304333227,"DOWN",337814,384868,"+",40.31,536,NA,"zinc finger protein 141"
"CEP44","4",629.057912570277,-0.448772110948258,0.152559430797255,-2.94162156087653,0.00326498666680208,0.0353161750998547,"DOWN",174283730,174333380,"+",35.65,600,336,"centrosomal protein 44"
"LIAS","4",523.966777929855,-0.484387353995846,0.132914415559528,-3.64435529401929,0.000268062903472285,0.0102910625133027,"DOWN",39459004,39485109,"+",41.36,505,180,"lipoic acid synthetase"
"CBR4","4",1153.73491828965,-0.499656045973415,0.139517865797962,-3.58130511182685,0.000341882113581512,0.011472863280346,"DOWN",168863770,169010275,"-",38.87,1198,156,"carbonyl reductase 4"
"PPA2","4",1256.4703421161,-0.530441267124997,0.176686566444863,-3.00215957442654,0.00268071613864344,0.0317526707682303,"DOWN",105369077,105474067,"-",36.65,1665,1005,"inorganic pyrophosphatase 2"
"MANBA","4",1199.15228626125,-0.553908600868123,0.188489276696196,-2.93867434040241,0.00329619216243029,0.03555829778793,"DOWN",102630770,102760994,"-",39.25,4001,2640,"mannosidase beta"
"NAF1","4",799.646580308493,-0.560042601780364,0.184617125741615,-3.03353548339921,0.00241706284562458,0.0302583240084245,"DOWN",163110073,163166890,"-",36.34,385,129,"nuclear assembly factor 1 ribonucleoprotein"
"SMARCAD1","4",1611.62797491922,-0.570537343136116,0.169525990206295,-3.36548597912234,0.000764089503802541,0.0167697538466137,"DOWN",94207611,94291292,"+",36.02,5017,3087,"SWI/SNF-related, matrix-associated actin-dependent regulator of chromatin, subfamily a, containing DEAD/H box 1"
"TAPT1","4",1695.43768996564,-0.588268739004788,0.207408067418425,-2.83628668029588,0.00456414568830069,0.0430028935010676,"DOWN",16160505,16227410,"-",38.85,4521,1704,"transmembrane anterior posterior transformation 1"
"NUP54","4",949.385047640845,-0.596942638139754,0.187319141915667,-3.1867679513955,0.00143872152552584,0.022654244021073,"DOWN",76107562,76148485,"-",36.78,6815,417,"nucleoporin 54"
"CDKN2AIP","4",667.589884871977,-0.604690237500045,0.204475975990202,-2.95726788720168,0.00310378333182147,0.0342776729056777,"DOWN",183444635,183449064,"+",41.2,3542,1743,"CDKN2A interacting protein"
"NR3C2","4",3458.48256068493,-0.616363481746027,0.222233145538448,-2.77349933671074,0.00554569534305615,0.047965469218114,"DOWN",148078762,148444698,"-",38.42,5712,2955,"nuclear receptor subfamily 3 group C member 2"
"UBA6","4",2334.19614297185,-0.617241850063138,0.17998974521011,-3.42931676103327,0.000605102868719481,0.0149642310663082,"DOWN",67612652,67701155,"-",35.51,9540,3159,"ubiquitin like modifier activating enzyme 6"
"DCUN1D4","4",2181.00429168837,-0.632056477285947,0.15503769936629,-4.07679216003236,4.56612727693336e-05,0.00398687199710867,"DOWN",51843000,51916837,"+",40.07,2293,141,"defective in cullin neddylation 1 domain containing 4"
"UFSP2","4",633.263393495783,-0.637920920317225,0.231133252724848,-2.75997033225088,0.00578066108272271,0.0490146920686395,"DOWN",185399537,185425979,"-",38.42,2361,1410,"UFM1 specific peptidase 2"
"ARFIP1","4",657.341600216435,-0.646179537715766,0.214578608077337,-3.01138843012195,0.00260055951030306,0.0313914541621659,"DOWN",152779937,152918463,"+",37.33,3424,1122,"ADP ribosylation factor interacting protein 1"
"SEC24B","4",2520.92899454943,-0.648728885849619,0.18358883529779,-3.53359660895146,0.000409946237065838,0.0126049071150024,"DOWN",109433772,109540896,"+",37.89,4066,3897,"SEC24 homolog B, COPII coat complex component"
"USP46","4",4025.68806920815,-0.649666601799334,0.185477896362834,-3.50266319889917,0.000460631504837302,0.0133601669543503,"DOWN",52590960,52659301,"-",41.36,7932,1101,"ubiquitin specific peptidase 46"
"ZNF330","4",729.348706200157,-0.652425540909127,0.23324265676919,-2.79719649032616,0.00515481734511111,0.0458807876783371,"DOWN",141220887,141234697,"+",34.91,733,NA,"zinc finger protein 330"
"C4orf3","4",2856.76179244861,-0.654521653682864,0.233290770548533,-2.80560457725737,0.00502222814929825,0.045316720993366,"DOWN",119296419,119304445,"-",42.89,2671,201,"chromosome 4 open reading frame 3"
"DCAF16","4",1395.47398551656,-0.657914536878277,0.184152205546774,-3.57266715826094,0.000353363778280531,0.0115962772611844,"DOWN",17793446,17810758,"-",38.69,2633,NA,"DDB1 and CUL4 associated factor 16"
"SEC31A","4",3945.2261249663,-0.664120308310943,0.198492227311967,-3.34582526129428,0.000820380774722342,0.0173395232519596,"DOWN",82818509,82901166,"-",38.76,1564,1151,"SEC31 homolog A, COPII coat complex component"
"RAB33B","4",624.485995557809,-0.668181104211386,0.223856523711684,-2.98486322012206,0.00283705153280525,0.032623483027799,"DOWN",139453232,139476609,"+",41.25,575,NA,"RAB33B, member RAS oncogene family"
"CCNG2","4",1444.96990660333,-0.679597944062772,0.226275875307262,-3.00340433172533,0.00266977472195067,0.0316991514114378,"DOWN",77157207,77433388,"+",43.18,5471,1035,"cyclin G2"
"H2AZ1","4",1417.43452209628,-0.683168112306941,0.233029181639955,-2.93168481088553,0.00337128709666879,0.0360613505416637,"DOWN",99948086,99950355,"-",49.21,1843,NA,"H2A.Z variant histone 1"
"TLR6","4",279.553910416441,-0.688210517557335,0.243795005487085,-2.82290654881276,0.00475904412239365,0.0441851213605423,"DOWN",38822897,38856817,"-",39.82,6698,2391,"toll like receptor 6"
"ELOVL6","4",1028.29599876994,-0.700030258427714,0.212340413772861,-3.29673586854988,0.000978154431157845,0.0189067792158947,"DOWN",110045846,110199199,"-",39.87,6570,798,"ELOVL fatty acid elongase 6"
"GRSF1","4",5446.30996118099,-0.702370472293302,0.208976022752782,-3.36100985673464,0.00077658054132514,0.0168781285964301,"DOWN",70815783,70839897,"-",43.46,6610,1443,"G-rich RNA sequence binding factor 1"
"HADH","4",1250.61277346299,-0.713378355082687,0.185501011108068,-3.84568445649652,0.000120216388218678,0.006668700838204,"DOWN",107989714,108035241,"+",43.13,1719,1173,"hydroxyacyl-CoA dehydrogenase"
"RBPJ","4",4205.039482928,-0.720449490030113,0.21637541486637,-3.32962730758969,0.000869622991718761,0.017809230887138,"DOWN",26163455,26435131,"+",40.79,609,283,"recombination signal binding protein for immunoglobulin kappa J region"
"C4orf33","4",256.204684904982,-0.728426747922718,0.207221416155899,-3.51520977626512,0.000439406745445002,0.0131041819301268,"DOWN",129093317,129116640,"+",35.63,6170,600,"chromosome 4 open reading frame 33"
"RCHY1","4",878.235722540174,-0.741898189333985,0.225187733113577,-3.29457639222203,0.000985701482445667,0.0189114405632671,"DOWN",75479033,75514764,"-",34.99,4408,786,"ring finger and CHY zinc finger domain containing 1"
"PPAT","4",601.884399726345,-0.746001451273826,0.218484082723901,-3.41444302016522,0.000639125602677335,0.015328085249613,"DOWN",56393362,56435615,"-",37.44,3682,1554,"phosphoribosyl pyrophosphate amidotransferase"
"SRP72","4",3357.18712965516,-0.74650105239386,0.248474289877748,-3.00433921256459,0.00266158397411664,0.0316593087835774,"DOWN",56467617,56503681,"+",37.77,2406,1833,"signal recognition particle 72"
"RFC1","4",3106.01949673325,-0.749886223280508,0.225904511914535,-3.31948316093928,0.000901842435991881,0.0181195429507233,"DOWN",39287456,39366375,"-",39.26,4870,3444,"replication factor C subunit 1"
"SLC30A9","4",5325.95473461061,-0.752815624554901,0.273088999509148,-2.75666770140144,0.00583936605373584,0.0492208725838165,"DOWN",41990502,42090461,"+",36.97,2217,360,"solute carrier family 30 member 9"
"SMIM14","4",2897.00058381013,-0.754162325204587,0.258013830291905,-2.9229531004263,0.00346728737754832,0.0365689489054828,"DOWN",39546336,39638902,"-",41.4,6252,300,"small integral membrane protein 14"
"UBE2D3","4",6640.22185590252,-0.760625578743354,0.196943744128599,-3.86214643226589,0.000112395161329922,0.00647235564744166,"DOWN",102794383,102868896,"-",38.48,3729,444,"ubiquitin conjugating enzyme E2 D3"
"SMAD1","4",891.900573843072,-0.769997593273383,0.240630492556664,-3.1999169560444,0.00137467189667783,0.0221324924796558,"DOWN",145481194,145559176,"+",38.35,616,319,"SMAD family member 1"
"FBXL5","4",4486.83353195212,-0.775494373331315,0.187603546668551,-4.13368716691385,3.56989316742825e-05,0.00371803626852041,"DOWN",15604381,15681679,"-",37.86,3488,2076,"F-box and leucine rich repeat protein 5"
"MMAA","4",335.129751295834,-0.796544678614674,0.253443670239412,-3.14288645623791,0.00167290718813056,0.0245983118279548,"DOWN",145599042,145660033,"+",38.78,684,NA,"metabolism of cobalamin associated A"
"GUF1","4",1391.76125610025,-0.80446344728298,0.251931218509729,-3.19318682314043,0.00140711877448702,0.0223850831022288,"DOWN",44678420,44700928,"+",33.76,4460,2010,"GTP binding elongation factor GUF1"
"SLC25A4","4",5921.3628605519,-0.804483448127433,0.28345004628511,-2.83818421859857,0.00453709885575473,0.0429152416602596,"DOWN",185143266,185150382,"+",46.85,4415,897,"solute carrier family 25 member 4"
"PRMT9","4",599.518619923748,-0.804799178430599,0.192148114573008,-4.18843130581336,2.80889305628608e-05,0.00343110542723915,"DOWN",147637785,147684163,"-",39.64,3461,2538,"protein arginine methyltransferase 9"
"SNCA","4",6337.84063880413,-0.807163506863978,0.284383567241871,-2.83829165901656,0.00453557179044579,0.0429152416602596,"DOWN",89700345,89838315,"-",36.33,2183,456,"synuclein alpha"
"FBXO8","4",469.205662254195,-0.810078624736857,0.249067553663331,-3.2524454222241,0.0011441656670643,0.0203177612508202,"DOWN",174236658,174283667,"-",33.65,1591,837,"F-box protein 8"
"DNAJB14","4",3253.91167797977,-0.818391485082601,0.225375015122044,-3.63124317324807,0.000282059259069019,0.0104310171863047,"DOWN",99896248,99946618,"-",34.7,5967,1140,"DnaJ heat shock protein family (Hsp40) member B14"
"GRIA2","4",20687.7650318749,-0.8237460511876,0.287683928239787,-2.86337181304407,0.00419158379011476,0.0410768417940501,"DOWN",157204182,157387146,"+",34.52,408,NA,"glutamate ionotropic receptor AMPA type subunit 2"
"SPCS3","4",2969.70009262737,-0.824355618091726,0.190505518786224,-4.32720072018899,1.51016332518633e-05,0.00233814427845913,"DOWN",176319966,176332245,"+",36.76,4569,543,"signal peptidase complex subunit 3"
"MOB1B","4",2989.60361232353,-0.825363113275413,0.234671275391282,-3.51710328372842,0.000436283982522358,0.0130391935971558,"DOWN",70902326,71022449,"+",40.16,760,392,"MOB kinase activator 1B"
"TRIM2","4",12763.3179290818,-0.828134273624261,0.274962923448403,-3.01180342148806,0.00259700715300562,0.0313914541621659,"DOWN",153152163,153339319,"+",42.07,6748,2235,"tripartite motif containing 2"
"GAR1","4",133.275824779761,-0.83393060808548,0.258330062875153,-3.22815935088634,0.0012458954973975,0.0211461252631971,"DOWN",109815510,109824740,"+",39.37,1011,654,"GAR1 ribonucleoprotein"
"RPL9","4",2533.47738885251,-0.835633795358732,0.283346606595446,-2.94915758970717,0.00318641449594769,0.034840244574589,"DOWN",39452587,39458931,"-",40.71,2420,579,"ribosomal protein L9"
"GPRIN3","4",2113.75267115917,-0.84035894537397,0.272446134550008,-3.08449575459005,0.00203897520038,0.027488658972347,"DOWN",89236383,89307937,"-",39.02,14037,2331,"GPRIN family member 3"
"PGRMC2","4",1659.67116746367,-0.845424446466869,0.238465814599132,-3.54526474953256,0.000392218922399,0.0123197438891183,"DOWN",128269237,128288829,"-",38.64,3783,744,"progesterone receptor membrane component 2"
"EIF4E","4",1402.21338374585,-0.854405559658811,0.286138040019114,-2.98599081618695,0.00282661131864554,0.0325544863584577,"DOWN",98879276,98929133,"-",39.01,2427,654,"eukaryotic translation initiation factor 4E"
"INTS12","4",372.629265306588,-0.863305084778529,0.185597364917808,-4.65149429875173,3.29538386990717e-06,0.00093922389999178,"DOWN",105682627,105895986,"-",36.56,1927,1389,"integrator complex subunit 12"
"NDUFC1","4",843.035664193241,-0.871921067250986,0.27165366262799,-3.20967904064308,0.00132883260610154,0.0217155022007341,"DOWN",139266880,139302551,"-",42.39,628,231,"NADH:ubiquinone oxidoreductase subunit C1"
"UBE2K","4",3423.41871538418,-0.876072415006845,0.241886848857558,-3.62182739220662,0.000292529288670733,0.0106314666494396,"DOWN",39698109,39782792,"+",41.99,589,370,"ubiquitin conjugating enzyme E2 K"
"LAMTOR3","4",1243.62413555581,-0.879603330477333,0.280433441825543,-3.1365850119421,0.00170927875001069,0.024784541875155,"DOWN",99878336,99894428,"-",34.87,4163,375,"late endosomal/lysosomal adaptor, MAPK and MTOR activator 3"
"NDST3","4",1080.65689447972,-0.885297870894679,0.267077374238685,-3.31476177425459,0.000917212550852455,0.018303385111318,"DOWN",118033618,118258634,"+",36.26,2184,NA,"N-deacetylase and N-sulfotransferase 3"
"RPS3A","4",1919.44868549745,-0.88800472449455,0.259503774134687,-3.42193375589852,0.000621774605162687,0.0151748814336354,"DOWN",151099624,151104642,"+",41.26,576,438,"ribosomal protein S3A"
"G3BP2","4",10828.4695594161,-0.88939306207378,0.314309880846815,-2.82966943220994,0.00465961205437054,0.0435966642735033,"DOWN",75641849,75724589,"-",41.68,5811,NA,"G3BP stress granule assembly factor 2"
"TLR3","4",144.775508398183,-0.897457169776917,0.286406978885332,-3.1335031474084,0.00172733066028097,0.0248500190140332,"DOWN",186068911,186088073,"+",39.22,1589,900,"toll like receptor 3"
"PAICS","4",2220.00241860304,-0.89843949994819,0.213504188984842,-4.20806497624257,2.57566812274706e-05,0.00322772586615338,"DOWN",56435741,56464578,"+",39.99,3340,1002,"phosphoribosylaminoimidazole carboxylase and phosphoribosylaminoimidazolesuccinocarboxamide synthase"
"LDB2","4",2354.0662963002,-0.911243466961648,0.271923978758412,-3.35109640246633,0.000804922759429798,0.0172168700230359,"DOWN",16501541,16898678,"-",40.2,2295,1116,"LIM domain binding 2"
"ENOPH1","4",3386.58253484655,-0.92954369601301,0.334160509401425,-2.78172815117526,0.0054070310615474,0.0471346580545868,"DOWN",82430590,82461177,"+",43.12,2083,786,"enolase-phosphatase 1"
"PPP3CA","4",18071.8500380969,-0.929580671706774,0.287857192339946,-3.22931195204942,0.00124088458124267,0.0211170110836753,"DOWN",101023409,101348278,"-",35.79,4007,870,"protein phosphatase 3 catalytic subunit alpha"
"POLR2B","4",3546.01238623694,-0.929769527040736,0.257146926908251,-3.61571315753065,0.000299521894089029,0.0107961796280734,"DOWN",56977722,57031158,"+",40.19,608,192,"RNA polymerase II subunit B"
"ZNF718","4",670.877841951539,-0.933520441085073,0.295130432009527,-3.16307754076319,0.0015611074513174,0.0237878685153173,"DOWN",124501,202303,"+",39.51,3647,1437,"zinc finger protein 718"
"ADH5","4",2621.18635397695,-0.954301362226111,0.280601912903848,-3.40090825593593,0.000671623643434409,0.0156794299614909,"DOWN",99070978,99088801,"-",40.37,2652,1125,"alcohol dehydrogenase 5 (class III), chi polypeptide"
"RPL34","4",3475.86055808146,-0.959985596258137,0.31565988815368,-3.04120235825074,0.00235635407534683,0.0299007238543224,"DOWN",108620569,108630484,"+",41.48,560,354,"ribosomal protein L34"
"ATP8A1","4",15722.258158308,-0.978500259396686,0.238010758502216,-4.11115978771008,3.93676627904024e-05,0.00372978712774229,"DOWN",42408373,42657121,"-",38.15,5918,228,"ATPase phospholipid transporting 8A1"
"CFAP97","4",1733.50115421526,-0.985415467970778,0.223737671044164,-4.40433416228894,1.06109275939087e-05,0.00198942554097888,"DOWN",185159665,185209504,"-",41.18,4851,1599,"cilia and flagella associated protein 97"
"MCUB","4",168.668860854668,-0.993198448307434,0.238028574140069,-4.17260176386631,3.01141025598027e-05,0.00353562953646305,"DOWN",109560209,109688719,"+",41.01,2230,1011,"mitochondrial calcium uniporter dominant negative subunit beta"
"CLCN3","4",8365.31831239664,-0.995394334751857,0.286983447434181,-3.46847298564196,0.000523425148760243,0.014144760500464,"DOWN",169612633,169723673,"+",37.1,582,521,"chloride voltage-gated channel 3"
"PAPSS1","4",3811.62794596222,-1.00642427982751,0.325000786955025,-3.09668259346948,0.00195699295420233,0.026786548721187,"DOWN",107590276,107720234,"-",38.55,296,NA,"3'-phosphoadenosine 5'-phosphosulfate synthase 1"
"PLRG1","4",2055.39169635452,-1.01098426317677,0.278292738047288,-3.63280863981792,0.00028035293227633,0.0104310171863047,"DOWN",154535005,154550400,"-",34.62,3317,1545,"pleiotropic regulator 1"
"GLRB","4",2203.2610937208,-1.01707622382089,0.334493484026131,-3.04064584929681,0.00236071324813392,0.0299231624276426,"DOWN",157076125,157172090,"+",35.18,2765,912,"glycine receptor beta"
"TMEM33","4",3189.83933479593,-1.06098981486156,0.263613840226056,-4.02478797756497,5.70266708886127e-05,0.0044242001437057,"DOWN",41935129,41960803,"+",35.28,867,667,"transmembrane protein 33"
"GUCY1B1","4",4522.11954035571,-1.07296546418373,0.357323702742965,-3.00278278755986,0.00267523298318382,0.0317328028108308,"DOWN",155758992,155807811,"+",36.48,2316,1656,"guanylate cyclase 1 soluble subunit beta 1"
"RAP1GDS1","4",3550.21508112743,-1.08435382922847,0.328432217880151,-3.30160614639872,0.000961329529749372,0.0187203832580663,"DOWN",98261384,98443858,"+",36.01,549,367,"Rap1 GTPase-GDP dissociation stimulator 1"
"COPS4","4",1599.99582433964,-1.11832666095039,0.310452861785179,-3.60224304108437,0.000315483193530709,0.0110583717662808,"DOWN",83034447,83075818,"+",40.06,2273,1059,"COP9 signalosome subunit 4"
"MRPL1","4",424.684132949234,-1.14167598282745,0.312555617381615,-3.65271305117362,0.000259484146196751,0.0100575057049914,"DOWN",77862830,77952785,"+",37.79,1175,978,"mitochondrial ribosomal protein L1"
"MSMO1","4",1468.317771586,-1.1532831845538,0.387444865009632,-2.97663819734747,0.0029142770413302,0.0330758819904327,"DOWN",165327667,165343164,"+",37,973,662,"methylsterol monooxygenase 1"
"TLR1","4",280.351650607458,-1.17830668925302,0.30926353379809,-3.81004082434855,0.000138943846420361,0.00697198313179012,"DOWN",38787555,38856817,"-",40.6,11620,2361,"toll like receptor 1"
"HSD17B11","4",555.394609288561,-1.24313523953025,0.34779485613545,-3.57433474820027,0.000351119486081354,0.011578666076652,"DOWN",87336515,87391188,"-",39.84,1782,903,"hydroxysteroid 17-beta dehydrogenase 11"
"DRD5","4",165.244613572509,-1.24836032150019,0.446589374813717,-2.79532024697388,0.00518483260920194,0.0460263121429045,"DOWN",9781634,9784009,"+",58.59,2376,1434,"dopamine receptor D5"
"MAD2L1","4",175.713529969663,-1.25449334299791,0.394868242210957,-3.17699224423246,0.00148811015507416,0.0231010476319792,"DOWN",120055623,120066858,"-",37.68,5227,618,"mitotic arrest deficient 2 like 1"
"SCOC","4",2556.21242161718,-1.30225671036766,0.31647550206537,-4.1148736691116,3.87391523884538e-05,0.00371803626852041,"DOWN",140257286,140385728,"+",40.94,1964,369,"short coiled-coil protein"
"COMMD8","4",247.509483956888,-1.30320809203618,0.277477821699441,-4.69662073910826,2.645009120466e-06,0.00093922389999178,"DOWN",47450787,47463702,"-",36.36,1461,552,"COMM domain containing 8"
"MMRN1","4",126.26012278895,-1.4701344427084,0.430094261522407,-3.4181680022992,0.00063044179175792,0.0152326325429141,"DOWN",89879532,89954629,"+",33.75,5217,3687,"multimerin 1"
"ENSG00000248161","4",22.2625747736462,-1.53357457126473,0.54757981153922,-2.80064118316182,0.00510011925922286,0.045651918728188,"DOWN",102418602,102502487,"-",38.94,673,NA,"novel transcript"
"ENSG00000250977","4",17.8924523483408,-2.49880455650683,0.867893109762996,-2.87916164836151,0.00398733899346947,0.0397517645902937,"DOWN",138664725,138665569,"-",43.67,563,NA,"novel transcript"
"DTHD1","4",232.333659946771,-2.57797646171697,0.855805579162026,-3.01233892894369,0.00259242972543718,0.0313914541621659,"DOWN",36281616,36347511,"+",37.22,3203,1851,"death domain containing 1"
"VTRNA1-1","5",31.9077680547785,2.80362910428702,0.646527589755706,4.3364415513132,1.44807909759044e-05,0.00228910072250474,"UP",140711275,140711373,"+",52.53,99,NA,"vault RNA 1-1"
"SMIM32","5",38.5874307133152,2.64001439927216,0.855320163472465,3.08658033800363,0.00202473225126717,0.0273882406203287,"UP",136191468,136193162,"-",66.73,1695,312,"small integral membrane protein 32"
"RN7SL711P","5",186.157754995761,2.12207877002177,0.556332194930613,3.81440942903985,0.000136508989135376,0.00689474145059678,"UP",123070782,123071080,"+",54.52,299,NA,"RNA, 7SL, cytoplasmic 711, pseudogene"
"SUDS3P1","5",246.55425379235,2.11988842225542,0.611776048396491,3.46513798278275,0.00052995949587874,0.0142259715508582,"UP",177971316,177972281,"+",50.93,966,NA,"SDS3 homolog, SIN3A corepressor complex component pseudogene 1"
"ENSG00000233974","5",121.945051918972,2.0588128681806,0.510590766235012,4.03221719687931,5.52530854281276e-05,0.00435304629284296,"UP",21481324,21484011,"-",60.01,2688,2688,"novel protein"
"ENSG00000248469","5",42.0204755075639,1.8259823626706,0.565438049756454,3.22932346604033,0.00124083461835964,0.0211170110836753,"UP",176049676,176062131,"-",44.14,1628,NA,"novel transcript, antisense to FAM153B"
"PSD2-AS1","5",27.5763361377515,1.70801821796319,0.481913835884836,3.54423984284891,0.000393746879446309,0.0123197438891183,"UP",139740951,139749381,"-",57.92,1006,NA,"PSD2 antisense RNA 1"
"ENSG00000271871","5",27.494658316516,1.59211001453199,0.543695143305389,2.92831384303486,0.0034080584606209,0.0362955975026759,"UP",141952419,141953375,"+",48.28,957,NA,"novel transcript, antisense to PCDH12"
"ENSG00000247345","5",31.9360394607611,1.55839244605999,0.524713680604744,2.96998630617732,0.00297813024199274,0.0334863124280969,"UP",59035027,59063510,"+",39.7,736,NA,"novel transcript"
"N4BP3","5",477.454944056012,1.52136723788315,0.254843630984256,5.96980678703773,2.37534714995399e-09,1.91500487229291e-05,"UP",178113532,178127034,"+",59.62,5985,1635,"NEDD4 binding protein 3"
"KRT8P31","5",74.4565688445689,1.37243005422243,0.454450140459678,3.01997938175179,0.00252791893742578,0.0310514207316302,"UP",60743563,60744970,"-",56.68,1408,NA,"keratin 8 pseudogene 31"
"SLC4A9","5",77.0323199179022,1.364332230802,0.426402904210756,3.19963165665414,0.00137603323733829,0.0221324924796558,"UP",140360194,140375141,"+",51.3,3283,2880,"solute carrier family 4 member 9"
"GRM6","5",152.549093088196,1.32757352214375,0.420433873928021,3.15762740461543,0.00159058714757737,0.0239987153782323,"UP",178977587,178996206,"-",55.63,5427,NA,"glutamate metabotropic receptor 6"
"SNORA74B","5",291.314490305782,1.2708258726025,0.346898780570385,3.66339100562117,0.000248898153228723,0.00980432003390459,"UP",173020728,173020928,"+",54.73,201,NA,"small nucleolar RNA, H/ACA box 74B"
"ZNF366","5",620.539128588161,1.23000977984502,0.386994872211122,3.17836195817602,0.00148109725952561,0.0230217341381018,"UP",72439903,72507410,"-",42.35,6262,2235,"zinc finger protein 366"
"SNORA47","5",762.139386383481,1.21218608142895,0.328419864361313,3.69096456387109,0.000223405262876823,0.00918318252387377,"UP",77080434,77080571,"-",60.87,138,NA,"small nucleolar RNA, H/ACA box 47"
"PRR7-AS1","5",190.208932936047,1.09693793865883,0.3439338517854,3.18938636881626,0.0014257517894128,0.0225488854764435,"UP",177433655,177455513,"-",58.74,741,NA,"PRR7 antisense RNA 1"
"ENSG00000250461","5",144.056888281964,1.06354878483119,0.382972123860984,2.77709190452006,0.00548476679381246,0.0476147055546116,"UP",61375112,61375855,"+",37.77,744,NA,"family with sequence similarity 133, member B (FAM133B) pseudogene"
"ENSG00000215156","5",339.436372292897,1.03862067971336,0.354923691794361,2.92632107612339,0.00342996741666419,0.036374950215334,"UP",34190156,34193653,"+",60.12,3498,3498,"novel protein"
"SLC12A7","5",1896.48794794553,0.974936325918355,0.272236959715421,3.58120486996876,0.000342013331064644,0.011472863280346,"UP",1050384,1112063,"-",62.05,5300,3252,"solute carrier family 12 member 7"
"PDGFRB","5",3607.62156747121,0.972309981297635,0.291748160851287,3.33270303559258,0.000860066899993983,0.0176700747866807,"UP",150113839,150155872,"-",54.34,5700,3321,"platelet derived growth factor receptor beta"
"KRT8P33","5",178.032162105049,0.959291053951575,0.296502830924368,3.23535209077404,0.00121492813161005,0.0208694970107391,"UP",123400922,123402344,"-",58.61,1423,NA,"keratin 8 pseudogene 33"
"ADAM19","5",523.491148791084,0.925754006297069,0.282024080084897,3.28253532825421,0.00102878093734287,0.0192779949545801,"UP",157395534,157575775,"-",44.66,2839,819,"ADAM metallopeptidase domain 19"
"COL23A1","5",308.761910349786,0.876085420810446,0.312320847716702,2.8050814641907,0.00503038641510819,0.0453458557207595,"UP",178237476,178590393,"-",50.61,2764,495,"collagen type XXIII alpha 1 chain"
"PCDH12","5",374.179868035552,0.782597515264245,0.260749873898676,3.00133420416668,0.00268799372138822,0.0317626187656435,"UP",141943581,141969741,"-",48.79,5706,3555,"protocadherin 12"
"RELL2","5",525.325162433261,0.743276618420934,0.253119198889753,2.93646875338235,0.00331972262525027,0.0357165531202416,"UP",141636950,141641064,"+",60,2154,912,"RELT like 2"
"NRG2","5",663.67124615118,0.684936314047016,0.221718208629434,3.08921995302504,0.00200682804215419,0.0272833856253745,"UP",139846779,140043299,"-",46.42,3919,2553,"neuregulin 2"
"TRIM41","5",2761.09241196582,0.661029741843937,0.209555607045108,3.15443595695174,0.00160808668365898,0.0240879808879156,"UP",181222499,181235808,"+",52.1,914,574,"tripartite motif containing 41"
"SLC9A3","5",238.603319323882,0.647136063707957,0.205107076771076,3.15511328958308,0.00160435794565262,0.0240879808879156,"UP",470456,524449,"-",61.24,5555,2505,"solute carrier family 9 member A3"
"LNPEP","5",6105.84750952901,-0.441366735366971,0.150433747416733,-2.93396091599242,0.00334666347312586,0.035931720481534,"DOWN",96935394,97037513,"+",37.19,2075,NA,"leucyl and cystinyl aminopeptidase"
"FBXO38","5",2136.31247156533,-0.477610731158755,0.160755462956743,-2.97103888337078,0.00296794200950623,0.0334123783224979,"DOWN",148383935,148442836,"+",37.05,3680,2832,"F-box protein 38"
"SFXN1","5",2279.2118939138,-0.511483698822946,0.158888927833846,-3.21912738537588,0.00128581350637714,0.0213490210958534,"DOWN",175477062,175529742,"+",42.43,572,434,"sideroflexin 1"
"AFF4","5",11081.9743354523,-0.51591428537139,0.147029915101053,-3.50890691201722,0.000449952358550602,0.0132391091774998,"DOWN",132875395,132963634,"-",40.42,9536,3492,"ALF transcription elongation factor 4"
"POLK","5",1469.55573746979,-0.524409220185849,0.160333641975929,-3.27073728085449,0.00107267511573554,0.0196886944321851,"DOWN",75511845,75609991,"+",36.83,2482,1191,"DNA polymerase kappa"
"ANKRA2","5",472.523707426076,-0.525716673613467,0.185148080037356,-2.83943896964742,0.00451929391585255,0.0428448155634814,"DOWN",73552190,73565667,"-",37.11,2161,942,"ankyrin repeat family A member 2"
"RBM27","5",667.229817631798,-0.536628715610337,0.191247135632627,-2.80594380582602,0.00501694406998128,0.045316720993366,"DOWN",146203605,146289223,"+",38.67,6537,3183,"RNA binding motif protein 27"
"MRPL22","5",378.385067926732,-0.54420388040122,0.169708392474743,-3.20669987185349,0.00134266996223518,0.0217361550914459,"DOWN",154941073,154969411,"+",38.82,3173,621,"mitochondrial ribosomal protein L22"
"DHX29","5",2009.47396150807,-0.545493630848467,0.197595481966464,-2.76065841900701,0.00576849738425253,0.0489919254503038,"DOWN",55256055,55307694,"-",37.07,4664,4110,"DExH-box helicase 29"
"PRRC1","5",843.573961478261,-0.547535876620093,0.182047898755313,-3.00764732998114,0.00263278473151007,0.0314999547768997,"DOWN",127517617,127555085,"+",36.28,1748,1338,"proline rich coiled-coil 1"
"TMEM161B","5",610.824287377964,-0.563614333028616,0.163568537286339,-3.44573805194557,0.000569502113964313,0.0145940142505095,"DOWN",88185575,88269476,"-",35.56,5735,1509,"transmembrane protein 161B"
"GEMIN5","5",1429.50424506803,-0.565103823187851,0.196412688599275,-2.87712482944921,0.00401316805225536,0.039926977586116,"DOWN",154887411,154938211,"-",41.33,5404,4527,"gem nuclear organelle associated protein 5"
"GPBP1","5",3815.39515465943,-0.569693393227477,0.194108386384303,-2.93492416190394,0.00333629218559797,0.0358629168003878,"DOWN",57173948,57264679,"+",40.02,4683,1482,"GC-rich promoter binding protein 1"
"GOLPH3","5",1711.36129683092,-0.574605718417557,0.169823759094242,-3.38354139304316,0.000715574200264316,0.0161746519697128,"DOWN",32124716,32174319,"-",41.09,2678,897,"golgi phosphoprotein 3"
"PFDN1","5",1439.43124809134,-0.580381314691912,0.199147867327531,-2.91432352492824,0.00356460282812762,0.0371609844832305,"DOWN",140245035,140303113,"-",40.78,1336,369,"prefoldin subunit 1"
"CERT1","5",3761.11645891086,-0.58822300541559,0.211638890581917,-2.77937104942398,0.00544642729592777,0.0473158371333725,"DOWN",75356345,75512138,"-",37.4,1870,1218,"ceramide transporter 1"
"WDR36","5",1007.8153709916,-0.595924555625625,0.204802630513498,-2.90975049554526,0.00361717392815023,0.0374582409243544,"DOWN",111092321,111130502,"+",33.84,2126,NA,"WD repeat domain 36"
"MRPS27","5",1932.6199620997,-0.607554395489574,0.181685040883799,-3.3439979017213,0.000825803620172456,0.0173828427828468,"DOWN",72214953,72321717,"-",39.24,7716,1245,"mitochondrial ribosomal protein S27"
"DMXL1","5",6053.70449897746,-0.61926006928511,0.216502513972184,-2.86029043230727,0.00423253190895296,0.0412142123497323,"DOWN",119037772,119249138,"+",37.58,577,NA,"Dmx like 1"
"CDC23","5",677.273507123679,-0.635656195699066,0.212383683884095,-2.99296153110314,0.00276284571678445,0.0321625475867118,"DOWN",138187650,138213343,"-",41.22,3133,1794,"cell division cycle 23"
"GNPDA1","5",1050.0077978726,-0.643536883071269,0.195321696077195,-3.29475371142041,0.000985079752065406,0.0189114405632671,"DOWN",141991749,142013041,"-",44.88,980,825,"glucosamine-6-phosphate deaminase 1"
"RICTOR","5",5377.9242641387,-0.651616620998575,0.178763650389714,-3.64512930664606,0.000267257390584536,0.0102764503158626,"DOWN",38937920,39074402,"-",35.53,9605,5199,"RPTOR independent companion of MTOR complex 2"
"CLINT1","5",2889.75638506054,-0.657656959664893,0.226649385204615,-2.90164899000795,0.00371204214115001,0.0379976393635354,"DOWN",157785743,157859145,"-",37.76,3987,1878,"clathrin interactor 1"
"NUP155","5",1465.23089800385,-0.663347892923638,0.205899731599457,-3.22170353390294,0.00127430916913326,0.0212878044906824,"DOWN",37288137,37371124,"-",41.74,8068,4176,"nucleoporin 155"
"NADK2","5",2612.44525676265,-0.664099168498342,0.210230433596637,-3.15891071115103,0.00158359999721773,0.0239434456336777,"DOWN",36192589,36242279,"-",35.98,4011,1329,"NAD kinase 2, mitochondrial"
"MACIR","5",932.316967990142,-0.667508182124246,0.195785757921845,-3.40938068840894,0.000651105514553529,0.0154086477250408,"DOWN",103258763,103278660,"+",37.42,2988,621,"macrophage immunometabolism regulator"
"TAF9","5",676.254545618963,-0.672022954926591,0.17276443436901,-3.88982233166815,0.000100317640644088,0.00611154271188388,"DOWN",69362026,69370013,"-",44.24,4640,NA,"TATA-box binding protein associated factor 9"
"FNIP1","5",3947.12809061834,-0.67354101721059,0.172032387046458,-3.91519892721537,9.03297002706823e-05,0.00581040992219873,"DOWN",131641714,131797017,"-",37.76,6388,3417,"folliculin interacting protein 1"
"POC5","5",336.096356415222,-0.674618328722562,0.16349195386334,-4.12630904935214,3.6863181196637e-05,0.00371803626852041,"DOWN",75674124,75717448,"-",37.26,2185,1728,"POC5 centriolar protein"
"DCP2","5",2242.37465674896,-0.685568843844182,0.169996235591844,-4.03284720663,5.51051107010509e-05,0.00435304629284296,"DOWN",112976702,113022195,"+",37.78,8029,1158,"decapping mRNA 2"
"MARCHF6","5",12510.5250584189,-0.686658008695803,0.198782734360991,-3.45431413298111,0.000551694352994199,0.0144095892241012,"DOWN",10353695,10440388,"+",39.32,9641,2733,"membrane associated ring-CH-type finger 6"
"HIGD2A","5",439.987707507717,-0.698229089635288,0.2059120486048,-3.39090934389845,0.000696611395875536,0.015965624726917,"DOWN",176388751,176389761,"+",57.47,654,321,"HIG1 hypoxia inducible domain family member 2A"
"LYRM7","5",1757.89623521974,-0.733874461043765,0.196875793356881,-3.72760128876511,0.000193310879007934,0.00843938072145467,"DOWN",131170944,131205428,"+",38.04,604,162,"LYR motif containing 7"
"GM2A","5",2631.38649567479,-0.742779201284219,0.25900883684364,-2.86777551814815,0.00413368712459293,0.0406908249065546,"DOWN",151212150,151270440,"+",47.41,553,438,"ganglioside GM2 activator"
"CDC42SE2","5",3830.02217004208,-0.744095884714664,0.243830622760447,-3.0516916878226,0.0022755570083138,0.0292436885244833,"DOWN",131245493,131398447,"+",39.71,2025,174,"CDC42 small effector 2"
"TRAPPC13","5",833.639254633959,-0.746574298513635,0.239835831413357,-3.11285554837264,0.0018528668206515,0.0259187026745385,"DOWN",65624789,65666233,"+",36.81,3148,1254,"trafficking protein particle complex subunit 13"
"LIFR","5",11234.3891241744,-0.748551971623132,0.268488966894915,-2.78801762426279,0.00530316586639599,0.0466239075407682,"DOWN",38474668,38608354,"-",39.44,10089,3294,"LIF receptor subunit alpha"
"UBE2B","5",1167.07075997569,-0.757762272602865,0.2044084874055,-3.70709789119293,0.000209647921367623,0.00875841767029434,"DOWN",134371184,134392108,"+",41.52,1064,432,"ubiquitin conjugating enzyme E2 B"
"FEM1C","5",2409.04390581067,-0.758664822111031,0.242755833461683,-3.12521767774854,0.00177673528899369,0.0252564777338649,"DOWN",115520908,115544775,"-",35.43,5697,1854,"fem-1 homolog C"
"FBXW11","5",5116.11421545667,-0.765922671414296,0.228328691981996,-3.35447404689153,0.000795160118371976,0.0171442029792649,"DOWN",171861549,172006873,"-",39.72,4406,1692,"F-box and WD repeat domain containing 11"
"RARS1","5",1086.40059597961,-0.76689076825378,0.184598259013246,-4.15437703666941,3.26174962481211e-05,0.00361355354089549,"DOWN",168486451,168519301,"+",39.43,757,NA,"arginyl-tRNA synthetase 1"
"MTX3","5",2272.64433433024,-0.776641320416607,0.224659701207539,-3.45696765482276,0.000546290415264278,0.0142993289865604,"DOWN",79976716,79991262,"-",37.49,7931,939,"metaxin 3"
"SKP1","5",3687.63754000936,-0.780120578233537,0.224949968218641,-3.46797372060661,0.000524398567661545,0.0141552497293104,"DOWN",134148935,134176964,"-",41.17,9386,492,"S-phase kinase associated protein 1"
"STK32A","5",699.730619788669,-0.782188773786752,0.25936114892936,-3.01582861201694,0.00256278072351172,0.0311787799692427,"DOWN",147234963,147387855,"+",38.55,2063,NA,"serine/threonine kinase 32A"
"ERAP1","5",1366.79399639095,-0.79269923843378,0.208989936434425,-3.79300195960634,0.000148836981482705,0.00722845629345524,"DOWN",96760810,96808100,"-",39.27,5495,2847,"endoplasmic reticulum aminopeptidase 1"
"LYSMD3","5",868.454660458049,-0.795436388452778,0.169307870942127,-4.69816544279075,2.62508756220784e-06,0.00093922389999178,"DOWN",90515611,90529584,"-",35.92,3863,453,"LysM domain containing 3"
"SAR1B","5",2962.21520787191,-0.798274935119761,0.249552399597197,-3.19882692536019,0.00137987981292186,0.0221605399437769,"DOWN",134601149,134649271,"-",43.44,6517,597,"secretion associated Ras related GTPase 1B"
"TNPO1","5",5087.35695284764,-0.804327321213442,0.171766754822013,-4.68267169655091,2.8315983264422e-06,0.00093922389999178,"DOWN",72816312,72916733,"+",37.25,11040,2613,"transportin 1"
"CCNG1","5",973.480527424613,-0.805278374146933,0.236373754471301,-3.40680113131894,0.000657289993503318,0.0154341900804575,"DOWN",163437569,163448199,"+",37.44,919,486,"cyclin G1"
"IL6ST","5",13080.6169370363,-0.805539899379998,0.214790158446872,-3.75035758251115,0.000176582575300146,0.00805816257775346,"DOWN",55935095,55995022,"-",37.44,9027,2757,"interleukin 6 cytokine family signal transducer"
"EMB","5",395.964755550545,-0.807222892208729,0.249756816305949,-3.23203548214632,0.00122911792983459,0.021004304333227,"DOWN",50396192,50443248,"-",36.85,4202,984,"embigin"
"CETN3","5",461.385795979567,-0.823479731971663,0.287018068924403,-2.86908672704002,0.00411658905750223,0.0405720549897102,"DOWN",90392257,90409766,"-",33.62,2406,504,"centrin 3"
"RIOK2","5",618.470485119624,-0.827098976490477,0.217470586691049,-3.80326824457186,0.000142799584353037,0.00701981859179381,"DOWN",97160867,97183247,"-",36.71,3909,1659,"RIO kinase 2"
"INSYN2B","5",692.496740470676,-0.831297988807013,0.261093844967637,-3.18390496302221,0.00145302709367246,0.0227462221925968,"DOWN",169861303,169980495,"-",43.5,5715,1608,"inhibitory synaptic factor family member 2B"
"FASTKD3","5",220.161654421067,-0.838964185832077,0.237085166382912,-3.53866164902566,0.000402160965679433,0.0124700834819523,"DOWN",7859159,7869037,"-",37.73,2431,1989,"FAST kinase domains 3"
"ATP6V0E1","5",828.390624878455,-0.845950738128712,0.235706439508378,-3.58900138618675,0.000331947076252058,0.011275943800888,"DOWN",172983771,173035445,"+",44.08,1419,246,"ATPase H+ transporting V0 subunit e1"
"TTC33","5",1644.43465091344,-0.846715683975865,0.270035971756209,-3.13556626722416,0.0017152267218881,0.024841002093165,"DOWN",40512333,40755963,"-",38.63,1149,336,"tetratricopeptide repeat domain 33"
"ARSK","5",356.109538274727,-0.848224957624871,0.299551118819835,-2.83165344521726,0.00463080084426618,0.0434616023358254,"DOWN",95555101,95605102,"+",36.73,3365,1611,"arylsulfatase family member K"
"NNT","5",3430.70867080333,-0.848358887846689,0.216786775898899,-3.91333320184775,9.10307871285769e-05,0.0058245254430999,"DOWN",43602692,43707405,"+",37.88,708,597,"nicotinamide nucleotide transhydrogenase"
"GFM2","5",1263.37806513474,-0.854307472063949,0.246272918512689,-3.46894606692181,0.000522504334491703,0.0141356709552755,"DOWN",74721206,74767147,"-",36.31,2993,2340,"GTP dependent ribosome recycling factor mitochondrial 2"
"ELL2","5",2871.10147920531,-0.86375568280252,0.264639084927876,-3.26390065563417,0.00109889689590746,0.0198792745813177,"DOWN",95885098,95961851,"-",38.08,5826,1923,"elongation factor for RNA polymerase II 2"
"SCAMP1","5",4056.04756341196,-0.877662097432391,0.278203388347148,-3.15474984919028,0.00160635770609604,0.0240879808879156,"DOWN",78360611,78480739,"+",37.55,1276,474,"secretory carrier membrane protein 1"
"CSNK1G3","5",1663.76640612995,-0.890625991747138,0.210034523337094,-4.24037904624723,2.2314265144124e-05,0.00299102682284749,"DOWN",123512177,123617049,"+",34.46,4653,1368,"casein kinase 1 gamma 3"
"IPO11","5",1342.19070017443,-0.892855236262292,0.224751928731588,-3.9726254688946,7.10847717049154e-05,0.00507155247331883,"DOWN",62403972,62628582,"+",38.3,584,446,"importin 11"
"NPM1","5",5379.48476521308,-0.899637177423665,0.313190172191635,-2.87249491619805,0.00407244631318527,0.0402860430967889,"DOWN",171387116,171411810,"+",43.58,1338,885,"nucleophosmin 1"
"LIX1","5",2324.42965254097,-0.931977896304342,0.334464250791802,-2.78647985277351,0.00532839302436966,0.0467510760294838,"DOWN",97091867,97142753,"-",39.26,3765,849,"limb and CNS expressed 1"
"CANX","5",26624.1770381254,-0.935679679441733,0.299936219725095,-3.11959549366637,0.00181099548525706,0.0255249048988504,"DOWN",179678628,179731641,"+",45.64,4910,1779,"calnexin"
"HAVCR2","5",579.522087083022,-0.945126941850393,0.305353023577542,-3.09519431239686,0.00196683997623657,0.0268908941013328,"DOWN",157085422,157142869,"-",42.33,2679,903,"hepatitis A virus cellular receptor 2"
"SMIM15","5",575.631439943206,-0.965565436069066,0.315610433743938,-3.05935841415323,0.00221811606291823,0.0287807699022212,"DOWN",61157704,61162468,"-",36.56,2888,225,"small integral membrane protein 15"
"VDAC1","5",4502.41365744012,-0.96980410700512,0.314545306065242,-3.08319370311623,0.00204791806932761,0.0275447394582679,"DOWN",133971871,134004975,"-",47.29,1839,852,"voltage dependent anion channel 1"
"LRRTM2","5",3213.13363510651,-0.976930323116196,0.208383026834081,-4.68814729279294,2.75689568240409e-06,0.00093922389999178,"DOWN",138868921,138875368,"-",38.26,6064,1551,"leucine rich repeat transmembrane neuronal 2"
"TRIM23","5",2911.35854965041,-0.993426751082756,0.288555334826414,-3.44275995340849,0.000575810168827581,0.0146484501275879,"DOWN",65589690,65625975,"-",37.19,3863,1725,"tripartite motif containing 23"
"SUB1","5",5397.20463411694,-1.00015702167875,0.32534370548188,-3.07415513140904,0.00211099630973329,0.0279915333043911,"DOWN",32531633,32604507,"+",42.83,4092,384,"SUB1 regulator of transcription"
"C5orf15","5",812.420995294326,-1.00257597708902,0.283108921535973,-3.54130831218483,0.000398148041802888,0.0124223540031303,"DOWN",133955510,133968674,"-",39.76,2188,798,"chromosome 5 open reading frame 15"
"RIMOC1","5",1390.82607145105,-1.01547561885193,0.247164820357956,-4.1084957696701,3.98244498106814e-05,0.00373331063225248,"DOWN",41904188,41921636,"+",36.01,563,NA,"RAB7A interacting MON1-CCZ1 complex subunit 1"
"LMBRD2","5",5503.85319618839,-1.03887862469874,0.265580181813035,-3.9117324854838,9.16363845008076e-05,0.0058388610065983,"DOWN",36098407,36151887,"-",35.48,8116,2088,"LMBR1 domain containing 2"
"OXCT1","5",4908.89659035287,-1.05513108139991,0.324738920383088,-3.24916730078178,0.00115743383446193,0.0204333538104351,"DOWN",41730065,41870425,"-",37.45,3294,1563,"3-oxoacid CoA-transferase 1"
"DCTN4","5",3193.17982989867,-1.05773242324046,0.245254686254246,-4.31279189562132,1.61205840778205e-05,0.00242169221432402,"DOWN",150706840,150759095,"-",38.98,5755,1404,"dynactin subunit 4"
"HMGCR","5",4403.24146748541,-1.06180074034871,0.356935514114323,-2.97476910635635,0.00293209151348839,0.0331691138190973,"DOWN",75336329,75364001,"+",38.36,3395,2667,"3-hydroxy-3-methylglutaryl-CoA reductase"
"UBLCP1","5",972.425756462613,-1.08061316062644,0.369209809340895,-2.92682678869104,0.00342439538523302,0.036374950215334,"DOWN",159263290,159286036,"+",36,2179,957,"ubiquitin like domain containing CTD phosphatase 1"
"SPOCK1","5",14201.009745136,-1.10892685993431,0.304704416085074,-3.63935276745282,0.000273324157574317,0.0103277625957377,"DOWN",136975298,137598379,"-",42.8,4824,1320,"SPARC (osteonectin), cwcv and kazal like domains proteoglycan 1"
"AK6","5",446.935584927709,-1.12511935071385,0.276369327928182,-4.07107170375371,4.67973406478431e-05,0.00402790206729086,"DOWN",69350984,69370013,"-",41.64,1626,519,"adenylate kinase 6"
"GLRX","5",844.598847127215,-1.13538453729367,0.347688950279597,-3.26551803380764,0.00109264047768099,0.0198711807775295,"DOWN",95751319,95822726,"-",41.08,533,321,"glutaredoxin"
"CAMK4","5",4786.09773395744,-1.13996563203721,0.398051427094315,-2.86386520545524,0.00418506063572924,0.041029540549553,"DOWN",111223653,111494886,"+",37.31,557,426,"calcium/calmodulin dependent protein kinase IV"
"PJA2","5",23871.0044084044,-1.14433735537777,0.34608859444704,-3.30648676014917,0.000944738150027651,0.0185598227454627,"DOWN",109334704,109409974,"-",37.65,4914,2127,"praja ring finger ubiquitin ligase 2"
"TMED7","5",2074.67900294212,-1.15724643115172,0.312685836461815,-3.70098768862221,0.000214761897170469,0.00892479595354805,"DOWN",115613210,115632992,"-",37.81,3918,675,"transmembrane p24 trafficking protein 7"
"BTF3","5",3084.83348840362,-1.16295349188472,0.286510792387572,-4.05902158935627,4.92787579388444e-05,0.00415983903190556,"DOWN",73498408,73505667,"+",38.61,897,489,"basic transcription factor 3"
"EEF1A1P13","5",55.1485592922155,-1.16319442499281,0.308797011647978,-3.76685777749307,0.000165315112364834,0.00773264737938772,"DOWN",14651941,14653329,"-",47.73,1389,NA,"eukaryotic translation elongation factor 1 alpha 1 pseudogene 13"
"CENPH","5",71.8532934746333,-1.19519732479854,0.426570163878566,-2.80187745418309,0.00508061686799714,0.04554477374699,"DOWN",69189574,69210357,"+",42.62,1305,687,"centromere protein H"
"TRIM36","5",1917.56987453614,-1.27056959872999,0.438227192219371,-2.89933993437348,0.00373949225005236,0.0382001634710097,"DOWN",115124762,115180546,"-",40.18,4050,2187,"tripartite motif containing 36"
"HMGCS1","5",4030.19251029143,-1.27670666727652,0.386072544504828,-3.30690872854998,0.000943316221360381,0.0185598227454627,"DOWN",43287470,43313512,"-",38.76,5350,1563,"3-hydroxy-3-methylglutaryl-CoA synthase 1"
"EDIL3","5",14314.2734727111,-1.34419284682162,0.370834093547979,-3.62478226842892,0.000289204998547971,0.0105660303548055,"DOWN",83940554,84384880,"-",35.47,4814,1443,"EGF like repeats and discoidin domains 3"
"RAB3C","5",7666.66298184407,-1.41775050526491,0.390168969199578,-3.63368339664067,0.000279403682530153,0.0104284837433245,"DOWN",58582221,58859394,"+",37.99,423,NA,"RAB3C, member RAS oncogene family"
"ENSG00000287593","6",38.1316426401011,3.14713384800314,1.06168208481044,2.96429024566713,0.00303381990238223,0.0337927718558799,"UP",11722547,11731923,"+",43.52,2333,NA,"novel transcript, antisense to ADTRP"
"RNA5SP202","6",101.290589077205,2.45659606883237,0.483044899366197,5.08564746684142,3.66374030400199e-07,0.000328189714787379,"UP",4427963,4428081,"+",60.5,119,NA,"RNA, 5S ribosomal pseudogene 202"
"ENSG00000226454","6",47.6183027204606,2.02323636500232,0.642856736716078,3.14725855614064,0.00164809155322796,0.0243647569109851,"UP",40505507,40524852,"-",49.44,1125,NA,"novel transcript"
"SNORA20","6",322.437579958565,1.75524004040114,0.358779726334832,4.89224978883856,9.96898099715434e-07,0.000539260370945487,"UP",159780250,159780381,"-",40.15,132,NA,"small nucleolar RNA, H/ACA box 20"
"HNRNPH1P1","6",53.5635568222623,1.66306651837007,0.521042793949062,3.19180408535246,0.00141387197460496,0.0224382595654827,"UP",159712801,159713985,"-",46.16,1185,NA,"heterogeneous nuclear ribonucleoprotein H1 pseudogene 1"
"SNORD48","6",57.5864441135558,1.61717890091408,0.554873583706025,2.91449971381387,0.00356259135420771,0.0371560303979594,"UP",31835263,31835326,"+",56.25,64,NA,"small nucleolar RNA, C/D box 48"
"ENSG00000216906","6",51.9947399465095,1.50165929815077,0.391289324243597,3.83772110586873,0.000124181404634767,0.00670630104012512,"UP",149904243,149906418,"+",58.18,2176,NA,"multimerin 2 (MMRN2) pseudogene"
"ITPR3","6",1205.90351035749,1.15777185779699,0.350629767949406,3.30197822212304,0.000960055238318017,0.0187203832580663,"UP",33620365,33696574,"+",55.13,9870,8016,"inositol 1,4,5-trisphosphate receptor type 3"
"ENSG00000235008","6",170.284378690872,1.14410235316114,0.397274099053645,2.87988156259503,0.00397824586921582,0.0397430213105551,"UP",166701094,166702839,"-",47.54,1746,NA,"IGF-II mRNA-binding protein 3 (KOC1) pseudogene"
"ENSG00000270174","6",44.4517994667986,1.14034792311821,0.414358295660139,2.75208179747302,0.00592177275858391,0.0497305541455245,"UP",5664985,5695272,"-",42.37,806,NA,"novel transcript, antisense to FARS2"
"ENSG00000124593","6",171.171991872371,1.06678006524489,0.335955134398758,3.17536467229189,0.00149648304776722,0.0232012429444218,"UP",41780349,41790141,"+",54.39,3947,213,"novel protein"
"NOTCH4","6",1127.21267572323,1.00968876308542,0.364816089763756,2.7676651096701,0.0056459438581994,0.0484035285265497,"UP",32194843,32224067,"-",51.81,1632,NA,"notch receptor 4"
"TMEM151B","6",5340.59965494505,1.00375090399357,0.28398993286115,3.534459457351,0.000408610115660751,0.0126049071150024,"UP",44270450,44307506,"+",54.71,4911,1701,"transmembrane protein 151B"
"SCUBE3","6",683.95086708779,0.948541919328303,0.294762602454092,3.21798597051007,0.00129094132061066,0.0213709680749873,"UP",35213956,35253079,"+",49.96,7819,2982,"signal peptide, CUB domain and EGF like domain containing 3"
"RN7SL128P","6",1164.9901402639,0.855110783580152,0.306192046102801,2.79272696487046,0.00522657871502556,0.0462532136120045,"UP",20421583,20421887,"-",51.8,305,NA,"RNA, 7SL, cytoplasmic 128, pseudogene"
"ENSG00000227704","6",68.0273676620512,0.85372120710304,0.295949173803129,2.8846885974784,0.0039180100146068,0.0395287813527493,"UP",169724713,169738992,"+",41.25,1440,NA,"novel transcript"
"TTBK1","6",5967.07387400095,0.814619878597395,0.258673609312686,3.149219128932,0.0016370739077732,0.0242556461730208,"UP",43243481,43288258,"+",56.24,7130,3966,"tau tubulin kinase 1"
"PRRC2A","6",18192.1264076001,0.62094774667469,0.181764481205822,3.4162215992659,0.000634965529243134,0.0152886102661423,"UP",31620715,31637771,"+",53.44,6903,6474,"proline rich coiled-coil 2A"
"FRS3","6",699.042294985456,0.549297808249372,0.19809127944901,2.77295300316723,0.00555501426276141,0.0479834196282669,"UP",41770176,41786542,"-",54,2094,1479,"fibroblast growth factor receptor substrate 3"
"ANKS1A","6",3323.46008707248,0.530899279400124,0.186153340004302,2.85194603216818,0.00434524771779974,0.0419537570070677,"UP",34889255,35091406,"+",44.93,6350,3405,"ankyrin repeat and sterile alpha motif domain containing 1A"
"CUL9","6",3451.03261990361,0.517907966366997,0.180620782380537,2.86737749411279,0.00413889006318374,0.0407089040537462,"UP",43182184,43224587,"+",49.09,2572,NA,"cullin 9"
"EHMT2","6",4241.70475526908,0.413426778653021,0.128342868029202,3.22126803772964,0.00127624727162365,0.0212878044906824,"UP",31879759,31897698,"-",53.84,1517,NA,"euchromatic histone lysine methyltransferase 2"
"LATS1","6",2587.64634847707,-0.30734198068874,0.110338341289244,-2.78545043452363,0.0053453411487355,0.046841456892506,"DOWN",149658153,149718105,"-",41.14,7362,3393,"large tumor suppressor kinase 1"
"ZNF451","6",4058.2548007848,-0.407016487386411,0.0997888154033826,-4.07877862605246,4.52729207829579e-05,0.0039672857320892,"DOWN",57086844,57170305,"+",36.73,581,120,"zinc finger protein 451"
"PGM3","6",1447.67100041743,-0.479060884325664,0.136472290494614,-3.51031614248881,0.000447574210351383,0.0132301477836731,"DOWN",83147324,83193936,"-",38.23,5136,1653,"phosphoglucomutase 3"
"LYRM2","6",1511.0726553701,-0.48043146220042,0.149383393349,-3.21609685942802,0.00129946965412852,0.0214385900782758,"DOWN",89568144,89638749,"-",44.37,844,NA,"LYR motif containing 2"
"PHF10","6",3311.42503303228,-0.491506188850615,0.170652848040356,-2.8801522769452,0.003974831392852,0.0397253190361646,"DOWN",169703902,169725566,"-",39.49,2167,1497,"PHD finger protein 10"
"MRS2","6",897.494998333233,-0.521346065264332,0.172659720541124,-3.01950022640142,0.00253192103793244,0.0310801465090159,"DOWN",24402908,24426194,"+",39.3,3821,1182,"magnesium transporter MRS2"
"ADGRB3","6",7239.42838027462,-0.555127374194872,0.172363978447844,-3.22066930221647,0.00127891628572616,0.0212921159707923,"DOWN",68635282,69390571,"+",35.14,6090,4569,"adhesion G protein-coupled receptor B3"
"C6orf62","6",3404.04766725959,-0.581388970322578,0.18862419375049,-3.08226086358589,0.00205434719399738,0.0275447394582679,"DOWN",24704861,24720825,"-",40.3,2452,690,"chromosome 6 open reading frame 62"
"RPL7L1","6",2914.92840235357,-0.592367761958442,0.18482858092267,-3.20495758286584,0.00135082385900312,0.0218535289992304,"DOWN",42879616,42889925,"+",46.45,4499,768,"ribosomal protein L7 like 1"
"CCNC","6",853.97026490161,-0.618257643270964,0.188945275821463,-3.27215189997745,0.00106732215291923,0.0196643214848433,"DOWN",99542387,99568825,"-",35.15,2118,849,"cyclin C"
"MTCH1","6",11052.595689154,-0.625569546037632,0.179767467208069,-3.47988184821881,0.000501634954321093,0.0138975292155899,"DOWN",36965807,36986298,"-",51.66,4690,NA,"mitochondrial carrier 1"
"QRSL1","6",667.924467644967,-0.625814155192704,0.188405966743162,-3.32162598674926,0.00089494568841003,0.0180376303499042,"DOWN",106629578,106668417,"+",39.53,4106,1587,"glutaminyl-tRNA amidotransferase subunit QRSL1"
"AIG1","6",1509.36130831986,-0.629319759931513,0.216481901447221,-2.9070317459538,0.00364876166065875,0.0376971164137943,"DOWN",143060496,143341058,"+",39.66,727,578,"androgen induced 1"
"PFDN6","6",654.366206212754,-0.631122559436109,0.21032738556611,-3.00066754377895,0.00269388507876303,0.0317951202527117,"DOWN",33289302,33298401,"+",54.13,884,390,"prefoldin subunit 6"
"RNGTT","6",1248.54918191038,-0.646326231197202,0.1698473342456,-3.80533632787319,0.000141611632583918,0.00701496320889336,"DOWN",88609897,88963618,"-",36.63,4825,1794,"RNA guanylyltransferase and 5'-phosphatase"
"SMAP1","6",1198.0328473307,-0.647684040385307,0.207828702996802,-3.1164320954997,0.00183053833290884,0.0257253922834011,"DOWN",70667776,70862011,"+",37.73,2491,1311,"small ArfGAP 1"
"WTAP","6",2206.85183153324,-0.650833559032473,0.190718914587272,-3.41252759560278,0.000643634099876814,0.0153613824141095,"DOWN",159725585,159756319,"+",38.63,3656,1191,"WT1 associated protein"
"ATG5","6",1005.57318570914,-0.653363525922891,0.195065253481721,-3.34946134311981,0.000809688533169776,0.0172269988854278,"DOWN",106045423,106325791,"-",39.61,2261,462,"autophagy related 5"
"TAB2","6",4486.81727736544,-0.663975823286855,0.195615686544135,-3.39428721191564,0.000688074886965151,0.015864422513002,"DOWN",149218641,149411613,"+",38.87,648,392,"TGF-beta activated kinase 1 (MAP3K7) binding protein 2"
"ASCC3","6",2606.1914716345,-0.66422735932443,0.198609392479001,-3.34439046932113,0.000824635845336076,0.0173733820168104,"DOWN",100508194,100881372,"-",34.11,8111,6609,"activating signal cointegrator 1 complex subunit 3"
"FBXO30","6",1923.96662393322,-0.674924073782166,0.209416304534564,-3.22288216899927,0.00126907747092718,0.0212878044906824,"DOWN",145793502,145814795,"-",35.27,9051,2238,"F-box protein 30"
"STX7","6",4706.35319580548,-0.68475197312902,0.239397444344133,-2.86031446578307,0.00423221113183034,0.0412142123497323,"DOWN",132445867,132513198,"-",37.41,15845,786,"syntaxin 7"
"SFT2D1","6",606.460127818251,-0.696016496342417,0.201532756874393,-3.45361472316986,0.000553126981091129,0.014431423047109,"DOWN",166319728,166342576,"-",43.21,1033,480,"SFT2 domain containing 1"
"CLVS2","6",4296.2820913166,-0.698274482920975,0.249431081415097,-2.79946861056552,0.00511867929659115,0.0456827961134146,"DOWN",122996235,123072925,"+",36.32,11219,984,"clavesin 2"
"ME1","6",1621.99141350511,-0.703736663748116,0.218338052961984,-3.22315168703389,0.00126788392944427,0.0212878044906824,"DOWN",83210402,83431051,"-",36.91,3338,1719,"malic enzyme 1"
"RWDD2A","6",636.224461592977,-0.708138394630015,0.248862796403174,-2.8454972172007,0.00443421468946872,0.0424400144358886,"DOWN",83193357,83198935,"+",44.9,3769,879,"RWD domain containing 2A"
"NUP153","6",2363.64491678418,-0.708924315201125,0.184479060961296,-3.84284433966117,0.000121616608217835,0.00668686557298019,"DOWN",17615035,17706925,"-",40.21,6026,4428,"nucleoporin 153"
"TMEM14B","6",571.880073731781,-0.713472519644969,0.169189421095325,-4.21700431992721,2.47569234235014e-05,0.00318400269728011,"DOWN",10747759,10852753,"+",42.53,888,312,"transmembrane protein 14B"
"TPMT","6",547.16998005876,-0.716176990765452,0.241019675130773,-2.97144617084421,0.00296400828423504,0.033405174446649,"DOWN",18128311,18155077,"-",41.46,3184,738,"thiopurine S-methyltransferase"
"RNF146","6",2479.35396490545,-0.717611948308015,0.176704691331412,-4.06108034201606,4.88461571606883e-05,0.00415983506017044,"DOWN",127266726,127288567,"+",36.4,884,NA,"ring finger protein 146"
"PSMB1","6",1867.9300685539,-0.727638687651169,0.222848243815372,-3.26517577699205,0.00109396165713876,0.0198711807775295,"DOWN",170535120,170553307,"-",39.78,891,726,"proteasome 20S subunit beta 1"
"DYNLT1","6",403.295854025636,-0.731419914748813,0.180326211088073,-4.05609317877577,4.99003590459563e-05,0.00415983903190556,"DOWN",158636474,158644743,"-",45.31,2891,NA,"dynein light chain Tctex-type 1"
"ECI2","6",874.06626380227,-0.746282463044476,0.22692300129223,-3.288703475605,0.0010065000207789,0.0190478947594354,"DOWN",4115693,4135597,"-",41.7,1405,1095,"enoyl-CoA delta isomerase 2"
"TNFRSF21","6",2780.89892261586,-0.747682993084104,0.2259215037567,-3.3094813050169,0.000934690078609491,0.0184542157071422,"DOWN",47231532,47309905,"-",41.38,3595,1968,"TNF receptor superfamily member 21"
"TMEM242","6",944.593682928354,-0.748927879048576,0.209505229306707,-3.57474551602804,0.000350568712616513,0.011578666076652,"DOWN",157289025,157323601,"-",43.27,4322,426,"transmembrane protein 242"
"CSNK2B","6",640.678512204912,-0.756468273809093,0.191187683943165,-3.95667889378257,7.59989791575938e-05,0.00529715074900738,"DOWN",31665227,31670343,"+",52.69,1093,297,"casein kinase 2 beta"
"PPIL4","6",2816.97586894154,-0.759076518599936,0.221815031303495,-3.42211487715339,0.000621360547414303,0.0151748814336354,"DOWN",149504495,149546043,"-",38.44,2475,1479,"peptidylprolyl isomerase like 4"
"SSR1","6",5261.85564613254,-0.764228247522815,0.256159186495944,-2.98341144027219,0.00285054515446542,0.032705543219118,"DOWN",7268306,7347446,"-",43.56,1808,897,"signal sequence receptor subunit 1"
"ZNF184","6",1229.5040450858,-0.765555007032847,0.248318065501685,-3.08296138457012,0.00204951747894066,0.0275447394582679,"DOWN",27450743,27473118,"-",38.79,3101,2256,"zinc finger protein 184"
"STXBP5","6",4489.42402263984,-0.78207062819997,0.196768692812049,-3.97456839816989,7.05069981569032e-05,0.00504521377935758,"DOWN",147204180,147391010,"+",34.42,3897,NA,"syntaxin binding protein 5"
"TCP1","6",5364.12680258624,-0.810906404071934,0.252544964438255,-3.21093871689607,0.00132302146044203,0.0216792662887878,"DOWN",159778498,159789703,"-",40.84,2352,1671,"t-complex 1"
"NUP43","6",627.661916130487,-0.812296273402984,0.194431304345185,-4.17780601811357,2.94334510792244e-05,0.00348959533236334,"DOWN",149724315,149749665,"-",43.95,3831,1143,"nucleoporin 43"
"RPS10","6",604.676394551804,-0.817405117899407,0.263668556759241,-3.10012360952766,0.00193439896123381,0.0266279870668189,"DOWN",34417454,34426069,"-",47.38,615,498,"ribosomal protein S10"
"FUCA2","6",604.951817897932,-0.820613039758261,0.291780548490182,-2.8124323023057,0.00491683722249395,0.0447497767630093,"DOWN",143494812,143511720,"-",39.72,2385,1404,"alpha-L-fucosidase 2"
"ARMT1","6",658.665545894646,-0.824933290933895,0.244436702118377,-3.37483399090532,0.000738602309171225,0.0164589565660383,"DOWN",151452258,151470101,"+",39.28,2495,969,"acidic residue methyltransferase 1"
"OGFRL1","6",15840.0546745233,-0.835348126178131,0.247863755094223,-3.37019071570421,0.000751161760027164,0.0166625143252444,"DOWN",71288811,71309059,"+",36.15,8492,1356,"opioid growth factor receptor like 1"
"HBS1L","6",3650.80275412797,-0.852056010981283,0.221216285185737,-3.85168754762282,0.000117306638066331,0.00661346934329201,"DOWN",134960378,135103056,"-",36.66,7087,2055,"HBS1 like translational GTPase"
"PRRT1","6",3157.25079095036,-0.860657050671725,0.292492188050619,-2.94249585401843,0.00325578145435271,0.035311358858733,"DOWN",32148359,32153083,"-",58.65,1361,NA,"proline rich transmembrane protein 1"
"HMGCLL1","6",682.056993250244,-0.867609553460015,0.252341864030289,-3.43823073826496,0.000585528537222455,0.0147670419199815,"DOWN",55434373,55579197,"-",34.36,2449,1023,"3-hydroxy-3-methylglutaryl-CoA lyase like 1"
"GSTA4","6",873.484337545787,-0.883148285503316,0.257391955537568,-3.4311417528914,0.000601046433478295,0.0149096502975447,"DOWN",52977948,52995304,"-",40.89,1698,NA,"glutathione S-transferase alpha 4"
"ENSG00000289047","6",465.486314040305,-0.887380281305071,0.321525630570962,-2.75990526705218,0.00578181247299382,0.0490146920686395,"DOWN",32894144,32903758,"+",40.79,3522,NA,"novel transcript"
"TMEM181","6",3099.58334402026,-0.89275780741058,0.247818341210093,-3.60246865930608,0.000315209413657139,0.0110583717662808,"DOWN",158536436,158635435,"+",47.37,5397,1551,"transmembrane protein 181"
"TSPYL4","6",8375.6452413645,-0.898328692616861,0.299327240393653,-3.00115917093093,0.00268953937008741,0.0317626187656435,"DOWN",116249964,116254075,"-",47.62,4112,1245,"TSPY like 4"
"ELOVL2","6",753.254475018412,-0.901287370017812,0.29881067845762,-3.01624886590404,0.00255923116621268,0.0311787799692427,"DOWN",10980759,11044305,"-",39.63,3988,891,"ELOVL fatty acid elongase 2"
"TMEM30A","6",12296.1706951051,-0.909906572136037,0.285179376795472,-3.19064647086529,0.00141954865408044,0.0224934755745018,"DOWN",75252924,75284948,"-",37.36,4418,1086,"transmembrane protein 30A"
"ASF1A","6",560.728299821797,-0.913901227325856,0.306964436244714,-2.97722185184113,0.00290873445210582,0.0330375915571697,"DOWN",118894152,118909171,"+",39.18,2434,615,"anti-silencing function 1A histone chaperone"
"SNHG32","6",358.918291231086,-0.921799279966474,0.204565477157123,-4.50613315979243,6.60196663167058e-06,0.00142567111565701,"DOWN",31822094,31839766,"+",49.73,827,NA,"small nucleolar RNA host gene 32"
"WASF1","6",6974.08166004943,-0.929467818322221,0.322269851954348,-2.88412897664994,0.0039249796379235,0.0395287813527493,"DOWN",110099819,110180004,"-",36.65,2675,1680,"WASP family member 1"
"H2BC12","6",373.076579079098,-0.930665551577737,0.337021760276244,-2.76144053966992,0.00575469942457849,0.0489220247039913,"DOWN",27137298,27146855,"-",41.15,1831,381,"H2B clustered histone 12"
"TBPL1","6",589.183507875298,-0.934112300060842,0.21878996564992,-4.26944762885282,1.95957652218755e-05,0.00273733247983568,"DOWN",133952170,133990432,"+",37.6,991,386,"TATA-box binding protein like 1"
"TSPYL1","6",11438.6738117097,-0.934536225482726,0.275815149896495,-3.3882700998601,0.000703349645936881,0.0160180927840202,"DOWN",116267760,116279930,"-",39.87,5875,1314,"TSPY like 1"
"EEF1E1","6",193.025958687115,-0.938870359476477,0.31236477089085,-3.00568581021113,0.00264982642413734,0.03156895362358,"DOWN",8073360,8102559,"-",39.63,562,420,"eukaryotic translation elongation factor 1 epsilon 1"
"GLO1","6",1843.49236403805,-0.986416007331363,0.251301080774898,-3.92523583380424,8.66448089310558e-05,0.00564849420163481,"DOWN",38675925,38703145,"-",39.8,2016,555,"glyoxalase I"
"LMBRD1","6",2760.59230782112,-1.00197378009122,0.291990643990732,-3.43152700510166,0.000600193369631723,0.0149096502975447,"DOWN",69672757,69867236,"-",35.47,704,367,"LMBR1 domain containing 1"
"RPS12","6",3438.30458147357,-1.01504268376152,0.336066881355982,-3.02035916084906,0.00252475097934043,0.0310379286036679,"DOWN",132814569,132817564,"+",42.19,503,399,"ribosomal protein S12"
"CD83","6",852.427250856419,-1.03581474284082,0.34944178591009,-2.96419828596953,0.00303472672087039,0.0337927718558799,"DOWN",14117256,14140682,"+",45.26,6071,441,"CD83 molecule"
"VTA1","6",1571.2745627107,-1.08387966659663,0.287570793549852,-3.76908813727892,0.000163845028471547,0.00769467157012201,"DOWN",142147162,142224685,"+",35.53,6991,924,"vesicle trafficking 1"
"ENPP5","6",1175.95170684581,-1.10851637968028,0.363774487787955,-3.04726256758951,0.00230935888435605,0.0295321649712887,"DOWN",46159185,46170980,"-",38.41,3845,1434,"ectonucleotide pyrophosphatase/phosphodiesterase family member 5"
"H2BC7","6",213.863961637335,-1.1142871855051,0.383387529044004,-2.90642522536827,0.00365584263973808,0.0377085619897134,"DOWN",26199516,26199988,"+",54.76,473,381,"H2B clustered histone 7"
"LY86","6",177.973422467686,-1.12927661909491,0.396820397589146,-2.84581293188494,0.00442982099172601,0.0424147468352673,"DOWN",6588108,6654983,"+",44.39,1197,489,"lymphocyte antigen 86"
"ENPP4","6",2093.82333354842,-1.12965455104945,0.366684178669633,-3.0807289126789,0.00206494557665558,0.0276079456699789,"DOWN",46129989,46146688,"+",36.05,4644,1362,"ectonucleotide pyrophosphatase/phosphodiesterase 4"
"SERINC1","6",24111.7979732182,-1.14870248745624,0.316878643103155,-3.62505493020019,0.000288900039154336,0.0105660303548055,"DOWN",122443351,122471807,"-",35.93,3125,1362,"serine incorporator 1"
"MANEA","6",600.278886691625,-1.15453585163111,0.332748646569932,-3.46969360666795,0.000521052386183632,0.0141279966504903,"DOWN",95577485,95609470,"+",33.87,3399,597,"mannosidase endo-alpha"
"EEF1A1","6",31863.3251343959,-1.18836256939195,0.269398357422302,-4.41117229059085,1.02812467947917e-05,0.00194267371077213,"DOWN",73489308,73525587,"-",42.73,5132,1131,"eukaryotic translation elongation factor 1 alpha 1"
"YWHAZP4","6",84.5159440664158,-1.36445906597776,0.312016759861949,-4.37303132877048,1.22533131890975e-05,0.00213592314181412,"DOWN",127355756,127356789,"+",46.71,708,NA,"tyrosine 3-monooxygenase/tryptophan 5-monooxygenase activation protein zeta pseudogene 4"
"H3C11","6",36.9804391871345,-2.04455075248866,0.708978908809959,-2.88379629786237,0.00392912821688673,0.0395287813527493,"DOWN",27871845,27872346,"-",59.56,502,411,"H3 clustered histone 11"
"ENSG00000230882","7",49.6763106641403,2.64125832075189,0.784911919544292,3.36503785327322,0.000765331585745098,0.0167817857958576,"UP",76071469,76074963,"-",68.35,3495,NA,"hypothetical protein LOC285908 (LOC285908) pseudogene"
"IRS3P","7",54.6480227088713,2.13302291744876,0.520967404984558,4.09435004386116,4.2335430578847e-05,0.00385941761740588,"UP",100570131,100571136,"+",61.23,1006,NA,"insulin receptor substrate 3, pseudogene"
"ENSG00000176349","7",72.549623949744,2.12487307823721,0.410488045692228,5.17645544257914,2.26141028313881e-07,0.000273472345539977,"UP",1812093,1849931,"+",55.15,2967,NA,"novel transcript, antisense to MAD1L1"
"ENSG00000234500","7",43.3122051811444,2.07789634658947,0.676799983502906,3.07017789190083,0.00213931307207061,0.0281445319621096,"UP",66511556,66545066,"+",52.45,712,NA,"GTF2I repeat domain containing 1 (GTF2IRD1) pseudogene"
"CRHR2","7",269.290054850519,2.07047039592609,0.624182196045685,3.31709300432297,0.000909593323107028,0.0182114438018763,"UP",30651942,30700129,"-",53.24,2930,1236,"corticotropin releasing hormone receptor 2"
"ENSG00000203335","7",225.718560624769,2.0235914685593,0.486210183719958,4.16196849904901,3.15515883691921e-05,0.003598579904622,"UP",154026285,154063325,"-",47.33,1075,NA,"novel transcript"
"ENSG00000288792","7",45.8847905022801,1.95417534458078,0.697930855493133,2.79995551020599,0.00511096501834692,0.0456827961134146,"UP",2642737,2643373,"+",50.71,637,NA,"novel transcript, sense intronic to TTYH3"
"ENSG00000272839","7",19.7833082128176,1.94147769112706,0.673698005985446,2.88182193487003,0.00395383102000668,0.0395644836780643,"UP",157868538,157869154,"+",49.27,617,NA,"novel transcript, antisense to PTPRN2"
"ENSG00000273230","7",203.896830262407,1.80098407386045,0.496106424273271,3.63023735582269,0.000283160709158807,0.010439824560541,"UP",1464497,1467522,"-",60.34,3026,NA,"novel transcript"
"ENSG00000272219","7",53.1061604860335,1.78875507737544,0.62039971448221,2.88323001384414,0.00393619906503028,0.0395287813527493,"UP",101960116,101961894,"+",46.94,1779,NA,"novel transcript, sense intronic to CUX1"
"ENSG00000204990","7",75.6863356259138,1.74426299587837,0.529100691145152,3.29665605256193,0.000978432421295062,0.0189067792158947,"UP",141414383,141416390,"-",42.28,1439,NA,"novel transcript"
"SNORA22","7",220.450374230114,1.678540408955,0.47356712507969,3.54446142914278,0.00039341606245149,0.0123197438891183,"UP",65755526,65755659,"+",41.04,134,NA,"small nucleolar RNA, H/ACA box 22"
"ENSG00000241449","7",115.948897304163,1.6045424458167,0.519575385402662,3.08818025429209,0.00201386278500559,0.0273391408784413,"UP",150033653,150076655,"+",47.93,931,NA,"novel transcript"
"ENSG00000233363","7",110.444591279121,1.58768091370567,0.446901874722183,3.55263874131801,0.0003813878385252,0.0122499950366142,"UP",154092201,154096043,"-",48.14,3044,NA,"novel transcript"
"FZD9","7",231.378478889867,1.56019715028972,0.323110409118181,4.82868117603438,1.37440253436129e-06,0.000678393871348209,"UP",73433778,73436120,"+",68.46,2343,1776,"frizzled class receptor 9"
"OR7E38P","7",40.2384337611596,1.54960227549875,0.451127105750113,3.4349571456633,0.000592647541229998,0.0148149895501748,"UP",97966090,97967074,"-",49.34,985,NA,"olfactory receptor family 7 subfamily E member 38 pseudogene"
"LINC02604","7",131.610948893587,1.54074889735298,0.470661862179864,3.27357923205637,0.00106194613860003,0.0195913267034174,"UP",66902857,66906297,"+",61.84,3441,NA,"long intergenic non-protein coding RNA 2604"
"GPER1","7",600.987704618072,1.53781104312807,0.35245073219704,4.36319434929802,1.28176977785001e-05,0.00218316083430143,"UP",1082208,1093815,"+",55.88,1542,1128,"G protein-coupled estrogen receptor 1"
"RN7SL845P","7",23.7615895584885,1.53217633209818,0.480732837607298,3.18716803229861,0.00143673280197276,0.0226520806118343,"UP",152757662,152757951,"+",56.55,290,NA,"RNA, 7SL, cytoplasmic 845, pseudogene"
"RNY4","7",200.656353988552,1.53182761038335,0.408285540205835,3.75185368948183,0.000175531898234662,0.00804055774754456,"UP",148963315,148963410,"+",41.67,96,NA,"RNA, Ro60-associated Y4"
"MICALL2-DT","7",38.2467465071494,1.52900421923847,0.49723501506093,3.07501316867459,0.00210493259508587,0.0279724723872235,"UP",1459762,1464707,"+",58.45,1275,NA,"MICALL2 divergent transcript"
"PTPRN2-AS1","7",89.9087776037102,1.51712858998566,0.454095367412587,3.34099111961918,0.000834798930970403,0.0175112289197313,"UP",157854459,157863011,"+",57.96,1114,NA,"PTPRN2 antisense RNA 1"
"ENSG00000285841","7",120.425677530195,1.51257458146789,0.409806884646026,3.69094477945237,0.000223422642273869,0.00918318252387377,"UP",141392155,141396517,"-",44.51,3445,NA,"novel transcript"
"SPDYE21","7",64.4535083582122,1.51035450231481,0.477610094729615,3.16231695891992,0.00156519099695922,0.0237878685153173,"UP",67276941,67289005,"+",49.01,3286,1209,"speedy/RINGO cell cycle regulator family member E21"
"PRKAG2-AS2","7",56.2538255205515,1.50575892133842,0.489858211587573,3.07386685722473,0.00211303712411749,0.0280032415802223,"UP",151806490,151810820,"+",52.6,2383,NA,"PRKAG2 antisense RNA 2"
"MAD1L1","7",117.496883764982,1.4389339459958,0.331796489866727,4.3367967713395,1.44574182791756e-05,0.00228910072250474,"UP",1815793,2233243,"-",55.65,548,NA,"mitotic arrest deficient 1 like 1"
"TNRC18","7",11407.5055778735,1.42476936956821,0.277724590173782,5.13015202822583,2.89508266488518e-07,0.000297833232557281,"UP",5306790,5425414,"-",54.68,10572,8907,"trinucleotide repeat containing 18"
"BHLHA15","7",91.2244858187096,1.42242414306877,0.383539088881256,3.70868102966463,0.000208341681887007,0.00874818041340132,"UP",98211439,98215457,"+",63.65,3262,570,"basic helix-loop-helix family member a15"
"ENSG00000222024","7",180.995559085812,1.37595289776809,0.322362310443149,4.26834295819687,1.96930394232783e-05,0.00273733247983568,"UP",79353410,79354392,"+",55.65,983,NA,"pseudogene similar to part of transmembrane protein 198 TMEM198"
"OR10AH1P","7",150.418461596992,1.37172918920727,0.473031518181973,2.8998684791223,0.00373319266397784,0.0381780117424812,"UP",5117135,5118087,"+",68,953,NA,"olfactory receptor family 10 subfamily AH member 1 pseudogene"
"ENSG00000231980","7",133.999942156989,1.36308596402605,0.403916713476633,3.37467086294489,0.000739040222885867,0.0164589565660383,"UP",158027373,158031128,"+",53.86,3600,NA,"novel transcript"
"LHFPL3-AS1","7",35.4092732993341,1.33249976135364,0.437707657330399,3.04426879228164,0.00233246640109145,0.0297067047797777,"UP",104738597,104804107,"-",41.39,748,NA,"LHFPL3 antisense RNA 1"
"SLC29A4","7",1333.21463468642,1.24463067863347,0.45115391338503,2.75877176659058,0.00580190404358258,0.0490817947527416,"UP",5274369,5306912,"+",57.48,623,489,"solute carrier family 29 member 4"
"ENSG00000241269","7",88.7169965409837,1.2440904200303,0.422423526976935,2.94512578154347,0.00322823396615504,0.035107044381936,"UP",5419827,5420767,"+",66.1,583,NA,"novel transcript"
"SRRM3","7",2282.86030565488,1.2429047352752,0.402668587282329,3.08666922260749,0.0020241269800778,0.0273882406203287,"UP",76201896,76287288,"+",52.93,3617,1962,"serine/arginine repetitive matrix 3"
"MICALL2","7",2167.08558125338,1.21913381826244,0.385512276377475,3.16237352988657,0.00156488693055819,0.0237878685153173,"UP",1428465,1459470,"-",63.37,404,NA,"MICAL like 2"
"SH2B2","7",269.73136594744,1.20812515412531,0.306738769411014,3.9386125087647,8.19541625077762e-05,0.00556613767873986,"UP",102285091,102321711,"+",56.99,490,144,"SH2B adaptor protein 2"
"RNY1","7",2121.29767480838,1.18846512203829,0.360005367861163,3.30124278173714,0.000962575499151509,0.0187295663897654,"UP",148987136,148987248,"-",44.25,113,NA,"RNA, Ro60-associated Y1"
"NOS3","7",798.400766493219,1.18419408234865,0.41231999498802,2.87202681592741,0.00407848357156745,0.0403244905104661,"UP",150991017,151014588,"+",57.59,4366,3612,"nitric oxide synthase 3"
"SMO","7",536.338478029346,1.15108670847132,0.3390483913023,3.39505137909649,0.000686157226991881,0.0158499953351415,"UP",129188633,129213545,"+",49.41,3977,2364,"smoothened, frizzled class receptor"
"GHRHR","7",43.0851941625381,1.13205274603011,0.379363751916647,2.98408253374414,0.00284430038527284,0.0326493825905121,"UP",30938669,30993254,"+",45.67,330,NA,"growth hormone releasing hormone receptor"
"CLDN15","7",233.169258176201,1.12004313608972,0.373136534927412,3.00169785386362,0.00268478507074469,0.0317526707682303,"UP",101232092,101238820,"-",59.59,2131,687,"claudin 15"
"GIGYF1","7",3997.33888273144,1.08204127714468,0.276819903375919,3.90882759494096,9.27451194334562e-05,0.00584828537653021,"UP",100679507,100694250,"-",60.69,6530,3108,"GRB10 interacting GYF protein 1"
"MINDY4","7",144.321633718063,1.04231939991013,0.356097716471498,2.92706005036557,0.00342182804441,0.036374950215334,"UP",30771417,30892387,"+",48.22,2733,2274,"MINDY lysine 48 deubiquitinase 4"
"ZNRF2P1","7",234.970259521593,1.02398368716968,0.236571104869995,4.32843938287562,1.50169651051836e-05,0.00233814427845913,"UP",32728569,32729011,"+",75.62,443,NA,"zinc and ring finger 2 pseudogene 1"
"STAG3","7",1352.02403398706,1.01904974243094,0.29320020453908,3.47561061232177,0.000509691751953006,0.0139362545671928,"UP",100177563,100214387,"+",46.09,4450,3678,"STAG3 cohesin complex component"
"SSPOP","7",740.811130020342,1.00090036707913,0.285132147102332,3.51030347595254,0.000447595533430747,0.0132301477836731,"UP",149776042,149833829,"+",61.02,15799,NA,"SCO-spondin, pseudogene"
"CASTOR2","7",9134.10460532495,0.961751547252746,0.287001466454059,3.35103356486402,0.000805105432731895,0.0172168700230359,"UP",74964705,75031528,"+",52.97,8100,990,"cytosolic arginine sensor for mTORC1 subunit 2"
"ZNF316","7",2390.247017664,0.937601389058638,0.231238993387994,4.05468548068554,5.02018032636218e-05,0.00415983903190556,"UP",6637318,6658279,"+",60.32,7243,3015,"zinc finger protein 316"
"ZNF853","7",3448.6005737124,0.919166517594526,0.211282006387564,4.35042497612626,1.35873938576655e-05,0.00223554223021428,"UP",6615610,6624290,"+",57.56,3864,1980,"zinc finger protein 853"
"GRID2IP","7",147.90850037156,0.910118523416433,0.328283825250297,2.77235262115799,0.00556527139276724,0.0480456810621538,"UP",6496778,6551461,"-",54.45,4657,3636,"Grid2 interacting protein"
"ENSG00000276538","7",82.4221360330732,0.849657865921232,0.286319307348715,2.96751858541769,0.00300214132034667,0.0336312135126932,"UP",150047609,150047854,"-",76.02,246,NA,"dipeptidyl-peptidase 6 (DPP6) pseudogene"
"KRBA1","7",1021.45695507888,0.846337924619774,0.221365718195191,3.82325651650138,0.000131700639601659,0.00687972282809013,"UP",149714781,149734575,"+",57.32,596,106,"KRAB-A domain containing 1"
"IQCE","7",4084.08646060925,0.811355316991356,0.20880546491107,3.88569962638148,0.000102035606206353,0.00613159423927985,"UP",2558972,2614733,"+",52.81,6775,1893,"IQ motif containing E"
"LFNG","7",591.725420372357,0.807184679723553,0.284523246033922,2.83697269370854,0.00455435068905428,0.0429843611485222,"UP",2512529,2529177,"+",62.83,2268,927,"LFNG O-fucosylpeptide 3-beta-N-acetylglucosaminyltransferase"
"DYNC2I1","7",3609.92673284922,0.788765653359555,0.282658321040607,2.79052691764287,0.00526223244018668,0.0463989623763599,"UP",158856558,158956747,"+",46.03,3789,3201,"dynein 2 intermediate chain 1"
"COL26A1","7",921.562488479748,0.766220924869125,0.263049565393302,2.91283858889293,0.00358159680575808,0.0372258273932381,"UP",101362875,101559024,"+",50.12,2978,1326,"collagen type XXVI alpha 1 chain"
"GTF2IRD2B","7",368.971011281847,0.760499395149894,0.268866092035447,2.82854334435609,0.00467603685404498,0.0436753432849656,"UP",75092573,75149817,"+",46.64,1298,NA,"GTF2I repeat domain containing 2B"
"NYAP1","7",3128.83013175743,0.756768848065712,0.225029064556546,3.36298268651226,0.000771051994065315,0.0168474123216506,"UP",100483927,100494802,"+",59.21,3584,2526,"neuronal tyrosine phosphorylated phosphoinositide-3-kinase adaptor 1"
"AP5Z1","7",1336.62882772622,0.720625172388234,0.182065458883146,3.95805539836498,7.55624346333292e-05,0.00529270286231297,"UP",4775615,4794397,"+",58.27,2667,468,"adaptor related protein complex 5 subunit zeta 1"
"REPIN1","7",2951.82570791446,0.708315537601104,0.214203100316188,3.30674736526011,0.000943859741278099,0.0185598227454627,"UP",150368189,150374044,"+",62.28,583,439,"replication initiator 1"
"BAIAP2L1","7",159.807378069788,0.698066431858354,0.23189401750285,3.01028219432084,0.00261005068873432,0.0314632962233358,"UP",98291650,98401090,"-",46.78,3645,1536,"BAR/IMD domain containing adaptor protein 2 like 1"
"DPY19L2P3","7",334.827490055058,0.69519775653946,0.211471598217259,3.28742848874314,0.00101106864225697,0.0191044579543961,"UP",29650227,29742594,"+",36.47,2326,NA,"DPY19L2 pseudogene 3"
"GTF2IRD1","7",914.105214146107,0.686347119654789,0.217977233900188,3.14871010781369,0.00163992787251562,0.0242737426711523,"UP",74453790,74602605,"+",52.72,3430,2880,"GTF2I repeat domain containing 1"
"CLIP2","7",17694.3438923738,0.657643967290969,0.225178014795417,2.92055140413448,0.00349412548780193,0.0367430082817293,"UP",74289407,74405935,"+",52.07,5623,3141,"CAP-Gly domain containing linker protein 2"
"ZNF862","7",1150.25621713978,0.656297350618191,0.1784718627568,3.67731551898751,0.000235701424413799,0.00951592638594877,"UP",149838375,149867479,"+",48.91,554,NA,"zinc finger protein 862"
"RADIL","7",621.373326330913,0.63119350875976,0.22772990124718,2.7716760306968,0.0055768509729908,0.0480954205610987,"UP",4797055,4883716,"-",53.13,5669,1224,"Rap associating with DIL domain"
"POLM","7",624.040610795853,0.594174633927165,0.213018901517807,2.78930475039323,0.00528213353776637,0.0464896949579394,"UP",44072062,44082530,"-",56.54,2806,1485,"DNA polymerase mu"
"ZNF775","7",550.344875072452,0.578455981036645,0.20912414921273,2.76608886737521,0.00567330719927311,0.0486059539219339,"UP",150368790,150398630,"+",53.8,635,434,"zinc finger protein 775"
"CYTH3","7",2609.54608829276,0.571542218247949,0.182201282913086,3.1368726339901,0.00170760289731405,0.0247799314010502,"UP",6161779,6272644,"-",44.78,4482,1200,"cytohesin 3"
"INTS1","7",9254.33439727876,0.548122299285482,0.134313472247213,4.08091824382758,4.48581326914714e-05,0.0039587668746714,"UP",1470277,1504389,"-",63.53,6981,6573,"integrator complex subunit 1"
"BRAT1","7",1339.56922531587,0.513871805607812,0.176746508671202,2.90739437780781,0.00364453398252436,0.0376695294450146,"UP",2537810,2555694,"-",55.06,2779,2466,"BRCA1 associated ATM activator 1"
"CCDC136","7",3946.72100347022,0.483455142477592,0.144760927095282,3.33967978914214,0.00083875039611721,0.0175636511519401,"UP",128790757,128822132,"+",48.94,723,411,"coiled-coil domain containing 136"
"INTS15","7",800.684560803099,0.450347070970212,0.154308412302781,2.91848684235406,0.00351734719039629,0.0368430312459613,"UP",6590021,6608726,"+",53.1,2178,1350,"integrator complex subunit 15"
"SMARCD3","7",3419.23601993442,0.407169860389131,0.141669073187143,2.87409136820755,0.00405191724936849,0.0401967475772052,"UP",151238764,151277896,"-",56.14,468,NA,"SWI/SNF related, matrix associated, actin dependent regulator of chromatin, subfamily d, member 3"
"BUD23","7",995.28140870146,-0.416091593258029,0.144988957815779,-2.86981573994559,0.0041071105672091,0.0405116542326751,"DOWN",73683597,73698212,"+",50.82,1201,846,"BUD23 rRNA methyltransferase and ribosome maturation factor"
"SP4","7",968.810898896745,-0.432230639637832,0.155312346994618,-2.7829766789424,0.00538626776260427,0.047063682119345,"DOWN",21428043,21514822,"+",38.35,6077,2355,"Sp4 transcription factor"
"HERPUD2","7",1258.16946346272,-0.472641092277704,0.160167526374942,-2.9509170989585,0.0031683194229858,0.0346894402735783,"DOWN",35632659,35697459,"-",38.61,2884,1221,"HERPUD family member 2"
"BRAF","7",4608.06073580658,-0.481084637999322,0.165287398464866,-2.91059477290752,0.00360741543929959,0.0374137863700257,"DOWN",140719327,140924929,"-",38,9578,2304,"B-Raf proto-oncogene, serine/threonine kinase"
"RBAK","7",1370.95079186411,-0.490470037195666,0.119118917667892,-4.11748231765432,3.83033907571156e-05,0.00371803626852041,"DOWN",5045821,5069487,"+",40.26,4125,2145,"RB associated KRAB zinc finger"
"MTERF1","7",456.565915255195,-0.50781601587908,0.144328323829427,-3.51847788712101,0.000434029986235642,0.0130241305795226,"DOWN",91692008,91880702,"-",38.4,380,NA,"mitochondrial transcription termination factor 1"
"KLHDC10","7",2766.14178704529,-0.523024056902777,0.17717316409616,-2.95205010065128,0.00315671707958582,0.0345996121225828,"DOWN",130070534,130135705,"+",40.13,6398,1329,"kelch domain containing 10"
"PURB","7",3612.76187088192,-0.523830191152484,0.172385502155634,-3.0387137236144,0.00237590510258108,0.0300228008417064,"DOWN",44876299,44885530,"-",41.41,9232,939,"purine rich element binding protein B"
"SNX13","7",3598.39953742072,-0.53836819830929,0.162318506105679,-3.31673948476817,0.000910744955967815,0.0182194189454405,"DOWN",17790761,17940501,"-",35.09,6357,2874,"sorting nexin 13"
"CUL1","7",3180.36676133619,-0.546580982729804,0.170801587828289,-3.20009310030125,0.0013738320232926,0.0221324924796558,"DOWN",148697914,148801110,"+",41.21,2857,2331,"cullin 1"
"POT1","7",646.20859760232,-0.573619968259423,0.194895805436518,-2.9432135133676,0.0032482430768052,0.0352792417756299,"DOWN",124822386,124929983,"-",34.37,3924,1905,"protection of telomeres 1"
"PHTF2","7",1020.1544237052,-0.584249188034301,0.15716159021123,-3.71750621286698,0.000201199040401852,0.00853982260855273,"DOWN",77798773,77957503,"+",37.66,4837,2256,"putative homeodomain transcription factor 2"
"BUD31","7",907.018505572276,-0.586400797637546,0.208420740441256,-2.81354339494262,0.00489987721872777,0.0447497767630093,"DOWN",99408641,99419616,"+",48.46,1139,435,"BUD31 homolog"
"SLC35B4","7",2282.2592657675,-0.591927874728953,0.209270000466734,-2.82853669139761,0.00467613404777948,0.0436753432849656,"DOWN",134289332,134316930,"-",40.4,6676,996,"solute carrier family 35 member B4"
"CNOT4","7",2754.05982994273,-0.601272802339326,0.185188489141608,-3.24681520501822,0.00116704138480265,0.0205879379524703,"DOWN",135361795,135510145,"-",37.19,3507,2133,"CCR4-NOT transcription complex subunit 4"
"VPS41","7",5214.9322725132,-0.601885128083112,0.199122797082643,-3.02268317290314,0.00250544401841375,0.0309324497342292,"DOWN",38722974,38932394,"-",38.35,5854,2565,"VPS41 subunit of HOPS complex"
"TRIM24","7",1859.52101134183,-0.609634154118776,0.201031176966614,-3.03253536748691,0.002425086774829,0.0303273778366155,"DOWN",138460259,138589996,"+",39.2,8488,3153,"tripartite motif containing 24"
"COG5","7",1768.0290637998,-0.613844452340343,0.119300160194441,-5.14537827392581,2.66982275983129e-07,0.000297833232557281,"DOWN",107201372,107564261,"-",37.09,4532,2427,"component of oligomeric golgi complex 5"
"ANKIB1","7",6491.60597377257,-0.631498877941123,0.207769768073691,-3.03941658016938,0.0023703683777391,0.0299841681924675,"DOWN",92245974,92401383,"+",36.83,6340,3270,"ankyrin repeat and IBR domain containing 1"
"ZNF680","7",1830.93522053578,-0.634036171710108,0.227025776632247,-2.79279375723562,0.00522549970690593,0.0462532136120045,"DOWN",64519878,64563075,"-",38.96,2993,1593,"zinc finger protein 680"
"MKRN1","7",3274.14813053061,-0.636465491731897,0.189030244316932,-3.36700348683243,0.000759897275356535,0.0167363446895809,"DOWN",140453033,140479536,"-",45.73,3094,1449,"makorin ring finger protein 1"
"CCDC126","7",425.89166480379,-0.642385688995486,0.232626944213224,-2.76144146228684,0.00575468316561164,0.0489220247039913,"DOWN",23597382,23644708,"+",41.98,2470,423,"coiled-coil domain containing 126"
"EIF2AK1","7",3944.37607660199,-0.648873767058296,0.219077634133771,-2.96184395830241,0.00305802719788185,0.0338998713857406,"DOWN",6022247,6059175,"-",44.67,4411,1893,"eukaryotic translation initiation factor 2 alpha kinase 1"
"GARS1","7",3603.23540305132,-0.659341329939043,0.224768842631796,-2.93341960664512,0.00335250463885125,0.0359732374424384,"DOWN",30580533,30634033,"+",38.92,2078,2019,"glycyl-tRNA synthetase 1"
"STEAP2","7",2336.07697781301,-0.661052657016978,0.237698743050931,-2.78105238812869,0.0054182992700212,0.047207127573751,"DOWN",90167590,90238137,"+",37.44,902,545,"STEAP2 metalloreductase"
"COPS6","7",2489.2101262224,-0.673410082867933,0.234430768705846,-2.87253284449577,0.00407195749363408,0.0402860430967889,"DOWN",100088969,100092187,"+",52.66,1171,NA,"COP9 signalosome subunit 6"
"SSBP1","7",1134.83740515009,-0.675142246602916,0.226491600381567,-2.98087101449023,0.00287429829124081,0.0328533924725663,"DOWN",141738334,141787922,"+",40.78,677,447,"single stranded DNA binding protein 1"
"EIF4H","7",5840.45974288233,-0.677025942379582,0.196988128496683,-3.43688702231101,0.00058844099723257,0.0148096086983007,"DOWN",74174231,74197122,"+",45.4,1797,687,"eukaryotic translation initiation factor 4H"
"AKR1B1","7",1909.24174556007,-0.677200178010692,0.216883565442348,-3.12241352464627,0.00179374792580519,0.025340880451825,"DOWN",134442356,134459284,"-",50.04,1361,951,"aldo-keto reductase family 1 member B"
"RUNDC3B","7",1012.2907441069,-0.689597362941393,0.196815808115917,-3.50377019784532,0.000458721026620943,0.0133541926227781,"DOWN",87627548,87832296,"+",35.67,582,NA,"RUN domain containing 3B"
"RAC1","7",7665.44728136531,-0.694143461816558,0.215701321162318,-3.21807700609402,0.00129053165097745,0.0213709680749873,"DOWN",6374527,6403967,"+",45.86,2309,579,"Rac family small GTPase 1"
"ZNF277","7",806.278615131868,-0.69634364949531,0.212419925653452,-3.27814656442045,0.00104491126165724,0.0194103101186191,"DOWN",112206695,112343934,"+",37.35,2580,1353,"zinc finger protein 277"
"SGCE","7",1754.21165029377,-0.697061598830805,0.211213826528828,-3.30026499820864,0.000965935728482701,0.0187647562482591,"DOWN",94524204,94656572,"-",35.35,903,NA,"sarcoglycan epsilon"
"CBX3","7",2301.07532605825,-0.698013978234827,0.234572664019324,-2.97568338217502,0.00292336508991152,0.0331013614534644,"DOWN",26201162,26213607,"+",41.37,2128,552,"chromobox 3"
"CROT","7",376.367424120503,-0.69878036949224,0.237735522754303,-2.9393182869622,0.00328935088239107,0.0355116997304623,"DOWN",87345664,87399794,"+",37.43,3205,1839,"carnitine O-octanoyltransferase"
"PMS2","7",1374.79833867902,-0.709343716360016,0.232360327339606,-3.05277464738322,0.00226736140109924,0.029169363216482,"DOWN",5970925,6009130,"-",45.29,5093,2589,"PMS1 homolog 2, mismatch repair system component"
"PPIA","7",5497.70646566971,-0.728009016857996,0.255421335191912,-2.85022790406684,0.00436879126404883,0.0420467908922742,"DOWN",44796680,44824564,"+",47.06,570,NA,"peptidylprolyl isomerase A"
"PALS2","7",4639.66661764145,-0.731727787601383,0.220172879261819,-3.32342380248953,0.000889197114024776,0.0180026750675546,"DOWN",24573268,24694193,"+",35.88,982,651,"protein associated with LIN7 2, MAGUK p55 family member"
"VKORC1L1","7",2248.4124787315,-0.754140140413003,0.257909148972185,-2.92405346385884,0.00345505398746696,0.0364748737411068,"DOWN",65873074,65959563,"+",41.25,6000,672,"vitamin K epoxide reductase complex subunit 1 like 1"
"VPS50","7",2005.69425190774,-0.762613998081965,0.235165350832121,-3.24288418928849,0.00118326297577786,0.0206481950448509,"DOWN",93232340,93361123,"+",34.82,1193,984,"VPS50 subunit of EARP/GARPII complex"
"KLHL7","7",1779.7230519262,-0.767194654994188,0.213931932095694,-3.58616241847905,0.000335579995271482,0.01135152135054,"DOWN",23105758,23177914,"+",38.72,616,NA,"kelch like family member 7"
"PMPCB","7",1965.84625257471,-0.768881232907497,0.164826926388765,-4.66477929154607,3.0894845634803e-06,0.00093922389999178,"DOWN",103297407,103331818,"+",38.66,2425,1428,"peptidase, mitochondrial processing subunit beta"
"ITGB8","7",11122.0971710437,-0.779875847908393,0.212908465225121,-3.6629630817346,0.000249314482447716,0.00980474808533409,"DOWN",20330702,20415754,"+",37.44,3420,1905,"integrin subunit beta 8"
"THAP5","7",1613.63253659009,-0.794999459489289,0.25220703573739,-3.1521700303281,0.00162061873832758,0.0241803114159105,"DOWN",108554543,108569750,"-",39.2,425,NA,"THAP domain containing 5"
"JAZF1","7",1082.29684133146,-0.802245891940568,0.248710137774711,-3.22562602038871,0.00125697484811776,0.0212002745303878,"DOWN",27830573,28180795,"-",41.44,2919,692,"JAZF zinc finger 1"
"DUS4L","7",85.8687335628652,-0.808232048128694,0.290027961540293,-2.78673836769496,0.00532414452039473,0.0467510760294838,"DOWN",107563484,107578523,"+",37.87,491,NA,"dihydrouridine synthase 4 like"
"RHEB","7",1820.42352456555,-0.812844972280007,0.235913127254572,-3.44552667220961,0.000569947717209676,0.0145940142505095,"DOWN",151466012,151520120,"-",42,2046,555,"Ras homolog, mTORC1 binding"
"ELAPOR2","7",2453.50680320704,-0.8324094336124,0.296286691724748,-2.80947290871138,0.00496226953359393,0.0449335271207423,"DOWN",86876906,87059654,"-",37.29,6796,3090,"endosome-lysosome associated apoptosis and autophagy regulator family member 2"
"CCT6A","7",3560.28089679032,-0.83738165569804,0.267396469022633,-3.13161074549254,0.00173850204538069,0.0249324978855859,"DOWN",56051685,56063989,"+",41.19,2584,1596,"chaperonin containing TCP1 subunit 6A"
"DLD","7",2372.37717092918,-0.842505313524134,0.285875109080574,-2.94710972296184,0.00320759366023681,0.0349904105658864,"DOWN",107891162,107931730,"+",36.56,483,NA,"dihydrolipoamide dehydrogenase"
"MDH2","7",4832.08751097419,-0.852941617738398,0.267787788735082,-3.18514007590614,0.0014468395694738,0.022698563975204,"DOWN",76048051,76067508,"+",50.93,648,87,"malate dehydrogenase 2"
"ACTR3B","7",1855.4955420721,-0.856978714172272,0.28402545802879,-3.01726021364397,0.00255070752065009,0.0311787799692427,"DOWN",152759749,152855378,"+",43.36,1566,1047,"actin related protein 3B"
"NRCAM","7",22711.5547511457,-0.862910485187005,0.29015294015209,-2.97398497749047,0.00293959466272946,0.0332073967831736,"DOWN",108147623,108456717,"-",39,2835,NA,"neuronal cell adhesion molecule"
"RHBDD2","7",7461.44748083517,-0.870619618557375,0.309519804826964,-2.81280746814923,0.00491110466619841,0.0447497767630093,"DOWN",75842602,75888926,"+",47.79,566,NA,"rhomboid domain containing 2"
"ANKMY2","7",1123.98565483471,-0.883818253875494,0.258782931791002,-3.41528804762628,0.000637145943331419,0.0153028915446015,"DOWN",16599779,16645817,"-",38.01,2489,1326,"ankyrin repeat and MYND domain containing 2"
"CAPZA2","7",3989.89055517285,-0.888157736435405,0.284326897630802,-3.12372042123386,0.00178580051492556,0.0253025021991737,"DOWN",116811070,116922049,"+",38.99,164,103,"capping actin protein of muscle Z-line subunit alpha 2"
"AMPH","7",6748.84274916395,-0.916050063770398,0.309912171714595,-2.95583764491189,0.00311821184484987,0.0343592294996278,"DOWN",38383704,38631420,"-",39.13,3145,1962,"amphiphysin"
"TMEM60","7",90.1460480718063,-0.916900965600617,0.244471191774068,-3.75054810731231,0.000176448446832959,0.00805816257775346,"DOWN",77793728,77798434,"-",42.07,877,402,"transmembrane protein 60"
"YWHAG","7",43587.5668438528,-0.917320510211163,0.304601502171609,-3.01154296243212,0.00259923618328038,0.0313914541621659,"DOWN",76326799,76358991,"-",44.52,3705,744,"tyrosine 3-monooxygenase/tryptophan 5-monooxygenase activation protein gamma"
"PNPLA8","7",2605.47383292551,-0.923587497349047,0.236129907309834,-3.91135332186946,9.17803894805295e-05,0.0058388610065983,"DOWN",108470417,108569666,"-",37.75,4569,2349,"patatin like phospholipase domain containing 8"
"TAX1BP1","7",6600.06644917244,-0.936336207749708,0.233010166309523,-4.01843500041072,5.85859654346908e-05,0.00449883296461088,"DOWN",27739331,27844564,"+",36.81,641,414,"Tax1 binding protein 1"
"CBLL1","7",1282.05851658023,-0.968793883749823,0.25752069336081,-3.76200402036217,0.000168557337713357,0.00782481337799471,"DOWN",107743073,107761667,"+",37.16,4030,1512,"Cbl proto-oncogene like 1"
"SLC25A40","7",695.008336637715,-0.979962921464249,0.309754684223686,-3.16367426023033,0.00155791054893421,0.023772633776986,"DOWN",87833568,87876360,"-",35.47,4056,1017,"solute carrier family 25 member 40"
"PTPRZ1","7",20507.3113729381,-0.983489900937208,0.261239027528436,-3.76471276226197,0.000166740642482602,0.0077703067034378,"DOWN",121873089,122062036,"+",35.6,5633,4485,"protein tyrosine phosphatase receptor type Z1"
"SBDS","7",4010.25297564175,-0.993211725510708,0.339520919596227,-2.92533292703106,0.0034408788451282,0.0364044960306713,"DOWN",66987680,66995693,"-",43.01,1613,753,"SBDS ribosome maturation factor"
"ARPC1A","7",627.731573522118,-0.994293636811776,0.29584767915648,-3.3608295986864,0.000777087516814447,0.0168781285964301,"DOWN",99325898,99366262,"+",45.22,1582,1113,"actin related protein 2/3 complex subunit 1A"
"DGKB","7",4653.85173166684,-1.00052166087115,0.319618998481665,-3.13035728671974,0.00174593810283602,0.0250013374512682,"DOWN",14145049,14974777,"-",35.02,6917,2415,"diacylglycerol kinase beta"
"SYPL1","7",913.662637683805,-1.00192121939785,0.318597447421628,-3.14478734059634,0.00166207600531525,0.0244966302648109,"DOWN",106090505,106112589,"-",38.19,2130,726,"synaptophysin like 1"
"SDHAF3","7",210.000561821004,-1.01023747105821,0.342926472331954,-2.94593025784342,0.00321984990263757,0.0350717404187678,"DOWN",97117698,97181763,"+",38.5,952,378,"succinate dehydrogenase complex assembly factor 3"
"TFEC","7",202.196669985267,-1.02006754115399,0.351865783042812,-2.89902454377007,0.00374325590946387,0.0382001634710097,"DOWN",115935148,116159896,"-",35,6646,1044,"transcription factor EC"
"SMIM30","7",296.85227256597,-1.02708984796448,0.321284517047931,-3.19682335582716,0.00138949989706065,0.0222117941244607,"DOWN",113116718,113118560,"-",36.68,1011,180,"small integral membrane protein 30"
"NDUFA5","7",3836.62379210922,-1.03192248211452,0.337760525468392,-3.05518971076768,0.00224918202249838,0.0290591433740095,"DOWN",123536997,123557904,"-",35.56,5608,351,"NADH:ubiquinone oxidoreductase subunit A5"
"TMEM106B","7",4933.08304364373,-1.05023533824134,0.312364174207249,-3.36221444378742,0.000773200515878284,0.0168474123216506,"DOWN",12211270,12243367,"+",34.58,1492,315,"transmembrane protein 106B"
"SEC61G","7",440.812410130474,-1.05553761100162,0.351908613487456,-2.9994651183474,0.00270454089770856,0.031861678593268,"DOWN",54752250,54759974,"-",39.24,459,207,"SEC61 translocon subunit gamma"
"DNAJB9","7",1197.31159852775,-1.0595861942825,0.29446199885318,-3.59838009118051,0.000320205421864584,0.0111074202493316,"DOWN",108569867,108574850,"+",37.18,584,NA,"DnaJ heat shock protein family (Hsp40) member B9"
"ENSG00000270953","7",358.792885527319,-1.06473453237547,0.373765250117648,-2.84867181216106,0.00439021415213248,0.0421690704858921,"DOWN",130507660,130508282,"+",40.77,623,NA,"novel transcript, antisense to COPG2"
"SKAP2","7",1491.37242895735,-1.08107853862284,0.303931640809492,-3.55697924619989,0.000375143780824408,0.0121299832660683,"DOWN",26667068,26995239,"-",36.94,3839,1080,"src kinase associated phosphoprotein 2"
"TMEM209","7",617.373779000685,-1.08140892313314,0.333795025698687,-3.23973948044786,0.0011963895395413,0.020735516529037,"DOWN",130164713,130207770,"-",37.56,3455,1686,"transmembrane protein 209"
"SNX10","7",2073.94944953507,-1.1049874672618,0.39538692285155,-2.79469907424499,0.00519480458207197,0.0460394077031853,"DOWN",26291862,26374383,"+",42.67,2665,606,"sorting nexin 10"
"ZNF92","7",685.168706337806,-1.1604420521645,0.299328337793836,-3.87681988520501,0.000105830642203072,0.00628899241357125,"DOWN",65373799,65401136,"+",39.16,3165,1761,"zinc finger protein 92"
"TSPAN13","7",1318.13658875972,-1.24661264209738,0.357703019833644,-3.48504925308469,0.000492046461133566,0.0137420735669474,"DOWN",16753755,16784536,"+",39.01,1873,615,"tetraspanin 13"
"JAZF1-AS1","7",99.4497012917974,-1.27658014558003,0.311681023344511,-4.09579040739027,4.20730447565841e-05,0.00385446462304069,"DOWN",28180322,28243917,"+",41.04,3748,NA,"JAZF1 antisense RNA 1"
"EIF4HP1","7",224.15557648345,-1.28597583254935,0.390234979867479,-3.2953884169637,0.00098285727285601,0.0189114405632671,"DOWN",27458163,27458849,"-",53.57,687,NA,"eukaryotic translation initiation factor 4H pseudogene 1"
"SEMA3D","7",1065.5563397809,-1.38100075336566,0.410962829427454,-3.36040306927429,0.000778288354013489,0.0168781285964301,"DOWN",84995553,85187056,"-",34.17,6772,2334,"semaphorin 3D"
"CBLL1-AS1","7",123.612901330676,-1.44449708770099,0.43591560451264,-3.31370814154718,0.000920675538244046,0.0183573442439988,"DOWN",107739999,107744601,"-",44.47,3516,NA,"CBLL1 antisense RNA 1"
"RPL32P18","7",48.8000338685356,-1.5027914431359,0.545338190352973,-2.75570548646742,0.00585657044197371,0.0493371691778391,"DOWN",44467897,44468304,"+",50.49,408,NA,"ribosomal protein L32 pseudogene 18"
"CPVL","7",725.535357268687,-1.54289577085489,0.535826050170162,-2.87947137016746,0.00398342463523731,0.0397517645902937,"DOWN",28995235,29195451,"-",41,2087,1431,"carboxypeptidase vitellogenic like"
"FER1L6","8",64.9627670312761,3.08414729350597,0.82823907174093,3.72374040145583,0.000196292769024963,0.00848213694411366,"UP",123851987,124120061,"+",41.6,6051,5574,"fer-1 like family member 6"
"ENSG00000271959","8",24.9649084858404,2.99743354441424,0.866512569670606,3.45919222562885,0.000541798084131475,0.0142822254367668,"UP",141433946,141437958,"+",63.42,2961,NA,"novel transcript, antisense to MROH5"
"ENSG00000255456","8",16.329643666913,2.48267948117878,0.755693414221981,3.28529987751025,0.00101873882751129,0.0192193582544368,"UP",144584040,144586488,"+",53.53,398,NA,"novel transcript, antisense to ARHGAP39"
"FAM83H","8",455.687747139759,2.12855311968473,0.389577370085091,5.46374939391323,4.66181545686655e-08,0.000106261826243842,"UP",143723933,143738234,"-",64.47,5632,3540,"family with sequence similarity 83 member H"
"ENSG00000280035","8",64.9051338762191,2.06945497871015,0.653770673588563,3.16541420763165,0.00154862323066303,0.0236907030087389,"UP",141224288,141226947,"-",56.32,2660,NA,"TEC"
"ENSG00000286337","8",30.5186117977638,1.95261268260903,0.624873785364857,3.12481132724894,0.00177919136995373,0.0252564777338649,"UP",103319392,103320106,"-",42.8,617,NA,"novel transcript, antisense to FZD6"
"ALG1L11P","8",24.1833386167623,1.85888302554729,0.512387039961027,3.62788845262104,0.000285748660149219,0.0105192041010183,"UP",12178697,12182719,"+",52.82,450,NA,"ALG1 like 11, pseudogene"
"ENSG00000275427","8",172.327430737544,1.81728570347576,0.499621398948022,3.63732559754675,0.000275483601406965,0.0103400291542457,"UP",1296034,1302607,"-",52.07,3049,NA,"novel transcript"
"SPATC1","8",38.1251811449362,1.70827301157684,0.496698961641536,3.43925223022651,0.000583323471829283,0.0147421750153219,"UP",144012280,144047114,"+",51.34,2170,1776,"spermatogenesis and centriole associated 1"
"SCX","8",107.39706844156,1.6207103095488,0.555281793386256,2.91871681883404,0.0035147535371961,0.036831815013269,"UP",144266453,144268481,"+",68.16,1106,606,"scleraxis bHLH transcription factor"
"SBF1P1","8",136.244731723512,1.61734179174744,0.525944006314873,3.07512163334583,0.00210416721796612,0.0279724723872235,"UP",55449509,55455139,"-",60.74,5631,NA,"SET binding factor 1 pseudogene 1"
"ENSG00000235683","8",73.3121692623444,1.60548167266775,0.482596323972927,3.32675901766258,0.000878623207247941,0.0179176904641642,"UP",99695957,99698017,"+",56.23,2061,NA,"leucine zipper-EF-hand containing transmembrane protein 1 (LETM1) pseudogene"
"SMPD5","8",107.807645202517,1.58701143299256,0.321734129676573,4.93267977067875,8.11090710894904e-07,0.000490425998342604,"UP",144049079,144051203,"+",70.49,1374,NA,"sphingomyelin phosphodiesterase 5 (pseudogene)"
"SCRT1","8",1579.22964060515,1.55101472675011,0.360360518870529,4.30406397352135,1.67693205862223e-05,0.00248823796133971,"UP",144330565,144336482,"-",66.53,3980,1047,"scratch family transcriptional repressor 1"
"FAM90A25P","8",113.191217500856,1.5238579068915,0.368978178378257,4.12994045769643,3.6285719810799e-05,0.00371803626852041,"UP",12415080,12418090,"-",57.19,1395,NA,"family with sequence similarity 90 member A25, pseudogene"
"RECQL4","8",349.714005121752,1.48103355168734,0.423862476492451,3.49413697561339,0.000475596935069043,0.013610595132838,"UP",144511288,144517845,"-",65.51,3819,3627,"RecQ like helicase 4"
"FAM90A2P","8",49.4992979341477,1.42286240888928,0.51147553627276,2.78187773995606,0.00540453956162472,0.0471346580545868,"UP",12172761,12175771,"-",57.26,1395,NA,"family with sequence similarity 90 member A2, pseudogene"
"PTP4A3","8",465.360036110441,1.39779196159236,0.418111507396244,3.34310808687615,0.000828456243465524,0.0174235153951801,"UP",141391995,141432454,"+",62.4,1866,447,"protein tyrosine phosphatase 4A3"
"GPT","8",295.766155337994,1.28703324905638,0.388584534722824,3.31210620611656,0.000925963857974346,0.0183869966083477,"UP",144502973,144507174,"+",68.44,1822,1491,"glutamic--pyruvic transaminase"
"ENSG00000254936","8",117.225719537042,1.2739897562923,0.380244622540783,3.3504477927381,0.000806810165042124,0.0172269988854278,"UP",11123381,11126064,"-",43.59,1741,NA,"novel transcript"
"ENSG00000283674","8",446.507970107429,1.25095547286291,0.319913179856768,3.91029676683838,9.21827937590544e-05,0.0058388610065983,"UP",12459075,12665661,"-",45.24,4514,NA,"novel transcript"
"WDR97","8",351.062668032909,1.19405572279213,0.314101258326349,3.80149932908425,0.000143823128327246,0.00705579347205432,"UP",144107726,144118328,"+",63.49,7119,2514,"WD repeat domain 97"
"KIFC2","8",4549.3366905773,1.19232767037383,0.357717931633217,3.33315040968195,0.000858685077057391,0.0176700747866807,"UP",144466043,144474202,"+",63.6,3646,NA,"kinesin family member C2"
"ZFP41","8",572.614027188011,1.17229373858562,0.310754460176566,3.77241162659273,0.000161677239148741,0.0076224672632582,"UP",143246821,143262705,"+",57.2,3284,597,"ZFP41 zinc finger protein"
"FBXL6","8",243.090959608121,1.17147976501898,0.336909073585515,3.47713925467084,0.000506794526164619,0.0139326694000631,"UP",144355431,144359376,"-",66.45,2007,NA,"F-box and leucine rich repeat protein 6"
"FAM86B1","8",204.413832872503,1.13935916781096,0.278077295124132,4.09727506628098,4.18042050097522e-05,0.00385446462304069,"UP",12182096,12194133,"-",53.66,2258,210,"family with sequence similarity 86 member B1"
"MROH6","8",142.244177560529,1.10528207470014,0.376317329231229,2.93710118786744,0.00331295985621407,0.0356755329841467,"UP",143566192,143572772,"-",67.04,2312,NA,"maestro heat like repeat family member 6"
"ADGRA2","8",1102.00545486134,1.09628542554567,0.271531976567515,4.03740818817738,5.40449852434603e-05,0.00431396703992848,"UP",37784191,37844896,"+",55.25,571,571,"adhesion G protein-coupled receptor A2"
"MTUS1-DT","8",93.0668854872805,1.06087281345534,0.376590130595779,2.81704890082223,0.00484671456706824,0.0445882991704498,"UP",17801345,17861069,"+",38.68,510,NA,"MTUS1 divergent transcript"
"TONSL","8",365.822295146796,1.05446048375551,0.306737785309949,3.43766087601505,0.000586762052166578,0.0147827364517717,"UP",144428775,144444440,"-",62.9,6607,NA,"tonsoku like, DNA repair protein"
"PPP1R16A","8",1054.25330834137,1.04076896355097,0.266976137012435,3.8983595133167,9.68465605275208e-05,0.00601060469448186,"UP",144477969,144502121,"+",57.4,4311,NA,"protein phosphatase 1 regulatory subunit 16A"
"TSNARE1","8",1053.68022678024,1.03942537334885,0.283616384472748,3.66489889249938,0.000247436314199674,0.00979459033589742,"UP",142212080,142403182,"-",55.69,1905,1542,"t-SNARE domain containing 1"
"ENSG00000288076","8",81.2604360781088,1.0391891884588,0.365470410057151,2.84342907075924,0.00446309420875194,0.0425838630523313,"UP",6572571,6576219,"-",43.41,3275,NA,"novel transcript, antisense to MCPH1"
"SCRIB","8",4875.13278043667,0.966434904098477,0.209839953631848,4.60558100291058,4.1131583476075e-06,0.00106954583452068,"UP",143790920,143815773,"-",62.82,5143,4893,"scribble planar cell polarity protein"
"ADGRB1","8",5868.66071780923,0.934327347881493,0.276203769757045,3.38274654507195,0.000717648302141736,0.0161912703690299,"UP",142449430,142545009,"+",62.67,6232,4746,"adhesion G protein-coupled receptor B1"
"ZNF517","8",639.590374632628,0.93014461810944,0.24251475125953,3.83541460170411,0.000125352656970368,0.00674219225283056,"UP",144798876,144811169,"+",56.18,2536,1479,"zinc finger protein 517"
"TIGD5","8",646.460387577345,0.929376070248492,0.271636166216641,3.4214003355771,0.000622995538744726,0.0151748814336354,"UP",143597831,143603224,"+",64.52,5394,1929,"tigger transposable element derived 5"
"RN7SL396P","8",3698.48721944366,0.890904364861542,0.321818402360155,2.76834499931582,0.00563417786681595,0.0483639481441647,"UP",119862662,119862956,"+",56.27,295,NA,"RNA, 7SL, cytoplasmic 396, pseudogene"
"RN7SL329P","8",190.92093384043,0.890896927728398,0.317908606430667,2.80236806965053,0.00507289602628184,0.0455092964731649,"UP",125270604,125270902,"+",52.84,299,NA,"RNA, 7SL, cytoplasmic 329, pseudogene"
"PLEC","8",75212.7314512809,0.860979621212703,0.181675570228678,4.73910509888023,2.14664149197697e-06,0.000926633269201223,"UP",143915153,143976734,"-",63.62,14804,13644,"plectin"
"GLI4","8",387.629640540426,0.842267851299857,0.294459937056044,2.8603818221273,0.00423131223769273,0.0412142123497323,"UP",143267433,143276931,"+",64.03,585,NA,"GLI family zinc finger 4"
"C8orf82","8",650.817722840769,0.836259095165878,0.200910795042637,4.16234028135923,3.15002464307439e-05,0.003598579904622,"UP",144525733,144529132,"-",67.88,2455,651,"chromosome 8 open reading frame 82"
"ARHGAP39","8",3119.19585234902,0.812450570378236,0.26396296512198,3.07789606016433,0.00208467612728246,0.0277643044132453,"UP",144529179,144685846,"-",52.35,4697,3252,"Rho GTPase activating protein 39"
"DGAT1","8",1118.12088151095,0.796071108437396,0.228918619986663,3.47752886367993,0.00050605856186442,0.0139326694000631,"UP",144314584,144326910,"-",63.02,3653,1467,"diacylglycerol O-acyltransferase 1"
"ZNF696","8",757.267764364548,0.790310161348459,0.255930929786104,3.08798222242605,0.00201520525842956,0.0273391408784413,"UP",143289676,143299952,"+",56.65,576,337,"zinc finger protein 696"
"MFSD3","8",505.280646721521,0.741310762474195,0.217965836650878,3.40104107076915,0.000671297412496041,0.0156794299614909,"UP",144509070,144511213,"+",66.98,1552,1239,"major facilitator superfamily domain containing 3"
"LRRC14","8",1224.59975051116,0.636154290025575,0.171418164908484,3.71112530789956,0.000206339923031878,0.0087082139390573,"UP",144517992,144525172,"+",63.18,978,903,"leucine rich repeat containing 14"
"JRK","8",1744.22384706156,0.604657687918039,0.206159819275658,2.93295604372618,0.00335751423563596,0.0360110152120139,"UP",142657460,142681968,"-",56.58,8932,1707,"Jrk helix-turn-helix protein"
"TOP1MT","8",912.161251947356,0.582023550684308,0.199336619912439,2.91980244743775,0.00350253340134992,0.0367674795334415,"UP",143304384,143359979,"-",54.3,892,334,"DNA topoisomerase I mitochondrial"
"CHD7","8",5198.28497415933,0.527523791989049,0.188215641476883,2.80276276641885,0.00506669236265163,0.0454908610600378,"UP",60678740,60868028,"+",39.99,11606,8994,"chromodomain helicase DNA binding protein 7"
"SORBS3","8",2871.0712127651,0.522752574332073,0.174370058020314,2.99794919074451,0.00271802983545006,0.0319738665370599,"UP",22544986,22575788,"+",55.84,718,NA,"sorbin and SH3 domain containing 3"
"UTP23","8",862.595221021253,-0.524203216935288,0.176259778905255,-2.97403764030058,0.00293909019604013,0.0332073967831736,"DOWN",116766505,116849463,"+",40.03,833,243,"UTP23 small subunit processome component"
"NCOA2","8",5961.1176831407,-0.542660695624031,0.175735161098645,-3.08794604467014,0.00201545059895232,0.0273391408784413,"DOWN",70109782,70403808,"-",38.24,8430,4395,"nuclear receptor coactivator 2"
"VIRMA","8",3013.88475356299,-0.54797196020563,0.19223033556298,-2.85060086172558,0.00436367081310927,0.042036119307476,"DOWN",94487689,94553529,"-",38.74,6478,5439,"vir like m6A methyltransferase associated"
"PEX2","8",911.243651875499,-0.554942421487736,0.185282693728182,-2.99511201138873,0.00274344075931627,0.0320774389323276,"DOWN",76980258,77001044,"-",38.37,4169,918,"peroxisomal biogenesis factor 2"
"TNKS","8",7194.05168718415,-0.56179929273201,0.191655478164459,-2.93129785859776,0.00337548963778457,0.0360613505416637,"DOWN",9555912,9782346,"+",37.08,9622,3984,"tankyrase"
"NUDCD1","8",741.58298959199,-0.569482787837151,0.17558341859733,-3.24337453038865,0.00118122823995825,0.0206481950448509,"DOWN",109240919,109334121,"-",36.54,3919,1752,"NudC domain containing 1"
"PCMTD1","8",2382.7692160229,-0.593379220392951,0.153803312479915,-3.85803927643262,0.000114300283336217,0.00649138544825402,"DOWN",51817575,51899186,"-",36.74,4252,1074,"protein-L-isoaspartate (D-aspartate) O-methyltransferase domain containing 1"
"POLB","8",539.50711804398,-0.594017213446207,0.191709064937817,-3.09853482222597,0.00194480113769287,0.026695210168127,"DOWN",42338454,42371808,"+",40.44,675,115,"DNA polymerase beta"
"XPO7","8",4514.36686334814,-0.595800060902175,0.166421218461495,-3.58007269992452,0.000343498626483618,0.0115067282273307,"DOWN",21919662,22006585,"+",39.92,4870,3264,"exportin 7"
"ZNF706","8",3410.32701607671,-0.600673657174744,0.167959002753949,-3.5763111671644,0.000348476827836512,0.0115667580825258,"DOWN",101177878,101206193,"-",40.04,782,231,"zinc finger protein 706"
"ERI1","8",447.176008452192,-0.605297600833673,0.178238284929749,-3.39600216122056,0.000683778196722275,0.015831216622877,"DOWN",9002147,9116746,"+",41.64,540,NA,"exoribonuclease 1"
"TTI2","8",321.43967395977,-0.611167788533524,0.213879526969917,-2.85753291674096,0.00426948348629044,0.0414372903689489,"DOWN",33473386,33513185,"-",43.01,1671,NA,"TELO2 interacting protein 2"
"TRAM1","8",1931.9196580043,-0.65395974670798,0.223556646264729,-2.92525298457726,0.00344176297285376,0.0364044960306713,"DOWN",70573218,70608416,"-",38.27,3394,867,"translocation associated membrane protein 1"
"RB1CC1","8",7217.14728289668,-0.670298197120197,0.192842705154856,-3.47588049328563,0.000509179128598778,0.0139362545671928,"DOWN",52622458,52745843,"-",37.73,6636,4785,"RB1 inducible coiled-coil 1"
"ADAM9","8",3318.6219303093,-0.684104022435007,0.229642268911454,-2.97899870819856,0.00289191997491053,0.0329782970955638,"DOWN",38996754,39105445,"+",37.5,4538,1602,"ADAM metallopeptidase domain 9"
"UBE2W","8",1580.74992140662,-0.686366798324579,0.198502656989232,-3.45772096321014,0.000544765301876772,0.0142903401205983,"DOWN",73780097,73878910,"-",39.29,850,467,"ubiquitin conjugating enzyme E2 W"
"ASH2L","8",1891.50426539432,-0.689976870775054,0.230718929106899,-2.9905516354723,0.00278474043791039,0.0323184895543669,"DOWN",38105493,38144076,"+",42.86,2808,1470,"ASH2 like, histone lysine methyltransferase complex subunit"
"LEPROTL1","8",1469.01908837379,-0.695409745732615,0.244087502015589,-2.84901824136904,0.00438543660060999,0.0421399164173036,"DOWN",30095408,30177208,"+",42.61,3163,396,"leptin receptor overlapping transcript like 1"
"IMPA1","8",1075.43012799462,-0.70086117405075,0.168410654204664,-4.16162016210101,3.1599764719183e-05,0.003598579904622,"DOWN",81656914,81686331,"-",37.43,3369,834,"inositol monophosphatase 1"
"ELOC","8",717.528474593047,-0.701165710040565,0.235152533613991,-2.98174848156877,0.00286607356978212,0.0328058946326315,"DOWN",73939169,73972307,"-",41.21,2780,198,"elongin C"
"MTMR7","8",1696.16439824604,-0.710768970433583,0.243719075511644,-2.91634525915319,0.00354158351499262,0.0370487624972368,"DOWN",17296794,17413528,"-",40.26,5110,1983,"myotubularin related protein 7"
"MTERF3","8",296.363128802813,-0.716751726984661,0.255099085626599,-2.80969931830256,0.00495878035165686,0.0449187496573681,"DOWN",96239398,96261610,"-",38.81,1529,1086,"mitochondrial transcription termination factor 3"
"RPS20","8",9632.38583776719,-0.723755238598833,0.219856892601999,-3.29193790575867,0.000994995778652721,0.0190236900414978,"DOWN",56067254,56074510,"-",41.73,712,411,"ribosomal protein S20"
"YTHDF3","8",2771.01812053713,-0.737349045776908,0.193104219490278,-3.8183994514632,0.00013432030973254,0.00689474145059678,"DOWN",63168553,63212786,"+",37.56,5076,1605,"YTH N6-methyladenosine RNA binding protein F3"
"MRPL13","8",305.820502858656,-0.743836285853502,0.253050552557724,-2.93947702676454,0.0032876664211722,0.0355116997304623,"DOWN",120380761,120445402,"-",35.86,703,144,"mitochondrial ribosomal protein L13"
"DPY19L4","8",1282.64944931638,-0.746068262465646,0.245591921675449,-3.03783714617282,0.00238282689776341,0.0300474720277924,"DOWN",94719703,94793836,"+",40.06,680,384,"dpy-19 like 4"
"CYRIB","8",2561.49642594712,-0.746339548191527,0.240414594581328,-3.10438536184231,0.00190674802955301,0.0263824987658862,"DOWN",129839593,130017504,"-",42.06,3798,975,"CYFIP related Rac1 interactor B"
"TMEM68","8",435.234769460638,-0.748930846068,0.209287889676679,-3.57847196617537,0.000345608930641244,0.0115411528613267,"DOWN",55696424,55773407,"-",38.91,726,204,"transmembrane protein 68"
"EIF3E","8",3227.96929784284,-0.752526115671515,0.238070403693046,-3.16093938598843,0.00157261220232862,0.0238570151044278,"DOWN",108162787,108443496,"-",37,4044,1524,"eukaryotic translation initiation factor 3 subunit E"
"BAG4","8",3143.83940844694,-0.754694781166071,0.274413226987779,-2.75021284305542,0.00595565659954704,0.049822100728572,"DOWN",38176533,38213301,"+",41.83,530,NA,"BAG cochaperone 4"
"AGPAT5","8",2250.41277455065,-0.765223979630261,0.255833354246739,-2.9911032589294,0.00277971481198123,0.0322756516767057,"DOWN",6708642,6761503,"+",38.19,5237,1095,"1-acylglycerol-3-phosphate O-acyltransferase 5"
"DERL1","8",1227.89082974523,-0.769462919602085,0.215799552631917,-3.56563723241138,0.000362973166495342,0.0118473265922488,"DOWN",123013170,123042302,"-",41.15,3213,756,"derlin 1"
"EIF3H","8",4039.70775003814,-0.777291092754102,0.277100193859639,-2.8050903968253,0.00503024700475471,0.0453458557207595,"DOWN",116642130,116766925,"-",37.79,3961,1059,"eukaryotic translation initiation factor 3 subunit H"
"VCPIP1","8",4283.61135824467,-0.779469593425007,0.246044327059302,-3.16800473614308,0.00153489020005373,0.0235471692789819,"DOWN",66628487,66667231,"-",39.76,9956,3669,"valosin containing protein interacting protein 1"
"UBXN2B","8",1993.96651001405,-0.781646191598103,0.245107356497796,-3.18899523362585,0.00142768231632712,0.0225488854764435,"DOWN",58411359,58451501,"+",37.95,717,NA,"UBX domain protein 2B"
"UBE2V2","8",1993.2569780005,-0.789504112558731,0.281403571567703,-2.80559378887906,0.00502239627972216,0.045316720993366,"DOWN",48008415,48064708,"+",42.29,918,NA,"ubiquitin conjugating enzyme E2 V2"
"NBN","8",2447.26080883008,-0.808495342416028,0.222923111866918,-3.62679013245916,0.000286966344829764,0.0105479757082867,"DOWN",89924515,90003228,"-",37,3251,2265,"nibrin"
"TEX15","8",461.013948009034,-0.811200459911152,0.248789305286578,-3.26059216643874,0.00111179827419488,0.0200223030973026,"DOWN",30831544,30913008,"-",36.72,11341,9531,"testis expressed 15, meiosis and synapsis associated"
"ANKRD46","8",1844.39665208959,-0.819892125118144,0.282449114404057,-2.90279587828782,0.00369847610623957,0.0379074099645699,"DOWN",100509752,100559784,"-",39.74,1686,699,"ankyrin repeat domain 46"
"CNOT7","8",2547.0328676675,-0.82420873555068,0.266975365063736,-3.08720894661541,0.00202045522339655,0.0273776876944317,"DOWN",17224966,17246878,"-",36.74,6890,858,"CCR4-NOT transcription complex subunit 7"
"UQCRB","8",4777.6555211581,-0.833278253874554,0.27976017017281,-2.97854499216179,0.00289620505558837,0.0329782970955638,"DOWN",96222947,96235546,"-",38.71,8459,336,"ubiquinol-cytochrome c reductase binding protein"
"RRM2B","8",2251.13407061592,-0.843149053296946,0.294283003099342,-2.86509599405006,0.00416882846815948,0.0409201645011791,"DOWN",102204502,102238961,"-",37.81,4774,1056,"ribonucleotide reductase regulatory TP53 inducible subunit M2B"
"ARMC1","8",1929.62945718912,-0.847033597527325,0.271558982049502,-3.1191514680701,0.00181372697040782,0.0255250810453002,"DOWN",65602458,65634217,"-",42.61,3000,849,"armadillo repeat containing 1"
"OTUD6B-AS1","8",1640.12569133473,-0.865561946213904,0.267430329444154,-3.23658856500288,0.00120967682715192,0.0208088504562562,"DOWN",91059318,91070583,"-",35.85,4935,NA,"OTUD6B antisense RNA 1 (head to head)"
"AZIN1","8",6792.81352099912,-0.86831965762376,0.312058140255889,-2.78255730458348,0.00539323400947447,0.0471075325941313,"DOWN",102826111,102893864,"-",40.79,4317,1347,"antizyme inhibitor 1"
"PPP2CB","8",6033.98393645838,-0.872037159222659,0.223252993239374,-3.90604912646188,9.38174464979362e-05,0.00587841647927224,"DOWN",30774457,30814314,"-",41.95,448,157,"protein phosphatase 2 catalytic subunit beta"
"GSR","8",2134.11709729034,-0.881584558759765,0.231718314885144,-3.80455277864739,0.000142060620795385,0.00701496320889336,"DOWN",30678066,30727846,"-",44.66,3034,1569,"glutathione-disulfide reductase"
"ASAH1","8",4849.50749683837,-0.888029700709391,0.317134585601368,-2.80016668325676,0.00510762253004388,0.0456827961134146,"DOWN",18055992,18084998,"-",40.73,2779,1188,"N-acylsphingosine amidohydrolase 1"
"VDAC3","8",2365.76748069668,-0.897593213304694,0.273676965053927,-3.279754337848,0.00103897513285748,0.0193595166127049,"DOWN",42391624,42405937,"+",40.44,719,326,"voltage dependent anion channel 3"
"PABPC1","8",9697.33706740233,-0.909164235492854,0.266653208608818,-3.40953795469457,0.000650730224966498,0.0154086477250408,"DOWN",100685816,100722809,"-",40.75,608,128,"poly(A) binding protein cytoplasmic 1"
"CFAP418","8",206.745069130544,-0.910551269236503,0.255278643111897,-3.56689168407002,0.000361240706859936,0.0118067131569114,"DOWN",95244913,95269201,"-",37.4,3340,624,"cilia and flagella associated protein 418"
"OSGIN2","8",1172.21696010062,-0.914927534432097,0.294642018583148,-3.10521743922245,0.0019013919168516,0.0263573623232087,"DOWN",89901849,89927888,"+",38.21,3990,1518,"oxidative stress induced growth inhibitor family member 2"
"PKIA","8",3961.360838164,-0.91960081378329,0.295401064842722,-3.11305856081767,0.00185159273965316,0.0259158692136871,"DOWN",78516340,78605267,"+",34.68,3962,231,"cAMP-dependent protein kinase inhibitor alpha"
"ATP6V1C1","8",6364.6263141794,-0.920958261878187,0.289292310951639,-3.18348682980428,0.00145512732820033,0.0227537313871653,"DOWN",103021063,103073051,"+",38.39,1501,924,"ATPase H+ transporting V1 subunit C1"
"RAB2A","8",5471.95393065062,-0.959314944668705,0.332381839114032,-2.88618339445311,0.00389944860710496,0.0393622971667114,"DOWN",60516936,60623644,"+",39.15,3735,639,"RAB2A, member RAS oncogene family"
"SDCBP","8",3621.665386516,-0.977986363478778,0.267877628543949,-3.6508698721675,0.000261353638753991,0.0100976024071949,"DOWN",58552924,58582859,"+",35.86,556,NA,"syndecan binding protein"
"ADAM28","8",786.669213758735,-0.989449859715274,0.348233693103096,-2.84133867374615,0.00449245752600993,0.0427154896771882,"DOWN",24294069,24359014,"+",35.71,582,177,"ADAM metallopeptidase domain 28"
"TRIQK","8",920.729960344841,-1.02815728458774,0.289901797859146,-3.54657091532521,0.000390279686398015,0.0123097432741552,"DOWN",92883532,93017673,"-",34.5,3667,261,"triple QxxK/R motif containing"
"ATP6V1B2","8",8969.71806816315,-1.02849301187415,0.339676897158951,-3.02785682652085,0.00246294746962846,0.0306035976198315,"DOWN",20197381,20230399,"+",39.6,2856,1536,"ATPase H+ transporting V1 subunit B2"
"SLA","8",1265.67935025256,-1.04615762849682,0.345080945273759,-3.0316296591424,0.00243237430055846,0.0303714015659819,"DOWN",133036728,133102912,"-",46.54,2995,831,"Src like adaptor"
"CPNE3","8",2438.50253523051,-1.07528551044866,0.263421760174653,-4.08199197262871,4.4651339440091e-05,0.0039587668746714,"DOWN",86514435,86561498,"+",37.62,4857,1614,"copine 3"
"YWHAZ","8",25113.496405927,-1.13466423706649,0.389436665455893,-2.91360402785444,0.00357282775020885,0.0372146477030798,"DOWN",100916523,100953388,"-",40.87,5248,738,"tyrosine 3-monooxygenase/tryptophan 5-monooxygenase activation protein zeta"
"DCTN6","8",852.345070703474,-1.14019217761345,0.284838547621938,-4.00294197233027,6.25596503385751e-05,0.00469896802201483,"DOWN",30156319,30183639,"+",41.55,1054,573,"dynactin subunit 6"
"SARAF","8",17048.2000536137,-1.2045520846461,0.278827536241158,-4.32006142895542,1.55985773055107e-05,0.00238776702981697,"DOWN",30063003,30083208,"-",40.2,2020,1020,"store-operated calcium entry associated regulatory factor"
"ATP6V1H","8",5024.33620145299,-1.23736387971636,0.344605432877503,-3.59066852018031,0.000329830893688474,0.011247906622331,"DOWN",53715543,53843558,"-",39.2,2365,1398,"ATPase H+ transporting V1 subunit H"
"RIPK2","8",395.034794521141,-1.27638753365264,0.277404446944806,-4.60117906439545,4.20106070782536e-06,0.00106954583452068,"DOWN",89757806,89791064,"+",35.92,1916,207,"receptor interacting serine/threonine kinase 2"
"POLR2K","8",578.735648769279,-1.38575207004424,0.296834613997332,-4.66843152617199,3.03507897171026e-06,0.00093922389999178,"DOWN",100150623,100154003,"+",37.24,947,177,"RNA polymerase II, I and III subunit K"
"CYP7B1","8",1869.00728159961,-1.49864150487204,0.449417953067587,-3.3346275880676,0.000854137062896776,0.0176565461565995,"DOWN",64587763,64798737,"-",37.55,587,NA,"cytochrome P450 family 7 subfamily B member 1"
"SBSPON","8",128.741581688386,-1.52455360327703,0.536569285488116,-2.841298681288,0.00449302099308554,0.0427154896771882,"DOWN",73064543,73124088,"-",42.54,3698,795,"somatomedin B and thrombospondin type 1 domain containing"
"LSM12P1","8",26.6679251733836,-1.96957051977125,0.523927451104922,-3.75924284100324,0.000170428353902611,0.0078513907952163,"DOWN",35525176,35525763,"-",48.98,588,NA,"LSM12 pseudogene 1"
"ENSG00000227619","9",30.5804285464135,4.52226868436387,0.955231613195377,4.73421170519711,2.19908099862837e-06,0.000926633269201223,"UP",129575117,129584557,"+",53.72,1860,NA,"novel transcript"
"MAMDC4","9",663.039576607269,2.27923626831057,0.502553821252942,4.53530780569551,5.75195366022195e-06,0.00130015655351522,"UP",136850943,136860799,"+",66.28,4112,NA,"MAM domain containing 4"
"SNX18P9","9",57.8336637001804,2.08324568895581,0.65185550804073,3.19587034742927,0.00139409741285933,0.0222705680498123,"UP",64439346,64440180,"+",49.22,835,NA,"sorting nexin 18 pseudogene 9"
"ENSG00000203987","9",125.089095478099,2.03938520484286,0.598925539807173,3.40507303378556,0.000661463608858805,0.0155020919029642,"UP",137867924,137892570,"-",58.16,3222,NA,"novel transcript, antisense to CACNA1B and EHMT1"
"ENSG00000289725","9",64.765211660059,1.98996420341556,0.624489072648615,3.18654767644791,0.0014398175518232,0.0226567516645386,"UP",64411638,64469260,"+",43.49,1761,NA,"novel transcript"
"HMCN2","9",83.835092434722,1.94844253762792,0.426966135384776,4.56345919769963,5.03175925494616e-06,0.00118153523631192,"UP",130265760,130434123,"+",54.65,15789,15240,"hemicentin 2"
"NUTM2G","9",61.6150612571602,1.90608793488086,0.497505990995938,3.83128639529574,0.000127475016928678,0.00678509297006425,"UP",96928310,96940253,"+",57.58,2851,1479,"NUT family member 2G"
"RNU6ATAC","9",119.829745287312,1.89410217203762,0.494335168447948,3.83161525404816,0.000127304713007645,0.00678509297006425,"UP",134164439,134164564,"-",50,126,NA,"RNA, U6atac small nuclear"
"TCF3P1","9",68.4180616732971,1.84966800803277,0.423833718537011,4.36413604471455,1.27626137669544e-05,0.00218316083430143,"UP",5110913,5112849,"+",65.51,1937,NA,"transcription factor 3 pseudogene 1"
"DNLZ","9",38.2570374752152,1.82860539152521,0.600295452484349,3.04617565226831,0.00231772390975157,0.0295812509135892,"UP",136359480,136363744,"-",64.43,2934,354,"DNL-type zinc finger"
"SOHLH1","9",264.099628079634,1.75386661452474,0.536895132045708,3.26668377089219,0.00108815156503912,0.019847687595804,"UP",135693407,135704498,"-",63.42,1368,1164,"spermatogenesis and oogenesis specific basic helix-loop-helix 1"
"LINC00484","9",95.3185506914581,1.72387738016603,0.456916271317331,3.77285180761004,0.000161392157666497,0.0076224672632582,"UP",91118361,91183601,"+",44.39,3049,NA,"long intergenic non-protein coding RNA 484"
"SLC34A3","9",132.704617541674,1.64936015368063,0.360607450806761,4.57383825539556,4.78869571231607e-06,0.00118153523631192,"UP",137230757,137236555,"+",66.86,1283,1059,"solute carrier family 34 member 3"
"SNX18P3","9",334.404890073794,1.64582998186839,0.524654944706952,3.13697602295099,0.00170700086266264,0.0247799314010502,"UP",38567377,38568211,"-",51.74,835,NA,"sorting nexin 18 pseudogene 3"
"COL27A1","9",972.242605287252,1.60496560320274,0.478591237093811,3.35352066399858,0.00079790455688422,0.0171691455629909,"UP",114155537,114312511,"+",52.26,7813,5583,"collagen type XXVII alpha 1 chain"
"RNF224","9",29.2495740297348,1.52622478488687,0.545766960693203,2.79647705853857,0.00516630786731758,0.0459214708118129,"UP",137227502,137229640,"+",65.87,1569,471,"ring finger protein 224"
"ADAMTS13","9",490.525491299865,1.42598018241054,0.342704924051979,4.16095621139735,3.16917853173111e-05,0.003598579904622,"UP",133414358,133459402,"+",55.14,2953,NA,"ADAM metallopeptidase with thrombospondin type 1 motif 13"
"LCNL1","9",562.568647738727,1.41857004926378,0.441988385569767,3.20951883709591,0.00132957334369566,0.0217155022007341,"UP",136981904,136986410,"+",64.06,3706,NA,"lipocalin like 1"
"ENTPD8","9",48.6608581292109,1.39176201074008,0.441722913446027,3.15075801679039,0.00162847348993574,0.0242227920218855,"UP",137434364,137441816,"-",67.44,2130,1488,"ectonucleoside triphosphate diphosphohydrolase 8"
"KCNT1","9",3308.38115737384,1.33735375491326,0.438965802774462,3.04660123057556,0.00231444531005734,0.0295611745063967,"UP",135702185,135795508,"+",61.61,3845,3771,"potassium sodium-activated channel subfamily T member 1"
"SLC25A25-AS1","9",283.887020662096,1.31390915452492,0.467692483046676,2.80934417839209,0.00496425437722915,0.0449346767843055,"UP",128108581,128118693,"-",53.53,6391,NA,"SLC25A25 antisense RNA 1"
"KLF4P1","9",43.3448705709547,1.24259446437603,0.441543443672855,2.81420657962862,0.00488977943401344,0.044746072546617,"UP",4803788,4804972,"-",60.08,1185,NA,"KLF4 pseudogene 1"
"EXD3","9",730.724776984071,1.19336200669017,0.369597709331693,3.22881331934661,0.00124305009092011,0.0211274838362571,"UP",137306896,137423211,"-",57,2176,423,"exonuclease 3'-5' domain containing 3"
"PKN3","9",207.199069639479,1.18539550021785,0.394011320199882,3.00853158131724,0.00262513516361404,0.031478194877129,"UP",128702503,128720916,"+",57.67,3393,2670,"protein kinase N3"
"NDOR1","9",567.341013031244,1.16953762726758,0.289228862813332,4.04364078982807,5.26275295421882e-05,0.0042713068104274,"UP",137205685,137219361,"+",60.52,1151,NA,"NADPH dependent diflavin oxidoreductase 1"
"AJM1","9",4475.37201745747,1.16479171840004,0.282825421950252,4.1184123773885,3.81491571877833e-05,0.00371803626852041,"UP",136842478,136848801,"+",71.36,4642,2931,"apical junction component 1 homolog"
"COL5A1","9",588.598674088384,1.14358748519715,0.410725772732074,2.78430904783553,0.00536418959761391,0.0469385997134189,"UP",134641803,134844843,"+",56,8442,5517,"collagen type V alpha 1 chain"
"ST6GALNAC6","9",637.72961172558,1.14114807113635,0.262805507365771,4.34217715821347,1.41077701038845e-05,0.00225967236908975,"UP",127885321,127905408,"-",53.52,2018,261,"ST6 N-acetylgalactosaminide alpha-2,6-sialyltransferase 6"
"CACFD1","9",663.973961587305,1.12672147178296,0.285528122636212,3.94609631226588,7.9435671627002e-05,0.00542720664963466,"UP",133459965,133470848,"+",58.04,2880,702,"calcium channel flower domain containing 1"
"RXRA","9",3516.97109345693,1.05454839861287,0.271016323750469,3.89108812347339,9.97956774533845e-05,0.00609509660325141,"UP",134317098,134440585,"+",62.16,5215,NA,"retinoid X receptor alpha"
"ENSG00000273066","9",197.448932955533,1.04971577672202,0.323613110766403,3.24373686293492,0.00117972677038051,0.0206481950448509,"UP",136799223,136810042,"+",60.91,4244,NA,"novel transcript"
"NACC2","9",12152.7609479624,1.03439456607296,0.249966615777161,4.13813085742254,3.50146661710647e-05,0.00371431892988321,"UP",136006537,136095289,"-",55.01,6802,1764,"NACC family member 2"
"GPSM1","9",1809.57514148172,0.998720036991866,0.231568588067752,4.31284763328807,1.61165190811255e-05,0.00242169221432402,"UP",136327476,136359605,"+",66.05,2270,1374,"G protein signaling modulator 1"
"RALGDS","9",2600.29645730939,0.981955184843847,0.269753286118798,3.6401973038853,0.000272429204745731,0.0103275434889973,"UP",133097720,133149334,"-",58.92,5596,NA,"ral guanine nucleotide dissociation stimulator"
"EGFL7","9",1506.26572507218,0.964102377241966,0.262441365923138,3.67359152338936,0.000239164956971521,0.00960871038091894,"UP",136658856,136672678,"+",67.31,2125,822,"EGF like domain multiple 7"
"ARRDC1","9",837.85697587009,0.942961026509273,0.322337892553744,2.92538062788275,0.00344035139356274,0.0364044960306713,"UP",137605685,137615360,"+",60.75,704,NA,"arrestin domain containing 1"
"ENHO","9",1775.87825781684,0.937372629051074,0.200912839579501,4.66556856701115,3.0776484424284e-06,0.00093922389999178,"UP",34521043,34522990,"-",62.42,1028,231,"energy homeostasis associated"
"NOXA1","9",327.629061028309,0.935781181999473,0.32906790985086,2.84373271895028,0.00445884342963939,0.0425838630523313,"UP",137423350,137434406,"+",62.38,1678,1452,"NADPH oxidase activator 1"
"MIR600HG","9",1302.99723774692,0.93241943528513,0.205265946712095,4.54249450637293,5.55924457412822e-06,0.00128053227876062,"UP",123109494,123115477,"-",53.98,5984,NA,"MIR600 host gene"
"CCDC183-AS1","9",164.088116013385,0.924790829452396,0.292614011512419,3.16044616138672,0.00157527714883698,0.0238570151044278,"UP",136803927,136808848,"-",64.67,2386,NA,"CCDC183 antisense RNA 1"
"NIBAN2","9",2352.76796407182,0.921436431476371,0.299716952264019,3.07435540270903,0.00210957956912749,0.0279915333043911,"UP",127505339,127578989,"-",54.31,3760,2202,"niban apoptosis regulator 2"
"RABL6","9",6332.85781313755,0.887249212341626,0.1869128769907,4.74685974891805,2.06599102486149e-06,0.000926633269201223,"UP",136807943,136841187,"+",57.06,1580,945,"RAB, member RAS oncogene family like 6"
"GAS1","9",286.152572851617,0.833161998142795,0.300126011705576,2.77604061510046,0.00550253341650108,0.0477004563482061,"UP",86944362,86947506,"-",59.68,3145,1038,"growth arrest specific 1"
"ENSG00000271155","9",63.3214999293791,0.829999808025869,0.271144106598732,3.0611021513154,0.00220523844320399,0.028679450107893,"UP",95506235,95507636,"+",62.05,1402,NA,"novel transcript, antisense to PTCH1"
"ZNF618","9",1069.84356542018,0.819484868611854,0.234557932321782,3.4937418679477,0.000476301313641667,0.013610595132838,"UP",113876282,114056593,"+",45.61,9363,2865,"zinc finger protein 618"
"INPP5E","9",1310.54942759025,0.781025144714031,0.212904832480813,3.66842375353042,0.000244050451438839,0.00972422441268495,"UP",136428619,136439845,"-",63.09,3315,1833,"inositol polyphosphate-5-phosphatase E"
"DAB2IP","9",6084.657256478,0.755824957396927,0.238966202950745,3.16289478622513,0.00156208775963698,0.0237878685153173,"UP",121567057,121785530,"+",53.14,5514,3399,"DAB2 interacting protein"
"PTCH1","9",2315.67550659003,0.746611817511541,0.237630745260678,3.14189906988894,0.00167855887617625,0.0246344811766983,"UP",95442980,95517057,"-",47.49,8662,4344,"patched 1"
"PPP1R26","9",2954.6741751142,0.69399138009157,0.179873468045508,3.85821982325927,0.000114215899800758,0.00649138544825402,"UP",135479079,135488893,"+",59.96,4744,3630,"protein phosphatase 1 regulatory subunit 26"
"CCDC107","9",226.701170478519,0.657133263646437,0.231835746998517,2.83447773759687,0.0045900655952386,0.0431798236042166,"UP",35658290,35661511,"+",52.82,1173,771,"coiled-coil domain containing 107"
"SNAPC4","9",1588.4300817942,0.63504148289547,0.225206407427087,2.81981978288549,0.00480506271721514,0.044373901060926,"UP",136375567,136400176,"-",58.99,4777,861,"small nuclear RNA activating complex polypeptide 4"
"WNK2","9",12542.0081953203,0.615129613731574,0.18293839862202,3.36249589132203,0.00077241275556216,0.0168474123216506,"UP",93184122,93320572,"+",52.51,8338,6894,"WNK lysine deficient protein kinase 2"
"MIGA2","9",1599.23823208787,0.603535080116638,0.184957355653791,3.26310396244177,0.00110199086540536,0.0199028646163842,"UP",129036621,129072082,"+",53.65,569,NA,"mitoguardin 2"
"MRPL41","9",2139.34026453216,0.601828609733928,0.182661239018289,3.29478006920598,0.000984987365350083,0.0189114405632671,"UP",137551879,137552555,"+",68.39,582,414,"mitochondrial ribosomal protein L41"
"PAXX","9",805.789418051793,0.591022027723522,0.206586796012544,2.86088965573403,0.00422454059190678,0.0412142123497323,"UP",136992422,136993984,"+",64.81,808,615,"PAXX non-homologous end joining factor"
"EHMT1","9",3835.79736541462,0.580211407015492,0.206263492004578,2.81296220371666,0.00490874205901597,0.0447497767630093,"UP",137618992,137870016,"+",49.24,5095,3897,"euchromatic histone lysine methyltransferase 1"
"DIPK1B","9",1097.98011337212,0.565527050936529,0.172684273358539,3.27491924966636,0.00105692180230992,0.0195284268225117,"UP",136712572,136724742,"+",63.18,2358,1296,"divergent protein kinase domain 1B"
"RAPGEF1","9",8620.74726428141,0.565254743628869,0.20419385438293,2.76822603372202,0.00563623505609692,0.0483639481441647,"UP",131576770,131740076,"-",48.49,5447,NA,"Rap guanine nucleotide exchange factor 1"
"AOPEP","9",3155.1878176398,0.509499797622193,0.16091374512926,3.16629133958021,0.0015439607180973,0.0236492931778982,"UP",94726604,95151793,"+",43.58,2292,NA,"aminopeptidase O (putative)"
"NELFB","9",2813.65320422501,0.432510444366685,0.12368821852756,3.49677964090262,0.000470910647127297,0.013542740679454,"UP",137255327,137273542,"+",56.43,2540,1887,"negative elongation factor complex member B"
"NPDC1","9",5272.11847505267,0.414604733606416,0.11874431703077,3.49157537786822,0.000480180953663699,0.0136470699709873,"UP",137039463,137046179,"-",65.82,1475,978,"neural proliferation, differentiation and control 1"
"DENND1A","9",3572.51033350601,0.403050333366437,0.13983309619944,2.8823672243628,0.0039469944168895,0.0395287813527493,"UP",123379654,123930152,"-",42.52,4800,NA,"DENN domain containing 1A"
"DCAF12","9",1113.14479500333,-0.475345733195249,0.162986261352338,-2.91647731073273,0.00354008470139282,0.0370487624972368,"DOWN",34086387,34127399,"-",45.99,3592,1362,"DDB1 and CUL4 associated factor 12"
"TTF1","9",738.121599197734,-0.515361440722952,0.172021830482648,-2.99590720129523,0.00273629691594506,0.0320774389323276,"DOWN",132375548,132406851,"-",44.83,3143,2718,"transcription termination factor 1"
"SETX","9",9118.99654917423,-0.53187945952707,0.180810973497519,-2.94163263013663,0.00326486997330114,0.0353161750998547,"DOWN",132261356,132354986,"-",41,4067,NA,"senataxin"
"ERP44","9",1882.9841482719,-0.533319105620018,0.190142665317458,-2.8048365932475,0.00503420944165017,0.0453458557207595,"DOWN",99979185,100099052,"-",37.86,4808,1221,"endoplasmic reticulum protein 44"
"SURF4","9",2770.48232270321,-0.538161707689307,0.156690947720508,-3.43454242582815,0.00059355515067061,0.0148149895501748,"DOWN",133361450,133376166,"-",52.38,2863,387,"surfeit 4"
"GAPVD1","9",4912.85246075044,-0.554133213074811,0.171063681029478,-3.2393387640204,0.00119807182937617,0.0207357231694911,"DOWN",125261794,125367207,"+",42.11,3720,2271,"GTPase activating protein and VPS9 domains 1"
"FSD1L","9",2025.96981455007,-0.555546410174351,0.195215334282624,-2.84581337944516,0.00442981476597857,0.0424147468352673,"DOWN",105447796,105552433,"+",37.37,1906,1146,"fibronectin type III and SPRY domain containing 1 like"
"SNAPC3","9",2724.90022158136,-0.560341946009126,0.197257821311864,-2.84065768486426,0.00450206094746403,0.0427510192679093,"DOWN",15422734,15465953,"+",39.75,2453,1236,"small nuclear RNA activating complex polypeptide 3"
"PTBP3","9",1527.36579457889,-0.583058321432107,0.20728367750652,-2.81285207038922,0.00491042354357532,0.0447497767630093,"DOWN",112215071,112333653,"-",37.69,2507,1389,"polypyrimidine tract binding protein 3"
"TMX2P1","9",130.888868805288,-0.585336040335054,0.186253501424679,-3.14268475952257,0.00167406025257643,0.0245983118279548,"DOWN",37885683,37886390,"+",47.32,708,NA,"thioredoxin related transmembrane protein 2 pseudogene 1"
"INIP","9",1238.76669463123,-0.618603408719612,0.188828675151745,-3.27600354248365,0.00105287240232806,0.0194982939683816,"DOWN",112683926,112718149,"-",40.09,4114,315,"INTS3 and NABP interacting protein"
"PTAR1","9",4764.78723810287,-0.624292909532477,0.17026654410209,-3.66656240557838,0.000245832946156829,0.00976307986165691,"DOWN",69709522,69760011,"-",36.07,9876,1053,"protein prenyltransferase alpha subunit repeat containing 1"
"ZFAND5","9",8611.65658533614,-0.670286364895226,0.224333229074836,-2.98790494684861,0.00280896901085352,0.0324581430594502,"DOWN",72351413,72365235,"-",39.89,3020,NA,"zinc finger AN1-type containing 5"
"RNF38","9",2586.28886481383,-0.684074282941039,0.180727766408098,-3.78510893227299,0.000153641264262142,0.00741710103282266,"DOWN",36336396,36487548,"-",41.31,4945,1398,"ring finger protein 38"
"IARS1","9",4853.83842694063,-0.703750786396328,0.208492573960507,-3.3754237526447,0.000737021115624466,0.0164442737107872,"DOWN",92210207,92293854,"-",41.26,4483,3789,"isoleucyl-tRNA synthetase 1"
"C9orf72","9",1178.2898390627,-0.710051785964919,0.25551514894103,-2.77890289052408,0.00545428280696009,0.0473670678524728,"DOWN",27535640,27573866,"-",36.96,2318,1296,"C9orf72-SMCR8 complex subunit"
"ZNF189","9",3082.19520330343,-0.710954289635463,0.220474824260792,-3.22465066938663,0.00126126468091217,0.0212561505094598,"DOWN",101398851,101410660,"+",39.93,3134,1839,"zinc finger protein 189"
"SPTLC1","9",2189.69720214631,-0.716139899535868,0.236393895602048,-3.02943482407616,0.00245011762998588,0.0304984791553466,"DOWN",92000087,92115413,"-",41.69,2042,69,"serine palmitoyltransferase long chain base subunit 1"
"SEC61B","9",659.506006751393,-0.725970201438986,0.235781845624334,-3.07899108820981,0.00207702894764221,0.0277163307738373,"DOWN",99222064,99230615,"+",42.24,587,129,"SEC61 translocon subunit beta"
"PLAA","9",1301.98158786095,-0.757931377040678,0.247694733091269,-3.05994143509463,0.00221380276391663,0.0287402220333267,"DOWN",26903372,26947242,"-",37.93,4724,2388,"phospholipase A2 activating protein"
"HAUS6","9",993.533580326671,-0.761515438802395,0.198335140899427,-3.83953864831521,0.000123265724859079,0.00670630104012512,"DOWN",19053141,19102904,"-",39.6,6323,2868,"HAUS augmin like complex subunit 6"
"MRPL50","9",1199.4217576659,-0.762833470464395,0.256302603137104,-2.97630012776863,0.00291749187646312,0.0330968379569122,"DOWN",101387633,101398618,"-",35.68,3336,477,"mitochondrial ribosomal protein L50"
"ZNF483","9",21068.766742481,-0.767184707734402,0.24351397864454,-3.15047502408175,0.0016300519308244,0.0242313681615974,"DOWN",111525159,111577844,"+",42.33,2433,771,"zinc finger protein 483"
"ABITRAM","9",375.420582898503,-0.768305509135926,0.237927641741096,-3.2291561565258,0.00124156081042695,0.0211170110836753,"DOWN",108934400,108950744,"+",38.71,1901,546,"actin binding transcription modulator"
"SMU1","9",3694.82433068699,-0.786116673556119,0.248953540303454,-3.15768425143868,0.00159027703694808,0.0239987153782323,"DOWN",33041765,33076674,"-",41.17,7136,1542,"SMU1 DNA replication regulator and spliceosomal factor"
"PPP6C","9",2039.27962159316,-0.817245869640047,0.296682516065148,-2.75461419324282,0.0058761380357547,0.0494362519120304,"DOWN",125146573,125189939,"-",42.35,4103,918,"protein phosphatase 6 catalytic subunit"
"RBM18","9",1019.98011606263,-0.823300484418197,0.26272274157822,-3.1337237099175,0.00172603292163353,0.0248500190140332,"DOWN",122237622,122264840,"-",40.58,4977,573,"RNA binding motif protein 18"
"RMI1","9",352.660614245678,-0.862489068021469,0.294753987822942,-2.9261319732833,0.00343205310474622,0.036374950215334,"DOWN",83980798,84004074,"+",38.55,3420,1878,"RecQ mediated genome instability 1"
"RPL35","9",5809.59654920808,-0.878589317800613,0.270861923344087,-3.24367968355783,0.00117996359871215,0.0206481950448509,"DOWN",124857880,124861981,"-",56.22,493,291,"ribosomal protein L35"
"NDUFB6","9",671.744224721501,-0.886223747477637,0.269361524055804,-3.29009033708184,0.00100155222602308,0.0190476255064071,"DOWN",32553001,32573184,"-",41.42,1361,387,"NADH:ubiquinone oxidoreductase subunit B6"
"HSDL2","9",2428.88748525938,-0.959909894949701,0.266695563975218,-3.59927207127787,0.000319109190481663,0.0111074202493316,"DOWN",112380080,112472405,"+",40.76,2983,1038,"hydroxysteroid dehydrogenase like 2"
"KLHL9","9",1788.1560401777,-0.960815113425674,0.251908978211369,-3.81413604329531,0.000136660174928287,0.00689474145059678,"DOWN",21320024,21335404,"-",37.46,4430,1854,"kelch like family member 9"
"SPIN1","9",4945.26116580299,-0.969261702873307,0.215437571414956,-4.49903745436493,6.82618314127059e-06,0.00145721642009235,"DOWN",88388430,88478694,"+",41.25,4459,789,"spindlin 1"
"RANBP6","9",1861.68474049777,-0.98530433764744,0.249537147325081,-3.94852769701598,7.86333193841383e-05,0.00538760754284637,"DOWN",6011025,6015625,"-",38.99,4600,3318,"RAN binding protein 6"
"UBQLN1","9",8596.67922032652,-0.997829577112778,0.247917480989925,-4.02484557816772,5.70127147157046e-05,0.0044242001437057,"DOWN",83659968,83707958,"-",38.64,3868,1770,"ubiquilin 1"
"PSAT1","9",4399.87075267917,-1.0194164584565,0.328923094746739,-3.09925473381984,0.00194008135467056,0.0266455466462591,"DOWN",78297125,78330093,"+",45.6,1411,975,"phosphoserine aminotransferase 1"
"ZBTB6","9",638.937001295555,-1.03235732414272,0.253013897183826,-4.08023960594017,4.49893021059652e-05,0.0039587668746714,"DOWN",122908056,122913323,"-",36.77,4099,1275,"zinc finger and BTB domain containing 6"
"ALDH1A1","9",2262.90463686168,-1.15188137915335,0.306533252953467,-3.75776972989031,0.000171434529827536,0.007882729160473,"DOWN",72900671,73080442,"-",36.05,2096,1506,"aldehyde dehydrogenase 1 family member A1"
"NMRK1","9",436.464492201965,-1.18664794926686,0.25992218135807,-4.5653970086998,4.98549917710233e-06,0.00118153523631192,"DOWN",75060573,75088217,"-",40.5,2050,612,"nicotinamide riboside kinase 1"
"RFK","9",1542.13582464024,-1.23620442111116,0.379578515694097,-3.2567818514455,0.00112682997104943,0.0201482934869904,"DOWN",76385526,76394517,"-",40.41,2596,468,"riboflavin kinase"
"LURAP1L","9",199.614950610947,-1.38765976683613,0.399074514505014,-3.47719465012014,0.000506689824358489,0.0139326694000631,"DOWN",12775020,12823060,"+",36.72,2683,687,"leucine rich adaptor protein 1 like"
"GDA","9",6544.74873025498,-1.40528226049508,0.410214161005512,-3.42572830018951,0.000613153397049739,0.0150708618506555,"DOWN",72114595,72257193,"+",40.49,1771,1182,"guanine deaminase"
"RNA5SP298","10",47.7856467065028,2.36691731401668,0.524402785006079,4.51354832905635,6.37519135811242e-06,0.00138910250619195,"UP",282015,282125,"-",51.35,111,NA,"RNA, 5S ribosomal pseudogene 298"
"LINC01168","10",59.6805402945427,2.13923124586731,0.655863522783498,3.26170181989749,0.00110745567816696,0.0199589590403472,"UP",132965372,132976354,"+",52.96,5254,NA,"long intergenic non-protein coding RNA 1168"
"ENSG00000215097","10",20.6308107207496,2.08706487187493,0.74270753367498,2.81007634532526,0.00495297493877611,0.0448829718505953,"UP",46774421,46776180,"-",67.5,1760,NA,"dual specificity phosphatase 8 pseudogene 2"
"C10orf62","10",30.8754230788011,2.05543116599118,0.689236747820744,2.98218452874158,0.00286199438555964,0.0328057801939078,"UP",97589721,97590934,"+",56.01,1214,672,"chromosome 10 open reading frame 62"
"ST8SIA6-AS1","10",35.0564923665132,2.03744169211852,0.60679169665857,3.35772836599138,0.00078585798406466,0.0169854881167005,"UP",17386907,17445758,"+",42.79,642,NA,"ST8SIA6 antisense RNA 1"
"ENSG00000232334","10",16.5559834044268,1.9983786822731,0.702814404518337,2.84339459952113,0.00446357700455338,0.0425838630523313,"UP",124004304,124004828,"-",58.86,525,NA,"novel pseudogene"
"SYT15","10",171.890719955439,1.98182784048948,0.338095557884305,5.86173877258586,4.58045222183279e-09,2.21565634874496e-05,"UP",46578217,46594173,"+",52.37,6428,1425,"synaptotagmin 15"
"NPM1P30","10",40.9242536749471,1.9027005773192,0.623186995565499,3.05317760296431,0.00226431882843557,0.029149841243763,"UP",21110682,21113388,"+",39.64,828,NA,"nucleophosmin 1 pseudogene 30"
"ENSG00000289972","10",85.6229872073909,1.67786725139812,0.382198940422245,4.39003637619834,1.13331700792045e-05,0.0020455526234003,"UP",103660155,103685914,"+",54.02,490,NA,"novel transcript, antisense to SH3PXD2A"
"ENSG00000228027","10",42.628031181403,1.633881494785,0.592643438186304,2.75693847178204,0.00583453290486173,0.0492116883509787,"UP",11010164,11011119,"-",41.74,244,NA,"novel transcript"
"ENSG00000227076","10",30.092077706315,1.54489541178789,0.405078068169055,3.81382141662417,0.000136834362701003,0.00689474145059678,"UP",127934594,127937394,"+",51.62,371,NA,"novel transcript"
"ADARB2-AS1","10",60.9287054700788,1.48180317930467,0.385663233515055,3.84222049325016,0.000121926226646997,0.00668686557298019,"UP",1526584,1557574,"+",52.1,637,NA,"ADARB2 antisense RNA 1"
"ENSG00000288090","10",52.4637476546624,1.45607822770302,0.49759524340548,2.92623019813815,0.00343096960092922,0.036374950215334,"UP",78288059,78290565,"-",50.26,1961,NA,"novel transcript"
"ENSG00000289363","10",78.1972914924881,1.40255197673354,0.507800552046995,2.76201349344682,0.00574461042453351,0.0488878070822545,"UP",10506671,10508182,"+",40.48,1512,NA,"novel transcript"
"SNORA12","10",793.283444962494,1.3525445542311,0.29946074124429,4.51660056877953,6.2840279356299e-06,0.00138168636046495,"UP",100237156,100237302,"-",42.18,147,NA,"small nucleolar RNA, H/ACA box 12"
"ADRA2A","10",432.438073530241,1.32559164912152,0.430277564400429,3.08078263613086,0.00206457305860874,0.0276079456699789,"UP",111077029,111080907,"+",59.71,3879,1398,"adrenoceptor alpha 2A"
"RBP3","10",111.349281628283,1.2330257642338,0.437694664769058,2.81709114476958,0.0048460771123428,0.0445882991704498,"UP",47348363,47357881,"+",55.02,4290,3744,"retinol binding protein 3"
"DUSP8P5","10",250.170197990554,1.23198947145233,0.395995574590465,3.11111929148815,0.00186379630088017,0.0259964113800968,"UP",73731824,73733638,"+",67.6,1815,NA,"dual specificity phosphatase 8 pseudogene 5"
"GPRIN2","10",202.606304768256,1.2105770549953,0.412614789716069,2.93391581001819,0.00334714984887522,0.035931720481534,"UP",46541736,46556658,"-",55.87,9274,1377,"G protein regulated inducer of neurite outgrowth 2"
"KCNMA1-AS3","10",121.579120486884,1.20827030639828,0.414726756008166,2.91341296141137,0.00357501482299327,0.0372168727534614,"UP",77350851,77376613,"+",44.63,1514,NA,"KCNMA1 antisense RNA 3"
"AGAP6","10",55.0210239317556,1.20627032383182,0.435115584770135,2.7722985938761,0.00556619525081266,0.0480456810621538,"UP",49982190,50011654,"+",41.41,2690,NA,"ArfGAP with GTPase domain, ankyrin repeat and PH domain 6"
"TRIM8-DT","10",654.946170667378,1.19639671744336,0.260255593688026,4.59700673668325,4.28603766712998e-06,0.00107981361476256,"UP",102642792,102644140,"-",65.53,1349,NA,"TRIM8 divergent transcript"
"TIMM23B-AGAP6","10",53.3700957785791,1.17460661305242,0.404099813896743,2.90672396437321,0.00365235337500328,0.0377085619897134,"UP",49942056,50011654,"+",41.38,3593,567,"TIMM23B-AGAP6 readthrough (NMD candidate)"
"ENSG00000285955","10",59.4314900588396,1.14350977711773,0.412346750309819,2.77317518874236,0.00555122269580852,0.047967799971713,"UP",122435924,122461383,"-",43.68,2561,NA,"novel transcript"
"DIP2C-AS1","10",1210.43633437964,1.14051055557663,0.376059783605709,3.03279054367704,0.00242303718309992,0.0303174223023563,"UP",649948,669581,"+",48.43,2251,NA,"DIP2C antisense RNA 1"
"ENSG00000287945","10",39.304908130031,1.13578888648613,0.393294018152096,2.88788751942547,0.00387838535922004,0.039231546757882,"UP",35443411,35444569,"-",44.78,1005,NA,"novel transcript, antisense to CCNY"
"MMRN2","10",1363.84217593411,1.11261307131419,0.347918041329532,3.19791715043709,0.00138424043336592,0.0221851340409154,"UP",86935540,86969481,"-",55.09,4127,2850,"multimerin 2"
"ADAM12","10",370.323819085554,0.954055559305982,0.242544754064252,3.93352378610194,8.3709550975195e-05,0.00559850744029234,"UP",126012381,126388477,"-",43.11,7938,2730,"ADAM metallopeptidase domain 12"
"ENSG00000273599","10",278.38607713521,0.916549527492539,0.312871812443706,2.92947300152663,0.00339537307852067,0.0362243022836793,"UP",124996064,125001491,"+",59.05,5428,NA,"novel transcript, antisense to CTBP2"
"SPRN","10",525.424893618227,0.888556061899176,0.25800908595665,3.44389446055581,0.000573399481978334,0.0146299262778908,"UP",133420666,133424625,"-",66.16,3128,456,"shadow of prion protein"
"JCAD","10",5113.38655927667,0.8830508090466,0.29123363217052,3.03210450820997,0.00242855106633852,0.030339326493008,"UP",30012803,30115494,"-",44.39,9324,4080,"junctional cadherin 5 associated"
"DLG5","10",4800.14148464429,0.882661662587038,0.251886235108223,3.50420761264625,0.000457968168464875,0.0133541926227781,"UP",77790791,77926755,"-",50.06,4292,2643,"discs large MAGUK scaffold protein 5"
"FGFBP3","10",190.325865227393,0.881712017393238,0.261189285594254,3.37575875437302,0.000736124352716453,0.0164442737107872,"UP",91906584,91909486,"-",52.36,2553,777,"fibroblast growth factor binding protein 3"
"LINC00595","10",273.735685649333,0.832551365997097,0.299462069834506,2.78015631982105,0.00543327371727669,0.0472864908693969,"UP",78179167,78675109,"+",46.93,1082,NA,"long intergenic non-protein coding RNA 856"
"ENSG00000272599","10",63.2553525933134,0.805057131095076,0.265850089810549,3.02823719814719,0.00245984926410336,0.0306035976198315,"UP",73124573,73125532,"-",40.62,833,NA,"novel transcript to NUDT13"
"NEURL1","10",3090.7054969292,0.791620000235434,0.28641267276743,2.76391401465059,0.00571125872478683,0.0487369746385352,"UP",103493705,103592546,"+",50.53,4582,1725,"neuralized E3 ubiquitin protein ligase 1"
"FAM53B","10",2298.91403250867,0.769090709323717,0.250511338640054,3.07008342815485,0.00213998984033406,0.0281445319621096,"UP",124619292,124744378,"-",52.7,5759,1269,"family with sequence similarity 53 member B"
"NDST2","10",126.455831561741,0.754548809668122,0.250090188396645,3.01710680657093,0.00255199876386246,0.0311787799692427,"UP",73801911,73811798,"-",53.04,3535,2652,"N-deacetylase and N-sulfotransferase 2"
"TRIM8","10",8602.75177327827,0.736915200051614,0.218959132535278,3.36553763032873,0.000763946461182823,0.0167697538466137,"UP",102642503,102662789,"+",58.5,4735,1656,"tripartite motif containing 8"
"PWWP2B","10",1173.76998847698,0.697600432376531,0.225497064811759,3.09361202975691,0.0019773588152533,0.0269889392244449,"UP",132397168,132417859,"+",62.26,2013,1500,"PWWP domain containing 2B"
"UBTD1","10",832.521458202497,0.671148511069671,0.221225271286259,3.03377867803007,0.00241511537172108,0.0302496014398996,"UP",97498924,97571206,"+",49.49,1647,684,"ubiquitin domain containing 1"
"GRK5","10",847.494932372042,0.66418428256693,0.187272938042016,3.54661110949151,0.000390220153331928,0.0123097432741552,"UP",119207571,119459745,"+",50.47,6798,1773,"G protein-coupled receptor kinase 5"
"TIAL1","10",2558.92639606665,-0.43800663783391,0.145775858343835,-3.00465826653412,0.00265879391547151,0.0316464515942883,"DOWN",119571802,119597029,"-",38.16,5072,1179,"TIA1 cytotoxic granule associated RNA binding protein like 1"
"ARL3","10",2174.79422733643,-0.486772075034019,0.164549232022432,-2.95821541705926,0.00309425804964638,0.0341880882543386,"DOWN",102673731,102714397,"-",44.56,3834,549,"ADP ribosylation factor like GTPase 3"
"GLRX3","10",730.068854616146,-0.488437918633034,0.114058454245961,-4.28234734428139,1.84932001499659e-05,0.00261565227384255,"DOWN",130136391,130184521,"+",42.15,1318,1008,"glutaredoxin 3"
"TNKS2","10",5474.6739887924,-0.520252085705888,0.188577277585004,-2.75882700380685,0.00580092349338799,0.0490817947527416,"DOWN",91798426,91865475,"+",37.54,6242,3501,"tankyrase 2"
"ZDHHC6","10",944.693942687154,-0.523728678133558,0.130611647242882,-4.00981604006301,6.0766071058995e-05,0.00459277560822766,"DOWN",112424428,112447572,"-",39.22,2906,1152,"zinc finger DHHC-type palmitoyltransferase 6"
"MARCHF5","10",1204.1688552853,-0.524038473414384,0.183974292766635,-2.8484331453803,0.00439350831280666,0.0421839587350305,"DOWN",92291167,92353964,"+",40.45,3922,837,"membrane associated ring-CH-type finger 5"
"ARHGAP19","10",391.638493547749,-0.55051137980824,0.195651057505435,-2.81374088557097,0.00489686821588109,0.0447497767630093,"DOWN",97222173,97292673,"-",42.77,5525,902,"Rho GTPase activating protein 19"
"IDE","10",1301.24940586704,-0.552993608801338,0.152626043977439,-3.62319296491154,0.000290988570309392,0.0105991710263599,"DOWN",92451684,92574096,"-",40.71,4480,1395,"insulin degrading enzyme"
"RAB11FIP2","10",3073.3584874618,-0.563669294910976,0.183615203047444,-3.06983999993362,0.00214173474221439,0.0281521719973898,"DOWN",118004916,118046941,"-",35.75,6399,1539,"RAB11 family interacting protein 2"
"OGA","10",13593.3849869156,-0.567169806672035,0.151628775998909,-3.74051563059584,0.000183643124774068,0.00825574835647882,"DOWN",101784443,101818465,"-",41.92,5043,2592,"O-GlcNAcase"
"ACTR1A","10",5692.94699325432,-0.569132769575129,0.205335664055346,-2.77171903961957,0.00557611424561438,0.0480954205610987,"DOWN",102461881,102502712,"-",50.48,1046,666,"actin related protein 1A"
"MRPS16","10",1122.95639123018,-0.57508659987251,0.160095467247329,-3.59214792124045,0.000327963589417946,0.0112194163701025,"DOWN",73248843,73252693,"-",47.47,2580,NA,"mitochondrial ribosomal protein S16"
"ZNF518A","10",2121.15189096088,-0.595119814590247,0.165308358878209,-3.60005881510626,0.000318145209780616,0.0111074202493316,"DOWN",96129715,96205288,"+",38.02,8294,4452,"zinc finger protein 518A"
"COMMD3","10",136.821359150539,-0.603073083140697,0.184332060703712,-3.27166679978722,0.00106915499679852,0.0196643214848433,"DOWN",22316386,22320306,"+",37.41,2290,NA,"COMM domain containing 3"
"DDX50","10",1219.02941869719,-0.63540403288063,0.190736402892927,-3.33132020549493,0.000864351152986634,0.0177312951536342,"DOWN",68901286,68946847,"+",40.32,1067,120,"DExD-box helicase 50"
"ARHGAP12","10",3970.10105026476,-0.64837112967148,0.211137552371937,-3.0708470491754,0.00213452463288272,0.0281243476613196,"DOWN",31805398,31928876,"-",36.94,4625,2385,"Rho GTPase activating protein 12"
"FHIP2A","10",1794.49028990905,-0.649227472791386,0.206845423537833,-3.13870842142485,0.00169694209180276,0.0247242418267118,"DOWN",114821744,114899832,"+",39.9,2870,2217,"FHF complex subunit HOOK interacting protein 2A"
"MCMBP","10",1337.0948456296,-0.649716260854927,0.227878364181888,-2.85115378630828,0.00435608955173838,0.0420066503969319,"DOWN",119829404,119892556,"-",41.74,4169,1929,"minichromosome maintenance complex binding protein"
"COX15","10",836.624286048937,-0.658377298593002,0.164666113368735,-3.9982561385821,6.38108778938025e-05,0.00476115226167885,"DOWN",99710868,99732127,"-",42.22,5030,1233,"cytochrome c oxidase assembly homolog COX15"
"MICU1","10",2405.18658044637,-0.666868585404136,0.220527173175407,-3.02397466852626,0.00249477326625979,0.0308793849594651,"DOWN",72367340,72626131,"-",40.16,1933,739,"mitochondrial calcium uptake 1"
"WAPL","10",4168.82134223253,-0.666986056440645,0.154177464354571,-4.32609304630111,1.51777330570612e-05,0.00233814427845913,"DOWN",86435256,86521792,"-",39.86,3207,NA,"WAPL cohesin release factor"
"SMNDC1","10",863.939839337405,-0.667342968025494,0.240513248515794,-2.77466198699517,0.00552591072695204,0.0478516565850562,"DOWN",110290730,110304938,"-",37.32,4310,717,"survival motor neuron domain containing 1"
"DCLRE1A","10",338.982423491256,-0.667462757308464,0.242622418021039,-2.75103497340706,0.00594073004440278,0.0498032918037871,"DOWN",113834725,113854383,"-",36.75,4450,3123,"DNA cross-link repair 1A"
"RPP30","10",618.916657162893,-0.669653087500034,0.192145264532316,-3.48513968913041,0.000491880182463263,0.0137420735669474,"DOWN",90871952,90908553,"+",37.86,2332,807,"ribonuclease P/MRP subunit p30"
"NEBL","10",13759.9919232566,-0.672966178185753,0.239142017650558,-2.81408589254738,0.00489161563769352,0.044746072546617,"DOWN",20779973,21293011,"-",39.95,6618,641,"nebulette"
"EXOC6","10",1294.13428985424,-0.684061615119579,0.227514695863321,-3.00667001981501,0.00264126304364234,0.0315384149367951,"DOWN",92826831,93059493,"+",37.57,3678,2400,"exocyst complex component 6"
"ANK3","10",29662.0817199381,-0.697875082584959,0.22749724695928,-3.06761990271414,0.00215770878190748,0.0282852816255904,"DOWN",60026298,60733490,"-",37.75,17019,13134,"ankyrin 3"
"SAMD8","10",6143.89959077126,-0.699276553260921,0.17474016957659,-4.00180768369018,6.28603835660047e-05,0.00470693881401668,"DOWN",75099586,75182123,"+",43.24,919,761,"sterile alpha motif domain containing 8"
"MAPK8","10",1765.62055574165,-0.702442829297454,0.169308203475576,-4.14890014114872,3.3407649124416e-05,0.00362330673418442,"DOWN",48306639,48439360,"+",37.34,5844,1284,"mitogen-activated protein kinase 8"
"MINDY3","10",1537.63006729823,-0.724659785014914,0.259018713263223,-2.79771208761466,0.00514659661122474,0.0458304807213113,"DOWN",15778170,15860507,"-",35.88,2452,453,"MINDY lysine 48 deubiquitinase 3"
"BUB3","10",1415.11577969909,-0.737404080803577,0.218381627102315,-3.37667637423588,0.000733673172318664,0.0164302030978696,"DOWN",123154402,123170467,"+",39.16,7703,987,"BUB3 mitotic checkpoint protein"
"NDUFB8","10",836.20530444981,-0.740881176191739,0.189316697516756,-3.91344865988995,9.09872524931321e-05,0.0058245254430999,"DOWN",100523668,100530000,"-",47.67,762,561,"NADH:ubiquinone oxidoreductase subunit B8"
"ATE1","10",2810.44824773056,-0.7494414293564,0.170860659960965,-4.38627258918242,1.15309600540352e-05,0.0020658355545696,"DOWN",121709393,121928801,"-",39.73,527,489,"arginyltransferase 1"
"ABRAXAS2","10",718.079958115483,-0.754163812257894,0.216092660320745,-3.49000197942167,0.000483016969453382,0.0136794478023413,"DOWN",124801819,124836667,"+",42.6,2955,1248,"abraxas 2, BRISC complex subunit"
"GLUD1","10",11191.5598833601,-0.788163382636644,0.227615286856326,-3.46269968736389,0.000534784921773778,0.0142387965008821,"DOWN",87050202,87094843,"-",42.02,3300,1677,"glutamate dehydrogenase 1"
"TM9SF3","10",5381.30222989256,-0.795109900567531,0.252103461076101,-3.15390315219638,0.00161102539453636,0.0241115471486735,"DOWN",96518110,96587452,"-",37.03,6100,1770,"transmembrane 9 superfamily member 3"
"PRDX3","10",2099.3752768829,-0.805870115982042,0.265542911652752,-3.03480183660814,0.00240693776043454,0.0302034393480522,"DOWN",119167720,119178812,"-",45.98,1553,771,"peroxiredoxin 3"
"CCSER2","10",6558.34141589592,-0.811996188616355,0.214975316936307,-3.77716009534683,0.000158626772970885,0.00755225813203507,"DOWN",84328586,84518521,"+",37.56,7653,3144,"coiled-coil serine rich protein 2"
"RPS24","10",4677.60628253748,-0.827026549972283,0.216421458871139,-3.82137036819768,0.000132712168283632,0.00689474145059678,"DOWN",78033760,78056813,"+",47.43,656,396,"ribosomal protein S24"
"NCOA4","10",4970.15940819377,-0.828335468565704,0.287588182554509,-2.88028340110499,0.00397317850179332,0.0397252150658839,"DOWN",46005088,46030623,"-",41.18,3489,1845,"nuclear receptor coactivator 4"
"IFIT5","10",1253.4822479398,-0.833004284144061,0.295471956148737,-2.81923298238408,0.00481385636076523,0.0443873160280091,"DOWN",89414568,89421605,"+",41.46,266,NA,"interferon induced protein with tetratricopeptide repeats 5"
"VPS26A","10",1587.04736821636,-0.836050199763406,0.233674050484331,-3.57784785272709,0.000346435002783561,0.0115411528613267,"DOWN",69123512,69174412,"+",39.83,3229,984,"VPS26 retromer complex component A"
"SAR1A","10",3130.36443591377,-0.836140914250718,0.231371872574818,-3.61383994063643,0.000301695349285813,0.0108261182757072,"DOWN",70147289,70170523,"-",40.56,5902,597,"secretion associated Ras related GTPase 1A"
"CDC123","10",1387.59993145996,-0.838023065233892,0.249395113104901,-3.36022247910447,0.000778797300653932,0.0168781285964301,"DOWN",12195965,12250589,"+",42.91,646,471,"cell division cycle 123"
"ARL5B","10",773.038737466871,-0.84719020490156,0.226766960679967,-3.73595078560492,0.000187007243348782,0.00831425953609127,"DOWN",18659431,18681639,"+",37.18,7170,540,"ADP ribosylation factor like GTPase 5B"
"PSAP","10",69228.2536585165,-0.876224042970717,0.294193077857177,-2.97839789213566,0.00289759557227334,0.0329782970955638,"DOWN",71816298,71851251,"-",47.65,2748,1575,"prosaposin"
"CCDC6","10",5468.03810713917,-0.878330839389723,0.300024230209892,-2.92753301550097,0.00341662784018787,0.0363388570548741,"DOWN",59788747,59906556,"-",40.9,5727,1425,"coiled-coil domain containing 6"
"GOT1","10",4105.66845587821,-0.880980971395737,0.312890556681424,-2.81562019876722,0.00486831818388648,0.0446681121378902,"DOWN",99396870,99430624,"-",42.9,1978,1242,"glutamic-oxaloacetic transaminase 1"
"CUL2","10",1873.40302358226,-0.911856289938764,0.237292339834335,-3.84275485072705,0.000121660976486447,0.00668686557298019,"DOWN",35008504,35127006,"-",40.8,4116,2121,"cullin 2"
"PLXDC2","10",6602.91032635334,-0.91645755580747,0.22225029356243,-4.12353811154826,3.73096693540542e-05,0.00371803626852041,"DOWN",19816239,20289856,"+",37.34,2822,1443,"plexin domain containing 2"
"STAM","10",1826.82289059017,-0.932534097404442,0.319227576035241,-2.92122036882395,0.00348663111171232,0.0366890478479785,"DOWN",17644151,17716824,"+",37.1,3856,1623,"signal transducing adaptor molecule"
"ADD3","10",16785.3309684519,-0.937005551591146,0.262550847644166,-3.5688536525354,0.000358546627845454,0.0117504183483335,"DOWN",109996368,110135565,"+",38.65,697,NA,"adducin 3"
"C10orf88","10",382.929982370545,-0.939364472955787,0.280737835164672,-3.34605584033511,0.000819698864112844,0.0173395232519596,"DOWN",122930901,122954311,"-",36.12,2913,1338,"chromosome 10 open reading frame 88"
"ACADSB","10",1909.14880098647,-0.941572832903371,0.316857347796299,-2.97159854253621,0.00296253784820669,0.0334041680171222,"DOWN",123008979,123058290,"+",40.73,1599,993,"acyl-CoA dehydrogenase short/branched chain"
"GSTO1","10",1275.52328667951,-0.944805457371997,0.302075759847906,-3.12771027323643,0.00176173750831955,0.025123457179373,"DOWN",104235356,104267459,"+",41.43,547,NA,"glutathione S-transferase omega 1"
"ENSG00000215146","10",599.260921326095,-0.946171088846671,0.333387795402746,-2.83804956838225,0.00453901331523663,0.0429165660837816,"DOWN",42336101,42353011,"-",34.24,2213,NA,"zinc finger protein pseudogene"
"IKZF5","10",1561.46974515676,-0.962606037896003,0.239180562016866,-4.02459978260325,5.70722916082104e-05,0.0044242001437057,"DOWN",122990807,123008812,"-",38.31,4532,1260,"IKAROS family zinc finger 5"
"ABI1","10",3226.42617345846,-0.964377812389476,0.259451602094757,-3.7169853822574,0.00020161410359231,0.00853982260855273,"DOWN",26746593,26861087,"-",38.44,3362,1356,"abl interactor 1"
"RAB18","10",2865.43143746653,-0.96790790783273,0.216301718719979,-4.47480451639763,7.64812536017919e-06,0.00156760644034995,"DOWN",27504174,27545117,"+",36.57,4941,150,"RAB18, member RAS oncogene family"
"BLOC1S2","10",1049.46299758407,-0.999318845253945,0.308178608850248,-3.24266128977024,0.00118418899732646,0.020649455724108,"DOWN",100273280,100286680,"-",47.31,2470,288,"biogenesis of lysosomal organelles complex 1 subunit 2"
"DNAJC12","10",962.502548876294,-0.99973169461728,0.330566348138705,-3.02429966101024,0.00249209462963395,0.0308621611430245,"DOWN",67796669,67838188,"-",39.64,1221,597,"DnaJ heat shock protein family (Hsp40) member C12"
"ATAD1","10",2372.65052004713,-1.00345584061688,0.295809088761461,-3.39224141089885,0.000693233324985372,0.015937776804274,"DOWN",87751512,87841361,"-",36.12,4640,1086,"ATPase family AAA domain containing 1"
"ATP5F1C","10",2316.09412497546,-1.02237787469082,0.277302537614621,-3.68686808092489,0.000227030971359988,0.00924405904598093,"DOWN",7788147,7807815,"+",40.09,1101,897,"ATP synthase F1 subunit gamma"
"ANXA7","10",3528.589544384,-1.03199601000964,0.260185395606231,-3.96638715099704,7.29703004086102e-05,0.00516040843766856,"DOWN",73375101,73414076,"-",40.79,2443,1401,"annexin A7"
"PPP3CB","10",6736.81476546121,-1.03596850255809,0.301105683568249,-3.4405478179002,0.000580537844807534,0.014697558568883,"DOWN",73436433,73496024,"-",38.91,3519,1575,"protein phosphatase 3 catalytic subunit beta"
"TIMM23","10",809.587722664138,-1.03742017616646,0.269617555147381,-3.84774713797615,0.000119208999067246,0.00665367237453687,"DOWN",45972489,46003742,"+",40.13,1190,630,"translocase of inner mitochondrial membrane 23"
"IDI1","10",2505.61763955739,-1.07408381561889,0.332973697496708,-3.2257317130267,0.00125651079589472,0.0212002745303878,"DOWN",1039152,1049119,"-",42.88,3370,684,"isopentenyl-diphosphate delta isomerase 1"
"GHITM","10",6045.46114246656,-1.07803852360648,0.332329714239649,-3.24388243787639,0.00117912401922964,0.0206481950448509,"DOWN",84139482,84154841,"+",37.79,3666,1038,"growth hormone inducible transmembrane protein"
"OAT","10",3388.93056394104,-1.10029516030033,0.348983413925619,-3.15285803392033,0.00161680415850106,0.0241681244607581,"DOWN",124397303,124418976,"-",42.49,2039,1320,"ornithine aminotransferase"
"CISD1","10",927.752414417383,-1.13605860521711,0.342094449104297,-3.32089166658986,0.000897303594308216,0.0180700955303401,"DOWN",58269162,58289586,"+",36.69,2375,327,"CDGSH iron sulfur domain 1"
"LIPA","10",3041.90903361406,-1.22638878069794,0.382399974683949,-3.20708384385103,0.00134087909384345,0.0217217024539168,"DOWN",89213569,89414557,"-",41.43,2513,1032,"lipase A, lysosomal acid type"
"THNSL1","10",527.826808993286,-1.25413933161772,0.331643834089208,-3.78158494959498,0.000155833025787968,0.00747813008275358,"DOWN",25016612,25026664,"+",37.78,3737,2232,"threonine synthase like 1"
"PPA1","10",2224.29932824429,-1.27217491703712,0.27710578824396,-4.59093592053412,4.41262808849038e-06,0.00110024559740442,"DOWN",70202835,70233911,"-",39.8,1292,870,"inorganic pyrophosphatase 1"
"LINC00845","10",20.775582546812,-1.91587264545419,0.525850796355368,-3.64337690221819,0.000269084369901956,0.0103139058168759,"DOWN",61001040,61194728,"+",38.69,696,NA,"long intergenic non-protein coding RNA 845"
"YWHAZP5","10",26.3778941495488,-2.25636886297349,0.713914173103018,-3.16056039785037,0.00157465954699349,0.0238570151044278,"DOWN",105686322,105687051,"+",42.33,730,NA,"tyrosine 3-monooxygenase/tryptophan 5-monooxygenase activation protein zeta pseudogene 5"
"MUC5B","11",61.1524651790886,2.5932056959349,0.744038219126505,3.48531248701083,0.000491562616330783,0.0137420735669474,"UP",1223066,1262172,"+",65.56,4026,NA,"mucin 5B, oligomeric mucus/gel-forming"
"PDE2A-AS1","11",25.8847104526565,2.52076143378175,0.839700610953518,3.0019764198091,0.0026823295216634,0.0317526707682303,"UP",72643237,72659407,"+",55.01,562,NA,"PDE2A antisense RNA 1"
"DRD4","11",111.388142904893,2.50470463760712,0.614638720709168,4.07508435966612,4.59976694162847e-05,0.00399555985971903,"UP",637269,640706,"+",67.07,1399,1260,"dopamine receptor D4"
"SNORA3B","11",75.582979419318,2.41680465586327,0.421145858133939,5.738640447687,9.54395977387714e-09,3.29757444415704e-05,"UP",8685439,8685569,"+",52.67,131,NA,"small nucleolar RNA, H/ACA box 3B"
"ENSG00000255041","11",30.3818261760978,2.32514159767246,0.834273093464699,2.78702695302835,0.00531940544517804,0.0467327061740197,"UP",45387215,45513802,"-",47.59,606,NA,"novel transcript"
"SNORD67","11",49.0933456354633,2.18061601695502,0.469122601227102,4.64828599443109,3.34704633015537e-06,0.000941298401641137,"UP",46762389,46762499,"-",51.35,111,NA,"small nucleolar RNA, C/D box 67"
"ENSG00000288033","11",69.8986079617924,2.03352687306663,0.563936778843926,3.60594830724708,0.000311015049728951,0.0110308988252017,"UP",512513,518134,"+",51.14,944,NA,"novel transcript"
"CLCF1","11",75.1129261074099,1.99640062836157,0.628762997824748,3.17512422847443,0.00149772366182436,0.0232056018481,"UP",67364168,67374177,"-",60.06,1705,678,"cardiotrophin like cytokine factor 1"
"ENSG00000279459","11",68.9685661088193,1.97755575355243,0.580750729874196,3.40517136152513,0.000661225472958476,0.0155020919029642,"UP",70603304,70604859,"+",57.07,1556,NA,"TEC"
"KRTAP5-1","11",148.282432718691,1.85711593951708,0.625091416662959,2.97095095215234,0.00296879190502968,0.0334123783224979,"UP",1584342,1585283,"-",64.76,942,837,"keratin associated protein 5-1"
"ENSG00000290057","11",21.6607491326895,1.83440852522344,0.614651235728292,2.98447057224228,0.00284069524752108,0.032623483027799,"UP",65416554,65422273,"+",56.59,692,NA,"novel transcript"
"ENSG00000270403","11",57.8042862915977,1.82650564952536,0.474811647122415,3.84680043253963,0.000119670366448505,0.00665367237453687,"UP",117659056,117668872,"+",50.49,706,NA,"novel transcript"
"ENSG00000255320","11",72.0471352166608,1.77842591900363,0.470785018047267,3.77757543428257,0.000158362546836556,0.00755225813203507,"UP",66244549,66258681,"-",53.2,1044,NA,"novel transcript"
"MUC6","11",218.171860692502,1.69847999024569,0.475997566619376,3.56825351505179,0.000359368706050551,0.0117614229019467,"UP",1012823,1036718,"-",63.4,8016,7320,"mucin 6, oligomeric mucus/gel-forming"
"ENSG00000279586","11",101.335299830849,1.66416268299607,0.446958507895159,3.72330463253296,0.000196632028819781,0.00848213694411366,"UP",117611101,117612017,"-",48.85,917,NA,"novel transcript"
"IGSF9B","11",3241.58377053478,1.58980224996081,0.422751490349693,3.76060708537242,0.000169501493411383,0.00783855281003387,"UP",133896438,133956968,"-",55.74,17159,4314,"immunoglobulin superfamily member 9B"
"UCP3","11",88.2567412461157,1.47037465392063,0.503631599415728,2.91954407870046,0.00350543816046369,0.0367820075266702,"UP",74000277,74009085,"-",52.41,2277,939,"uncoupling protein 3"
"CSKMT","11",203.20129727425,1.46210521468074,0.274749795031594,5.32158800887408,1.02865324765704e-07,0.000177707196055951,"UP",62665309,62668496,"+",52.54,1368,NA,"citrate synthase lysine methyltransferase"
"PIDD1","11",615.631527751976,1.41316229151123,0.388017684054288,3.64200486108132,0.000270522963503969,0.0103187190602337,"UP",799179,809753,"-",62.59,3175,327,"p53-induced death domain protein 1"
"CHRNA10","11",46.9578565545522,1.41175626288836,0.470991297581926,2.99741475083793,0.00272279999349907,0.0319791458056926,"UP",3665587,3671384,"-",56.26,1945,1353,"cholinergic receptor nicotinic alpha 10 subunit"
"CRACR2B","11",132.439670271342,1.35903219880668,0.420273682614435,3.23368379945284,0.00122204673673403,0.0209519309885192,"UP",826144,831991,"+",66.16,575,104,"calcium release activated channel regulator 2B"
"SHANK2-AS1","11",148.266696436808,1.35332631302431,0.465169598174299,2.90931806019967,0.0036221814776503,0.0374865559342962,"UP",70626441,70648360,"+",51.98,2822,NA,"SHANK2 antisense RNA 1"
"ENSG00000285581","11",97.8187821652557,1.34719269742227,0.436736068864337,3.08468384790254,0.00203768628674303,0.0274866037541366,"UP",1464582,1467632,"-",57.92,2432,NA,"novel transcript"
"TSPAN4","11",491.331641926607,1.34473390845324,0.393101151083897,3.42083431896702,0.000624293520199907,0.0151750382709095,"UP",842812,867116,"+",65.02,1025,717,"tetraspanin 4"
"OTOG","11",30.6246723054536,1.3394877351554,0.473522763903046,2.8287715760792,0.00467270370141717,0.0436753432849656,"UP",17547259,17647150,"+",48.82,8956,8742,"otogelin"
"ENSG00000235286","11",65.3879923668216,1.31641640575704,0.465104607951213,2.83036629448987,0.0046494740006678,0.0435597107148125,"UP",111670956,111672404,"-",53.76,1449,NA,"keratin 8 (KRT8) pseudogene"
"ENSG00000254537","11",77.9914683435864,1.30341204739346,0.472455205350857,2.75880556004355,0.00580130413722814,0.0490817947527416,"UP",33403216,33403605,"+",51.54,390,NA,"novel pseudogene"
"SNORD15B","11",3570.82066942464,1.29986752993642,0.449091932812031,2.89443527029571,0.00379841215923096,0.0386488836698191,"UP",75404421,75404566,"+",47.95,146,NA,"small nucleolar RNA, C/D box 15B"
"TREH","11",247.83467717332,1.28517301250008,0.462354572751866,2.77962647768555,0.00544214562399892,0.0473104714194649,"UP",118657316,118679690,"-",49.56,2748,1752,"trehalase"
"ENSG00000287897","11",68.3511191244186,1.26688897518752,0.410678946758714,3.08486467394164,0.00203644787711585,0.0274866037541366,"UP",115332529,115333418,"-",43.26,378,NA,"novel transcript, sense intronic to CADM1"
"TMPRSS5","11",546.36978756367,1.25294284721507,0.401054723639475,3.12411941154793,0.00178338065894915,0.0252830273255241,"UP",113687547,113706373,"-",49.51,1811,444,"transmembrane serine protease 5"
"SNORA23","11",237.309680795199,1.2264514113546,0.410504934898008,2.98766545074378,0.00281117089984009,0.0324581430594502,"UP",9428773,9428954,"+",46.15,182,NA,"small nucleolar RNA, H/ACA box 23"
"LRFN4","11",721.006180010796,1.22427499205898,0.231964266586283,5.27786029320855,1.30701048377279e-07,0.000186840828863678,"UP",66856647,66860475,"+",70.38,274,NA,"leucine rich repeat and fibronectin type III domain containing 4"
"B4GALNT4","11",3914.59307533956,1.18626633852458,0.306557894024303,3.86963233258165,0.000108999605655992,0.00638444420502845,"UP",369499,382117,"+",66.45,3750,3120,"beta-1,4-N-acetyl-galactosaminyltransferase 4"
"ENSG00000250699","11",42.8856321836782,1.17632827754191,0.422203650420547,2.78616320908215,0.00533360100392077,0.0467662903011955,"UP",117316362,117328038,"-",44.57,488,NA,"novel transcript, antisense to CEP164"
"LRRC32","11",1156.51364499012,1.16858158058069,0.421672623143805,2.77130056930957,0.00558328622256219,0.0481044321767052,"UP",76657524,76670747,"-",56.19,4207,1989,"leucine rich repeat containing 32"
"TBC1D10C","11",187.383975657867,1.16736074270819,0.367091642085711,3.18002539114095,0.00147262148292043,0.022919448639584,"UP",67403915,67410089,"+",61.91,1520,933,"TBC1 domain family member 10C"
"SNORA54","11",402.078150380518,1.16333442813852,0.39358024117945,2.9557744683837,0.00311885058776401,0.0343592294996278,"UP",2963771,2963893,"-",49.59,123,NA,"small nucleolar RNA, H/ACA box 54"
"SLC22A18","11",88.0389036356495,1.15325697815667,0.288548526822629,3.99675226505515,6.42174433037194e-05,0.00476430393786429,"UP",2899721,2925246,"+",61.48,1542,1275,"solute carrier family 22 member 18"
"PGGHG","11",318.417324621737,1.12801425105898,0.342642331633488,3.29210417662454,0.000994407688151022,0.0190236900414978,"UP",289126,296107,"+",64.81,3699,2214,"protein-glucosylgalactosylhydroxylysine glucosidase"
"PITPNM1","11",4060.28019161291,1.12581002435101,0.246283391449018,4.57119750433538,4.84944944223673e-06,0.00118153523631192,"UP",67491760,67506263,"-",62.46,4224,3732,"phosphatidylinositol transfer protein membrane associated 1"
"NCAM1-AS1","11",800.00597562295,1.01346009832813,0.334019868429369,3.03413118235639,0.00241229510820489,0.0302456036739468,"UP",113265137,113274032,"-",52.56,5727,NA,"NCAM1 antisense RNA1"
"ENSG00000237654","11",258.17521624897,0.982113787788031,0.322238982269205,3.04778081432604,0.00230538014125422,0.0295015471409389,"UP",131502715,131540867,"-",45.04,682,NA,"novel transcript"
"EPS8L2","11",633.177445401404,0.97348956133007,0.286608194525855,3.39658662914556,0.000682319559061018,0.015831216622877,"UP",694438,727727,"+",59.66,580,316,"EPS8 signaling adaptor L2"
"GDPD5","11",538.522390874076,0.94989830568396,0.273084747731597,3.47840116877408,0.000504414404662876,0.0139326694000631,"UP",75434640,75525941,"-",53.42,4150,1404,"glycerophosphodiester phosphodiesterase domain containing 5"
"CCDC88B","11",1048.52250202145,0.935602870822674,0.329797801815762,2.8368984440513,0.00455540991679848,0.0429843611485222,"UP",64340204,64357534,"+",61.62,4934,4431,"coiled-coil domain containing 88B"
"IFITM10","11",273.024381127063,0.935363997878145,0.263397607917708,3.55114841502424,0.000383554063676389,0.012270685957774,"UP",1732406,1750595,"-",55.18,3714,687,"interferon induced transmembrane protein 10"
"INPPL1","11",2456.45473658083,0.912667572464333,0.264948599706785,3.44469672032375,0.00057170045565311,0.0146164346938965,"UP",72223701,72239147,"+",58.53,375,67,"inositol polyphosphate phosphatase like 1"
"POLD4","11",292.082116895022,0.909081559166643,0.265839591742088,3.41966203457239,0.00062698979215852,0.0152068236883781,"UP",67350772,67356972,"-",58.04,1694,324,"DNA polymerase delta 4, accessory subunit"
"BCL9L","11",3178.53651501296,0.900116670352108,0.188077340338767,4.78588578895686,1.70234847284123e-06,0.000823460003282761,"UP",118893875,118925926,"-",59.41,10005,4500,"BCL9 like"
"BTBD18","11",207.468073436273,0.873249403444991,0.287126318705587,3.04134224748795,0.00235525947316756,0.0299007238543224,"UP",57743514,57752675,"-",46.21,2947,2139,"BTB domain containing 18"
"DCHS1","11",2264.97855958177,0.872549491904804,0.187208375267841,4.66084645335145,3.14911594571884e-06,0.00093922389999178,"UP",6621330,6655809,"-",52.61,10713,9897,"dachsous cadherin-related 1"
"EHBP1L1","11",1920.46626971923,0.870913318620534,0.203152432833609,4.28699428538889,1.81106950430602e-05,0.0025918655048015,"UP",65576046,65592650,"+",60.61,2267,2010,"EH domain binding protein 1 like 1"
"CEP164","11",2030.93406426896,0.839730700905807,0.254728309764447,3.29657391313248,0.000978718580100065,0.0189067792158947,"UP",117314557,117413266,"+",47.97,616,347,"centrosomal protein 164"
"RASGRP2","11",740.358492115074,0.826165499664255,0.203618401531495,4.05742061351202,4.96176748404419e-05,0.00415983903190556,"UP",64726911,64745456,"-",55.63,2409,NA,"RAS guanyl releasing protein 2"
"AP5B1","11",1310.78114787153,0.805729446596299,0.24792698685454,3.24986584485466,0.00115459461795472,0.0203981193790013,"UP",65773898,65780976,"-",59.61,6980,2637,"adaptor related protein complex 5 subunit beta 1"
"SLC39A13","11",1164.98329679649,0.783402092606026,0.230925469400415,3.39244560004613,0.000692716856912702,0.015937776804274,"UP",47407132,47416496,"+",60.59,1805,978,"solute carrier family 39 member 13"
"ATG16L2","11",1121.92785242162,0.782528218225768,0.261810073343922,2.9889156220426,0.00279969436090684,0.0324355962415013,"UP",72814406,72843674,"+",52.71,1614,495,"autophagy related 16 like 2"
"RASSF7","11",258.940693076754,0.781954030256583,0.279728927271212,2.79539923841497,0.00518356576350275,0.0460263121429045,"UP",560404,564025,"+",69.11,1745,1014,"Ras association domain family member 7"
"KCNQ1OT1","11",5477.12601562496,0.767829596050031,0.27444260963357,2.79777836639587,0.00514554071566895,0.0458304807213113,"UP",2597308,2700003,"-",43.18,679,NA,"KCNQ1 opposite strand/antisense transcript 1"
"BRSK2","11",4938.32442496117,0.767111123052312,0.239058324154464,3.20888689304395,0.00133249899800845,0.0217155022007341,"UP",1389899,1462689,"+",63.85,4089,2007,"BR serine/threonine kinase 2"
"PRDM11","11",1670.97093237408,0.745749821182247,0.235350111939639,3.16868267041025,0.00153131486732943,0.0235471692789819,"UP",45095806,45235110,"+",47.84,1536,1434,"PR/SET domain 11"
"ESRRA","11",835.428943161446,0.743170393637655,0.238240043995455,3.11941847043914,0.00181208401475886,0.0255250810453002,"UP",64305497,64316743,"+",57.13,2293,1521,"estrogen related receptor alpha"
"ABCC8","11",2326.39482106509,0.693915284386546,0.219977232350621,3.15448683925851,0.00160780629805107,0.0240879808879156,"UP",17392498,17476894,"-",50.03,5336,4812,"ATP binding cassette subfamily C member 8"
"SSH3","11",784.960733089424,0.687963392499939,0.228817922359865,3.00659749640576,0.00264189318870201,0.0315384149367951,"UP",67303478,67312607,"+",61.2,2990,1542,"slingshot protein phosphatase 3"
"DNHD1","11",2037.74205706374,0.684826217137013,0.230695411757809,2.96852985466379,0.00299228033009355,0.0335673896399084,"UP",6497260,6593758,"+",43.78,1842,NA,"dynein heavy chain domain 1"
"PHRF1","11",5503.22747951407,0.667980843388242,0.14621276820313,4.56855342797581,4.9110188987167e-06,0.00118153523631192,"UP",576470,612222,"+",56.31,5278,4947,"PHD and ring finger domains 1"
"NUDT22","11",364.155620139002,0.638901674326369,0.228798786993555,2.79241722703873,0.00523158505675456,0.0462805838268712,"UP",64225941,64230686,"+",59.06,746,371,"nudix hydrolase 22"
"MOB2","11",705.379583255649,0.627850009336345,0.219350925200169,2.86230846194699,0.0042056737541392,0.041176708128257,"UP",1469457,1501247,"-",54.17,3174,NA,"MOB kinase activator 2"
"TNKS1BP1","11",4010.27066290076,0.602390531709124,0.205531369205285,2.9308933913025,0.00337988750103806,0.036090931170025,"UP",57299638,57324952,"-",55.55,4336,732,"tankyrase 1 binding protein 1"
"OSBPL5","11",1402.73008988863,0.593096381324183,0.169900334166527,3.490848821656,0.000481488619553818,0.0136521497684978,"UP",3087107,3166739,"-",57,3854,2640,"oxysterol binding protein like 5"
"PLCB3","11",1019.7026542527,0.554383159809488,0.166798262625842,3.32367466592304,0.00088839769687607,0.0180026750675546,"UP",64251530,64269150,"+",60.31,4192,3705,"phospholipase C beta 3"
"PCNX3","11",2859.68082694314,0.52414800987045,0.178086510526671,2.94322129351819,0.00324816144040216,0.0352792417756299,"UP",65615776,65637439,"+",60.5,7102,6105,"pecanex 3"
"RPS6KA4","11",1959.11491968792,0.519678331317601,0.144981540895485,3.58444480661321,0.00033779598528515,0.0113787377438811,"UP",64359148,64372215,"+",56.99,3121,2298,"ribosomal protein S6 kinase A4"
"MAP4K2","11",1709.64463161058,0.502220494255102,0.16780913344371,2.99280786420107,0.00276423712527227,0.0321625475867118,"UP",64784918,64803241,"-",56.72,7147,2463,"mitogen-activated protein kinase kinase kinase kinase 2"
"USP35","11",1281.3708458232,0.49783464006852,0.17146141434253,2.90347914122528,0.00369041553158258,0.0379039569027215,"UP",78188812,78215232,"+",52.98,2419,1761,"ubiquitin specific peptidase 35"
"DENND2B","11",2695.92150897034,0.494001981714503,0.164121376738599,3.00997951352379,0.00261265311340053,0.0314632962233358,"UP",8693351,8910951,"-",45.03,3019,2154,"DENN domain containing 2B"
"NUP98","11",3347.81037854135,-0.440078377594597,0.155014090201967,-2.83895726524745,0.00452612181058927,0.0428617001217354,"DOWN",3671083,3797792,"-",41.69,580,281,"nucleoporin 98 and 96 precursor"
"ZBED5","11",1539.94246931234,-0.463557014229436,0.135145110444427,-3.43006870692561,0.000603428431457459,0.0149534016836374,"DOWN",10812074,10858796,"-",40.77,3677,NA,"zinc finger BED-type containing 5"
"SRPRA","11",2741.79725430823,-0.472702373258928,0.156122087071925,-3.02777385394005,0.00246362377267063,0.0306035976198315,"DOWN",126262938,126269144,"-",49.57,2986,1917,"SRP receptor subunit alpha"
"QSER1","11",3888.70249583026,-0.508415495278068,0.149702342093584,-3.39617595935967,0.000683344151818975,0.015831216622877,"DOWN",32892811,32993316,"+",38.69,9706,5595,"glutamine and serine rich 1"
"TRIM68","11",642.608488056622,-0.51685174518399,0.177832117405846,-2.9064026944269,0.00365610592350442,0.0377085619897134,"DOWN",4598672,4608231,"-",46.45,3324,1458,"tripartite motif containing 68"
"RPUSD4","11",591.758570841736,-0.518074508200664,0.181240622754945,-2.85849000254844,0.00425662521583343,0.0413614379758779,"DOWN",126202096,126211692,"-",43.35,2468,1134,"RNA pseudouridine synthase D4"
"TTC9C","11",436.600030261883,-0.531522523844434,0.157333087624886,-3.37832640208328,0.000729284619764288,0.0163622243169008,"DOWN",62728069,62740293,"+",47.12,606,421,"tetratricopeptide repeat domain 9C"
"DPAGT1","11",311.058632090181,-0.533766731975644,0.179470503367957,-2.97411954588045,0.00293830576449559,0.0332073967831736,"DOWN",119096025,119108331,"-",50.63,2214,174,"dolichyl-phosphate N-acetylglucosaminephosphotransferase 1"
"USP47","11",5532.02428403757,-0.538784844380045,0.16611455633857,-3.24345353144073,0.00118090071711249,0.0206481950448509,"DOWN",11841423,11961887,"+",35.56,7775,3864,"ubiquitin specific peptidase 47"
"PRCP","11",2676.7907094362,-0.553278019257727,0.201164349527522,-2.75037808914561,0.00595265368930871,0.049822100728572,"DOWN",82822936,82970584,"-",39.33,3489,1491,"prolylcarboxypeptidase"
"CEP57","11",983.604769911058,-0.558572498153367,0.131164556022507,-4.258562793881,2.05745427139269e-05,0.0028273630118127,"DOWN",95789965,95832693,"+",37.69,1647,1422,"centrosomal protein 57"
"GANAB","11",4916.12188647947,-0.562076261149826,0.201847868223582,-2.78465294727427,0.00535850425863031,0.0469228037651096,"DOWN",62624826,62646726,"-",50.02,3718,159,"glucosidase II alpha subunit"
"TCP11L1","11",2540.6512488069,-0.571638309355497,0.163152512458751,-3.50370521875979,0.00045883296409198,0.0133541926227781,"DOWN",33039417,33105943,"+",42.1,739,NA,"t-complex 11 like 1"
"SRSF8","11",1535.89934049404,-0.572595082222016,0.192073472211041,-2.98112527269189,0.00287191285028304,0.0328416473744423,"DOWN",95066919,95071225,"+",45.07,4307,849,"serine and arginine rich splicing factor 8"
"POLD3","11",505.368263051999,-0.575060858596345,0.140679579281257,-4.08773513209505,4.35605083737156e-05,0.0039165593142256,"DOWN",74493851,74669117,"+",41.72,513,333,"DNA polymerase delta 3, accessory subunit"
"METTL15","11",584.497573071365,-0.587230240989575,0.182506385284561,-3.21758737412927,0.00129273645969449,0.021385857738831,"DOWN",28108248,28527041,"+",36.8,4304,840,"methyltransferase 15, mitochondrial 12S rRNA N4-cytidine"
"RBM7","11",359.678568499423,-0.598176531655934,0.209805766477493,-2.85109671530455,0.00435687151088844,0.0420066503969319,"DOWN",114400030,114414203,"+",38.27,4243,801,"RNA binding motif protein 7"
"EIF3F","11",3246.7140698496,-0.598617991827654,0.166489340876879,-3.59553343580318,0.000323727544154705,0.011137516903166,"DOWN",7970251,8001862,"+",41.38,7540,1074,"eukaryotic translation initiation factor 3 subunit F"
"ATP5MG","11",1179.96334035993,-0.611690808491557,0.210686654845806,-2.90332014117947,0.00369228985623137,0.0379039569027215,"DOWN",118401346,118433278,"+",42.73,2788,231,"ATP synthase membrane subunit g"
"MRPL16","11",820.855710721117,-0.614143747377505,0.211371503145442,-2.90551819066604,0.0036664553655411,0.0377977796850006,"DOWN",59806140,59810778,"-",44.32,1083,756,"mitochondrial ribosomal protein L16"
"FBXO3","11",2708.55771010275,-0.615364657683681,0.204615545923729,-3.0074188884605,0.00263476426501563,0.0314999547768997,"DOWN",33740939,33774543,"-",37.03,5798,1077,"F-box protein 3"
"ANO5","11",2265.31134382839,-0.621268926794261,0.201539815246365,-3.08261137400971,0.00205192930964432,0.0275447394582679,"DOWN",21782659,22283567,"+",36.43,658,NA,"anoctamin 5"
"MTMR2","11",2192.81426552301,-0.655081937808091,0.218084807251528,-3.00379446905971,0.0026663538248193,0.0316896479641669,"DOWN",95821766,95925315,"-",36.51,5108,210,"myotubularin related protein 2"
"DNAJC24","11",658.719042241502,-0.66055308369928,0.185577195843938,-3.55945179953455,0.000371629730191546,0.0120485746037704,"DOWN",31369840,31432835,"+",36.51,724,NA,"DnaJ heat shock protein family (Hsp40) member C24"
"TBCEL","11",779.446130713895,-0.666511457814583,0.236382876087851,-2.81962665335739,0.00480795530126814,0.0443836667620119,"DOWN",121024072,121090776,"+",36.59,1375,1275,"tubulin folding cofactor E like"
"TMX2","11",1684.03581740617,-0.676798562724053,0.216736685836445,-3.12267653310332,0.00179214592855583,0.0253330458375519,"DOWN",57712580,57742987,"+",45.81,1573,669,"thioredoxin related transmembrane protein 2"
"TMEM9B","11",1501.23719445787,-0.682671317267623,0.230478585672293,-2.96197286735473,0.00305674719149883,0.0338998713857406,"DOWN",8947202,8965011,"-",42.66,1844,597,"TMEM9 domain family member B"
"ZW10","11",652.651435411778,-0.686897037984819,0.169278641269423,-4.05778917430911,4.95394575319198e-05,0.00415983903190556,"DOWN",113733187,113773735,"-",39.08,2873,2340,"zw10 kinetochore protein"
"FAR1","11",4628.45751701646,-0.70081858512736,0.230346382346362,-3.04245535783397,0.0023465662098026,0.0298548397423911,"DOWN",13668659,13732346,"+",36.04,2484,369,"fatty acyl-CoA reductase 1"
"THYN1","11",1162.2189973551,-0.70322751297381,0.2544430877687,-2.76379098815636,0.00571341238336283,0.0487369746385352,"DOWN",134248279,134253370,"-",43.95,893,678,"thymocyte nuclear protein 1"
"SORL1","11",33505.3635797204,-0.711809774503733,0.249924277891628,-2.84810175509394,0.0043980859901513,0.0421971792523837,"DOWN",121452314,121633763,"+",43.54,10863,6645,"sortilin related receptor 1"
"AAMDC","11",167.608083067698,-0.713272909338822,0.240608011149275,-2.96446035163934,0.0030321431315671,0.0337927718558799,"DOWN",77821109,77918432,"+",41.82,690,267,"adipogenesis associated Mth938 domain containing"
"EIF4G2","11",19203.2805759305,-0.720035722461049,0.20795150165869,-3.46251754239717,0.00053514702800388,0.0142387965008821,"DOWN",10797050,10808940,"-",41.39,4001,2724,"eukaryotic translation initiation factor 4 gamma 2"
"NDUFC2","11",712.610238429352,-0.720416446929995,0.254849914611378,-2.8268263225772,0.00470118175908441,0.0437823573450964,"DOWN",78068297,78079862,"-",44.35,2168,360,"NADH:ubiquinone oxidoreductase subunit C2"
"C11orf58","11",4702.94266931158,-0.747825652849747,0.260033257729429,-2.87588464406302,0.00402896924639531,0.0400410239630828,"DOWN",16613132,16758340,"+",38.18,813,NA,"chromosome 11 open reading frame 58"
"DDX25","11",769.660451155287,-0.766325011173059,0.247148002164969,-3.10067248960218,0.00193081719981174,0.0266253901512129,"DOWN",125903348,125943702,"+",44.92,2584,594,"DEAD-box helicase 25"
"SPCS2","11",916.541664467576,-0.771797857266838,0.272711775353946,-2.83008629262576,0.00465354510580295,0.043561539880651,"DOWN",74949261,74979033,"+",39.25,612,474,"signal peptidase complex subunit 2"
"CAPRIN1","11",11313.3366883958,-0.772816038444723,0.25306842923133,-3.05378288707158,0.00225975557465402,0.0291335012412484,"DOWN",34051731,34102610,"+",40.01,5514,2130,"cell cycle associated protein 1"
"TRMT112","11",1186.2097249241,-0.775069063126604,0.237903232820062,-3.25791732184163,0.00112233100191717,0.0201353190373819,"DOWN",64316460,64318074,"-",56.28,823,NA,"tRNA methyltransferase activator subunit 11-2"
"BTBD10","11",3122.9767542482,-0.77594306427032,0.252490161182942,-3.07316158631666,0.0021180376644968,0.0280541396240523,"DOWN",13388008,13463297,"-",36.23,2439,1428,"BTB domain containing 10"
"RPS25","11",3002.00600171802,-0.781067682202047,0.262458119505283,-2.97597073268036,0.00292062733535335,0.0331013614534644,"DOWN",119015712,119018691,"-",47.62,508,120,"ribosomal protein S25"
"NPAT","11",1227.34462631225,-0.78607447279187,0.188031338724412,-4.18055031743395,2.90804450704309e-05,0.00348472301838849,"DOWN",108155280,108222638,"-",40.14,8048,4284,"nuclear protein, coactivator of histone transcription"
"CTSC","11",711.016470465784,-0.793427940290577,0.260084973939107,-3.05064890244809,0.00228347422405062,0.029329850017466,"DOWN",88265069,88359684,"-",37.69,1206,909,"cathepsin C"
"RPL27A","11",4659.42215866204,-0.808810195342481,0.247205448973354,-3.27181378364221,0.00106859934356575,0.0196643214848433,"DOWN",8682788,8714759,"+",50.4,607,NA,"ribosomal protein L27a"
"NELL1","11",1402.9604151106,-0.820697603412215,0.270294091590583,-3.03631351533697,0.00239490202375648,0.0301368888379679,"DOWN",20669551,21575686,"+",38.29,3094,2262,"neural EGFL like 1"
"DDX6","11",12375.816624838,-0.823517425864708,0.201164845795637,-4.09374422557566,4.24462534619186e-05,0.00385941761740588,"DOWN",118747763,118791164,"-",41.56,6128,1452,"DEAD-box helicase 6"
"PRMT3","11",941.542509994372,-0.834012078272613,0.17931295826569,-4.65115341545393,3.30083649629129e-06,0.00093922389999178,"DOWN",20387558,20509338,"+",36,2530,141,"protein arginine methyltransferase 3"
"CUL5","11",2493.21317476462,-0.836473756812717,0.238673564193537,-3.50467702461774,0.000457161520912737,0.0133541926227781,"DOWN",108008898,108107761,"+",39.36,6171,2343,"cullin 5"
"CKAP5","11",11060.8144969356,-0.850460029124072,0.259640760759154,-3.2755258713518,0.00105465454077752,0.0195163540346176,"DOWN",46743048,46846308,"-",40.42,7172,6099,"cytoskeleton associated protein 5"
"EIF3M","11",2030.133751494,-0.853972679802796,0.265174282255303,-3.22042044401806,0.00128002714882709,0.0212921159707923,"DOWN",32583798,32606264,"+",37.78,1697,372,"eukaryotic translation initiation factor 3 subunit M"
"TRAPPC4","11",624.803551813405,-0.862484912308477,0.198088113657598,-4.3540467743527,1.33647171217752e-05,0.0022292348159121,"DOWN",119018763,119025454,"+",48.86,569,NA,"trafficking protein particle complex subunit 4"
"DLAT","11",1415.37803722104,-0.866471427814005,0.250241327672451,-3.46254328121276,0.000535095845093881,0.0142387965008821,"DOWN",112025033,112064404,"+",41.14,3465,1944,"dihydrolipoamide S-acetyltransferase"
"CWC15","11",1359.37582423936,-0.870504277953887,0.221544004993799,-3.92926126788334,8.52072222018297e-05,0.00562228028136456,"DOWN",94962620,94973586,"-",37.35,1522,690,"CWC15 spliceosome associated protein homolog"
"ARL14EP","11",1038.58026781828,-0.874213529359525,0.211998300340099,-4.12368178403819,3.72863934009249e-05,0.00371803626852041,"DOWN",30323104,30338458,"+",36.37,2373,783,"ADP ribosylation factor like GTPase 14 effector protein"
"PICALM","11",6734.1500172174,-0.87630590175008,0.254256631154314,-3.44654099195639,0.000567812415411406,0.0145940142505095,"DOWN",85957175,86069882,"-",37.29,4134,1959,"phosphatidylinositol binding clathrin assembly protein"
"TMEM126A","11",201.688805606154,-0.877104445239914,0.252835234696611,-3.46907521134225,0.000522253227818111,0.0141356709552755,"DOWN",85647967,85656547,"+",37.69,726,120,"transmembrane protein 126A"
"SIAE","11",1425.62983470797,-0.888549198005984,0.315970186742665,-2.81212986315587,0.00492146291610275,0.0447557425971243,"DOWN",124633113,124695707,"-",40.66,5441,1572,"sialic acid acetylesterase"
"TMEM123","11",3158.23523742938,-0.890487922275127,0.29278648080987,-3.04142431649155,0.0023546175181755,0.0299007238543224,"DOWN",102396332,102470384,"-",40.62,3304,627,"transmembrane protein 123"
"TPP1","11",4987.73812358051,-0.894405583286542,0.290749191587375,-3.07621004345169,0.00209650100933196,0.0279064245523956,"DOWN",6612768,6619448,"-",50.28,3492,1692,"tripeptidyl peptidase 1"
"LIN7C","11",2623.39071172881,-0.932080175971607,0.22732219560349,-4.10026030892909,4.12685674026072e-05,0.00385375124015235,"DOWN",27494418,27506769,"-",36.98,4842,594,"lin-7 homolog C, crumbs cell polarity complex component"
"API5","11",2578.51290334897,-0.934389090156296,0.287882493151828,-3.24573085332946,0.00117149538400699,0.0206231347760127,"DOWN",43311963,43344529,"+",37.75,560,372,"apoptosis inhibitor 5"
"RPS13","11",2379.67620360306,-0.939978073246964,0.311758049399452,-3.01508838362849,0.00256904380696146,0.0312235645804874,"DOWN",17074388,17077715,"-",46.06,527,456,"ribosomal protein S13"
"TIMM8B","11",632.877867347999,-0.952243132364342,0.303848327554984,-3.1339423192712,0.00172474755968953,0.0248500190140332,"DOWN",112084800,112086798,"-",46.22,780,252,"translocase of inner mitochondrial membrane 8 homolog B"
"STT3A","11",1845.93211743083,-0.960106743415989,0.276948716171627,-3.46673115762344,0.000526828526541307,0.0141817509757545,"DOWN",125591712,125625215,"+",41.03,569,358,"STT3 oligosaccharyltransferase complex catalytic subunit A"
"OPCML","11",7263.94313734766,-0.966936816873913,0.288866436232273,-3.34734913992021,0.000815883818468347,0.017324816535097,"DOWN",132414977,133532501,"-",41.75,6833,1038,"opioid binding protein/cell adhesion molecule like"
"KBTBD3","11",647.692142584775,-0.974839074484235,0.271030518314101,-3.59678710924532,0.000322171948779579,0.0111315010759756,"DOWN",106051098,106077459,"-",36,3840,1839,"kelch repeat and BTB domain containing 3"
"RTN3","11",27143.5091140443,-0.995956202778613,0.331158840651072,-3.00748788955935,0.00263416620063134,0.0314999547768997,"DOWN",63681446,63759891,"+",42.12,2524,726,"reticulon 3"
"AASDHPPT","11",2509.52640715177,-0.997568596749554,0.318366710031857,-3.13339480955698,0.00172796842362373,0.0248500190140332,"DOWN",106075501,106098699,"+",36.56,568,480,"aminoadipate-semialdehyde dehydrogenase-phosphopantetheinyl transferase"
"CAT","11",2158.11512342135,-1.00154145065944,0.338010329209682,-2.96304983637984,0.00304607247304306,0.0338567595739979,"DOWN",34438934,34472060,"+",40.59,2291,1584,"catalase"
"HSPA8","11",52079.5169472331,-1.05527480436764,0.333437432391826,-3.1648360437456,0.00155170362497049,0.0237078356750071,"DOWN",123057489,123063230,"-",49.25,2306,1941,"heat shock protein family A (Hsp70) member 8"
"MS4A7","11",406.479537349341,-1.06567105155208,0.293265894224604,-3.63380492767397,0.00027927204064242,0.0104284837433245,"DOWN",60378485,60395951,"+",40.71,2871,588,"membrane spanning 4-domains A7"
"APIP","11",397.856568744391,-1.08391824947567,0.282443839697388,-3.83764167289677,0.000124221568923181,0.00670630104012512,"DOWN",34853094,34916379,"-",40.43,4583,588,"APAF1 interacting protein"
"TMEM126B","11",400.982832164799,-1.12109411703361,0.26551138763709,-4.22239560800291,2.41719362057388e-05,0.00316012134633512,"DOWN",85628573,85636539,"+",37.32,1210,603,"transmembrane protein 126B"
"ELMOD1","11",3814.72538876509,-1.12425152871563,0.345345290275342,-3.25544190227488,0.001132160572361,0.0202172486829835,"DOWN",107591091,107666779,"+",38.98,1832,987,"ELMO domain containing 1"
"SDHD","11",347.828606980156,-1.21311874684473,0.296103294184948,-4.09694444698412,4.18639316031749e-05,0.00385446462304069,"DOWN",112086824,112120016,"+",41.76,727,219,"succinate dehydrogenase complex subunit D"
"PLAAT4","11",707.357512685506,-1.2160950392717,0.332226977331425,-3.66043434834774,0.000251788063779007,0.00980635444534472,"DOWN",63536808,63548808,"+",47.9,758,495,"phospholipase A and acyltransferase 4"
"CRYAB","11",21019.9828428229,-1.47093380329088,0.504786830461248,-2.91397024353195,0.00356863920530298,0.0371870348209642,"DOWN",111908564,111923722,"-",46.12,774,528,"crystallin alpha B"
"ANO3","11",2068.79023172914,-1.51109102263694,0.52599213531197,-2.87283957533072,0.00406800630580726,0.0402860430967889,"DOWN",26188842,26663289,"+",36.39,6308,3129,"anoctamin 3"
"NNMT","11",117.957023407097,-1.55351138266187,0.563408835988346,-2.75734295138743,0.00582731981395551,0.0492062450314831,"DOWN",114257787,114313536,"+",43.32,379,NA,"nicotinamide N-methyltransferase"
"KRT8P19","12",25.2020834813344,2.98971772782557,0.744144163888053,4.01765930972932,5.87790960397353e-05,0.00449883296461088,"UP",61879318,61880772,"+",56.08,1455,NA,"keratin 8 pseudogene 19"
"ENSG00000277011","12",74.401501941738,2.73740650794567,0.731550726410652,3.74192302614029,0.000182617456030864,0.00822492698614986,"UP",132282814,132284606,"+",59.01,1793,NA,"novel transcript"
"SCARNA11","12",22.4847013569839,2.57665015089947,0.543365109300741,4.74202356168096,2.11594007587308e-06,0.000926633269201223,"UP",6581474,6581609,"-",51.47,136,NA,"small Cajal body-specific RNA 11"
"CUX2","12",1327.00694002937,2.3282965936047,0.723914096111294,3.21626088801391,0.00129872709583321,0.0214385900782758,"UP",111034165,111350554,"+",49.27,6703,4461,"cut like homeobox 2"
"GLI1","12",79.869298960479,2.18942999008582,0.727412755120905,3.0098867179225,0.00261345143736647,0.0314632962233358,"UP",57459785,57472268,"+",55.27,3972,3321,"GLI family zinc finger 1"
"PITPNM2-AS1","12",75.0547694331137,2.15183356108712,0.601374310623978,3.57819335324518,0.00034597747280472,0.0115411528613267,"UP",123081384,123084755,"+",53.23,2191,NA,"PITPNM2 antisense RNA 1"
"ENSG00000280287","12",532.264834144147,2.10450864886085,0.550803713243634,3.82079604450664,0.000133021625187287,0.00689474145059678,"UP",132550729,132554947,"+",63.14,4219,NA,"novel transcript"
"ENSG00000279071","12",53.9645699205947,1.9235182561937,0.563713098530401,3.41222913075518,0.000644339279871256,0.0153613824141095,"UP",124537844,124539677,"+",63.96,1834,NA,"novel transcript"
"ENSG00000280381","12",219.956506822434,1.9176122094419,0.465303308114411,4.12120906084422,3.76889216186966e-05,0.00371803626852041,"UP",123087256,123092821,"-",49.23,5566,NA,"novel transcript"
"RNA5SP370","12",40.8590964345864,1.87125127762096,0.669464439964365,2.79514663649733,0.00518761791538731,0.0460263121429045,"UP",104125236,104125356,"+",59.5,121,NA,"RNA, 5S ribosomal pseudogene 370"
"RNU4-2","12",6862.03475368669,1.83638151370259,0.367394049430234,4.99839754223159,5.78087091780617e-07,0.000416186934296712,"UP",120291759,120291903,"-",45.52,145,NA,"RNA, U4 small nuclear 2"
"RNU4-1","12",1389.6750449088,1.72440008386209,0.51697524548491,3.33555639060559,0.000851288866685797,0.0176236907497525,"UP",120293093,120293237,"-",48.28,145,NA,"RNA, U4 small nuclear 1"
"ENSG00000214650","12",78.2138156423002,1.6004714456133,0.469562654785924,3.4084300131214,0.000653378430950187,0.0154202443779521,"UP",124513222,124516858,"+",54.99,1282,NA,"novel transcript"
"CACNA1C-AS4","12",115.770644617532,1.59532846702108,0.52631003306906,3.03115723961841,0.00243618343892813,0.0303875877534378,"UP",2219485,2223479,"-",44.01,1534,NA,"CACNA1C antisense RNA 4"
"FBRSL1","12",4428.58431485968,1.557684542124,0.320142571509693,4.86559639593836,1.14112175742621e-06,0.000599981974458918,"UP",132489551,132585188,"+",62.75,5568,3138,"fibrosin like 1"
"RBP5","12",38.0317867698981,1.43489476656409,0.484002129792967,2.96464556298103,0.00303031842516105,0.0337927718558799,"UP",7115736,7128889,"-",51.28,2461,NA,"retinol binding protein 5"
"ENSG00000258039","12",35.9592394047016,1.3488865181147,0.466933402536722,2.88881992760974,0.00386690444547744,0.0391688644736958,"UP",99093359,99105011,"+",40.65,1038,NA,"novel transcript, antisense & intronic to ANKS1B"
"SNORA49","12",3114.23677949458,1.34671050842507,0.382617586827488,3.51972976357793,0.000431986693905744,0.0129789194767756,"UP",132031224,132031359,"+",48.53,136,NA,"small nucleolar RNA, H/ACA box 49"
"FAM186B","12",90.2712815254093,1.33127715091167,0.477771081305085,2.78643309108441,0.00532916184550665,0.0467510760294838,"UP",49582885,49605639,"-",47.62,621,353,"family with sequence similarity 186 member B"
"ENSG00000274292","12",100.694756907421,1.29845456951578,0.418812930358818,3.1003211109154,0.00193310944784296,0.0266253901512129,"UP",121800797,121803834,"+",53.55,3038,NA,"novel transcript"
"IQSEC3-AS1","12",96.1924334530492,1.2603081555038,0.430242397496643,2.92929790935733,0.00339728645907384,0.0362287346998059,"UP",164608,182508,"-",56.76,1166,NA,"IQSEC3 antisense RNA 1"
"ENSG00000256343","12",67.5129690832677,1.24818687059161,0.441996535323098,2.82397433201413,0.00474321833026624,0.0440720240245176,"UP",130651342,130669233,"+",49.8,1737,NA,"novel transcript"
"ENSG00000257964","12",41.2074859269993,1.1865881094174,0.390116363749944,3.04162608820475,0.00235303991327888,0.0299007238543224,"UP",49576840,49577505,"-",48.65,570,NA,"novel transcript, antisense to PRPF40B"
"ACVRL1","12",817.20257672784,1.17025920097262,0.337790583181086,3.46445182086457,0.000531313302900253,0.0142387965008821,"UP",51906908,51923361,"+",54.84,4270,1512,"activin A receptor like type 1"
"RAPGEF3","12",3963.34642115775,1.15936782272578,0.266854606700828,4.34456739218128,1.3955039844757e-05,0.00225967236908975,"UP",47734363,47771040,"-",54.34,6300,2772,"Rap guanine nucleotide exchange factor 3"
"ENSG00000255933","12",83.5968799496864,1.15222441547669,0.355196017670662,3.24391141272602,0.00117900408320229,0.0206481950448509,"UP",131756966,131758047,"-",53.23,666,NA,"novel transcript"
"FIGNL2","12",107.475136125998,1.10501695394728,0.311403156195051,3.54850916557552,0.000387418514762394,0.0123006442794356,"UP",51817899,51848718,"-",55.63,4705,1962,"fidgetin like 2"
"RHOF","12",158.274451133803,1.08172592541463,0.281170638979111,3.84722220407586,0.000119464612759052,0.00665367237453687,"UP",121777754,121803403,"-",56.89,2435,636,"ras homolog family member F, filopodia associated"
"SLC6A12","12",722.198994129367,1.03142332035658,0.343573641555727,3.00204438176986,0.00268173075088396,0.0317526707682303,"UP",190077,214570,"-",52.8,3294,1845,"solute carrier family 6 member 12"
"NDUFA4L2","12",647.418831089354,1.0310259183263,0.277378171689879,3.71704057332613,0.000201570082348497,0.00853982260855273,"UP",57234903,57240715,"-",62.05,943,264,"NDUFA4 mitochondrial complex associated like 2"
"POLE","12",1586.53418338298,1.01325015885471,0.367444040724234,2.75756318392752,0.00582339578492826,0.0491947783633513,"UP",132623753,132687376,"-",50.85,2105,NA,"DNA polymerase epsilon, catalytic subunit"
"IQSEC3","12",5663.04407416642,1.00224071427026,0.321201560383361,3.12028594466994,0.00180675558905746,0.0254799945638156,"UP",66767,178455,"+",52.3,7087,3549,"IQ motif and Sec7 domain ArfGEF 3"
"LINC01089","12",324.141084087008,0.968376466782813,0.345644053913278,2.80165810989411,0.00508407213557233,0.0455499241855276,"UP",121795267,121803906,"-",58.94,1220,NA,"long intergenic non-protein coding RNA 1089"
"GPR182","12",96.3068385907825,0.966308481444991,0.322044056213818,3.00054748038393,0.00269494734631849,0.0317951202527117,"UP",56994492,56998447,"+",54.07,3411,1215,"G protein-coupled receptor 182"
"KMT2D","12",13063.319032121,0.89881955241301,0.224837740805333,3.99763646972071,6.39781065511298e-05,0.00476115226167885,"UP",49018975,49060794,"-",54.55,20686,16662,"lysine methyltransferase 2D"
"PHETA1","12",307.259825393562,0.89317809364731,0.293650936023378,3.04163203340242,0.00235299344387872,0.0299007238543224,"UP",111360651,111369121,"-",57.94,3256,789,"PH domain containing endocytic trafficking adaptor 1"
"ENSG00000257545","12",84.7322299153045,0.860228927153754,0.299639855339851,2.87087619294865,0.00409335811074376,0.0403924762409011,"UP",106488804,106774956,"-",42.25,570,NA,"novel transcript, antisense to POLR3B, RFX4 and RIC8B."
"NCOR2","12",25657.836064723,0.855670161442243,0.183386753851355,4.66593220869054,3.07220985324782e-06,0.00093922389999178,"UP",124324415,124567612,"-",57.38,8520,7377,"nuclear receptor corepressor 2"
"NCKAP5L","12",1737.03703130336,0.755827223729221,0.197965246013862,3.81797936227804,0.000134549177839884,0.00689474145059678,"UP",49791146,49828750,"-",52.89,4235,3013,"NCK associated protein 5 like"
"SETD1B","12",3285.81158043754,0.754645480175918,0.200362095725526,3.76640839897033,0.00016561280668663,0.00773264737938772,"UP",121804009,121832656,"+",56.88,8557,5901,"SET domain containing 1B, histone lysine methyltransferase"
"RBM19","12",3026.8303108359,0.717789654508273,0.190378355820175,3.77033224925144,0.000163030357279057,0.00767130782325148,"UP",113816738,113966325,"-",50.43,1265,NA,"RNA binding motif protein 19"
"DTX1","12",2318.96898214559,0.717058003693617,0.205601491363146,3.48761090661111,0.000487356748904796,0.0137050792848759,"UP",113056730,113098028,"+",53.95,3908,1863,"deltex E3 ubiquitin ligase 1"
"SCARB1","12",3259.9072055804,0.685458573996262,0.237773873245549,2.88281704225927,0.00394136287749535,0.0395287813527493,"UP",124776856,124882668,"-",51.45,3405,1530,"scavenger receptor class B member 1"
"POU6F1","12",2544.60622432511,0.650328929859337,0.233175712724066,2.78900800714575,0.00528697578684235,0.0465153860969695,"UP",51186936,51218062,"-",50.3,5157,747,"POU class 6 homeobox 1"
"HIP1R","12",11596.4167120212,0.641119327044186,0.207065547642124,3.09621438401838,0.00196008591198707,0.0268137092009724,"UP",122834453,122862961,"+",59.16,3078,NA,"huntingtin interacting protein 1 related"
"TNS2","12",4890.46228003256,0.618972142091437,0.220607245636678,2.80576524268308,0.00501972487686493,0.045316720993366,"UP",53046969,53064379,"+",60.28,4737,3858,"tensin 2"
"POC1B-AS1","12",504.71699548094,0.597505774402719,0.210438784375342,2.8393329498473,0.0045207958867942,0.0428448155634814,"UP",89524545,89594878,"+",39.96,640,NA,"POC1B antisense RNA 1"
"EP400","12",9513.9278406495,0.35836405241557,0.110698324111302,3.23730332227298,0.00120665082498712,0.0208077722391231,"UP",131949942,132080460,"+",47.45,12289,9372,"E1A binding protein p400"
"USP15","12",2068.19968501498,-0.35481661147493,0.122268072995519,-2.90195635526157,0.0037084020231719,0.0379887383873086,"DOWN",62260338,62417431,"+",34.93,14950,2859,"ubiquitin specific peptidase 15"
"ATXN2","12",6166.28624635449,-0.355484588404408,0.124400021558464,-2.85759265915674,0.00426867982842818,0.0414372903689489,"DOWN",111443485,111599676,"-",42.52,4438,3477,"ataxin 2"
"MDM2","12",3522.37219232353,-0.394548179844434,0.13702294386152,-2.87943149318977,0.00398392841682184,0.0397517645902937,"DOWN",68808177,68845544,"+",39.04,7490,1494,"MDM2 proto-oncogene"
"PPHLN1","12",1907.44762475198,-0.414962830512717,0.11838522852306,-3.5051909405394,0.000456279917230691,0.0133541926227781,"DOWN",42238447,42459715,"+",39.77,1777,1158,"periphilin 1"
"EIF2B1","12",1470.88797438146,-0.452957469283663,0.14743671376773,-3.07221625949455,0.0021247572808621,0.0280969817358835,"DOWN",123620406,123633766,"-",45.42,2397,918,"eukaryotic translation initiation factor 2B subunit alpha"
"C2CD5","12",2664.17406976056,-0.483757356511283,0.139128092744176,-3.47706453074721,0.000506935792278821,0.0139326694000631,"DOWN",22448583,22544546,"-",34.95,4585,3156,"C2 calcium dependent domain containing 5"
"ATF7IP","12",4801.38766553506,-0.502296945921104,0.138789093115203,-3.61913846864154,0.000295585451650911,0.0106861430995948,"DOWN",14365676,14502931,"+",36.09,2298,NA,"activating transcription factor 7 interacting protein"
"FGD4","12",3391.88913652516,-0.507902016835236,0.140852327621925,-3.60591852055539,0.000311050731778202,0.0110308988252017,"DOWN",32399558,32646050,"+",40.83,8465,2712,"FYVE, RhoGEF and PH domain containing 4"
"PPM1H","12",4024.36528376678,-0.522359979055019,0.181838563072724,-2.87265786876081,0.00407034655912759,0.0402860430967889,"DOWN",62643994,62935150,"-",42.69,6454,1545,"protein phosphatase, Mg2+/Mn2+ dependent 1H"
"TBK1","12",1441.91619660594,-0.524792476061427,0.162089372898854,-3.23767355426136,0.00120508615831485,0.0208038642576753,"DOWN",64452090,64502114,"+",37.75,3204,NA,"TANK binding kinase 1"
"DENND5B","12",5781.19211482478,-0.526493141843167,0.187014449785125,-2.81525380765013,0.00487387245563059,0.0447021157420863,"DOWN",31382226,31591136,"-",40.95,9506,3825,"DENN domain containing 5B"
"ARID2","12",2343.54091865228,-0.527373128851275,0.122147899408056,-4.31749650552314,1.57808906331487e-05,0.00240048189215934,"DOWN",45729706,45908040,"+",36.08,735,NA,"AT-rich interaction domain 2"
"VEZT","12",3217.07339302435,-0.536748829553365,0.153181416622772,-3.5040074794136,0.000458312485348292,0.0133541926227781,"DOWN",95217746,95302799,"+",38.6,571,NA,"vezatin, adherens junctions transmembrane protein"
"IRAK4","12",319.493406592536,-0.537333789609802,0.19103807274397,-2.81270524713647,0.00491266600982175,0.0447497767630093,"DOWN",43758944,43798307,"+",37.41,1409,1011,"interleukin 1 receptor associated kinase 4"
"MON2","12",4848.96855859659,-0.539032072167337,0.169008277330451,-3.18938267806495,0.00142576999461066,0.0225488854764435,"DOWN",62466817,62600476,"+",36.21,10382,5157,"MON2 homolog, regulator of endosome-to-Golgi trafficking"
"KANSL2","12",774.677684141012,-0.545006257342103,0.184220275910327,-2.95844881704224,0.00309191583279217,0.0341778228208005,"DOWN",48653211,48682238,"-",41.95,2373,1479,"KAT8 regulatory NSL complex subunit 2"
"TM7SF3","12",1901.07835983382,-0.54791604547699,0.18744779391284,-2.9230327764314,0.00346640025019949,0.0365689489054828,"DOWN",26971579,27014434,"-",40.31,4315,1713,"transmembrane 7 superfamily member 3"
"PCBP2","12",2936.53024300673,-0.55937439619684,0.173336812447967,-3.22709520440013,0.00125053844073656,0.0211655162544818,"DOWN",53452102,53481162,"+",43.79,1730,996,"poly(rC) binding protein 2"
"ATF1","12",467.928139104783,-0.562668505213878,0.156061136276079,-3.60543642472583,0.000311628776902306,0.0110352175668509,"DOWN",50763710,50821162,"+",41.92,549,511,"activating transcription factor 1"
"TSPAN31","12",732.662062091437,-0.568635220685075,0.181098869808868,-3.13991589944881,0.00168996342461853,0.0247002856855525,"DOWN",57738013,57750219,"+",51.31,675,NA,"tetraspanin 31"
"CCNT1","12",1855.83741975568,-0.584378876393307,0.149542803846189,-3.90776995858902,9.31519337139605e-05,0.00585187706183337,"DOWN",48688458,48716998,"-",40.95,6788,2181,"cyclin T1"
"SMIM10L1","12",1250.80952858071,-0.587080013803446,0.182702410461238,-3.21331290770244,0.00131213253058116,0.0215885968602966,"DOWN",11171194,11176016,"+",38.96,4823,207,"small integral membrane protein 10 like 1"
"TULP3","12",832.051160208325,-0.607169016552493,0.197207854903524,-3.07882775181306,0.00207816797978742,0.0277163307738373,"DOWN",2877223,2941138,"+",44.99,978,513,"TUB like protein 3"
"FAM216A","12",597.94808646889,-0.610719375382934,0.190605142179581,-3.20410755134579,0.00135481855655942,0.0219035037492955,"DOWN",110468415,110490385,"+",43.73,1679,NA,"family with sequence similarity 216 member A"
"CCDC59","12",632.138496038553,-0.615368377881646,0.212355156698542,-2.89782639352252,0.00375758523504804,0.0383302220560404,"DOWN",82223681,82358805,"-",35.35,563,543,"coiled-coil domain containing 59"
"LARP4","12",2485.44275392536,-0.619214492860713,0.189728826271708,-3.26368167151334,0.00109974652236017,0.0198792745813177,"DOWN",50392383,50480004,"+",41.45,567,169,"La ribonucleoprotein 4"
"RFC5","12",450.844488729537,-0.61967019713943,0.169221795427483,-3.66188170722359,0.00025036946957022,0.00980606597546943,"DOWN",118013588,118033130,"+",45.74,572,297,"replication factor C subunit 5"
"SCYL2","12",1875.92431258661,-0.619924677166707,0.17936998567305,-3.45612268875734,0.000548005827080738,0.0143287231716484,"DOWN",100267140,100341715,"+",37.97,2328,2043,"SCY1 like pseudokinase 2"
"ATP5MC2","12",1633.78871387482,-0.624052759103748,0.203757848348319,-3.0627176531475,0.00219336903497827,0.0286286149379301,"DOWN",53632726,53677408,"-",44.44,406,NA,"ATP synthase membrane subunit c locus 2"
"ATP2A2","12",27653.2380341931,-0.626905170012167,0.211662833292413,-2.96181034837654,0.00305836100900049,0.0338998713857406,"DOWN",110280756,110351093,"+",43.42,529,63,"ATPase sarcoplasmic/endoplasmic reticulum Ca2+ transporting 2"
"GTF2H3","12",570.684280254719,-0.631193176343184,0.228859485262886,-2.75799438951873,0.00581571960693296,0.0491539180938607,"DOWN",123633739,123662604,"+",42.85,3252,489,"general transcription factor IIH subunit 3"
"USP30","12",1256.54806946869,-0.636400543602268,0.191538512824179,-3.32257222956746,0.00089191576605273,0.0180065732201597,"DOWN",109023089,109088023,"+",42.28,2483,1461,"ubiquitin specific peptidase 30"
"LRRK2","12",1563.14914428544,-0.636722277974655,0.218555817051916,-2.91331654569235,0.00357611892330457,0.0372168727534614,"DOWN",40196744,40369285,"+",35.24,1655,1563,"leucine rich repeat kinase 2"
"EIF4B","12",10134.9796643274,-0.654955342501721,0.21083905208737,-3.10642329311134,0.00189365431103132,0.0262826434571438,"DOWN",53006282,53042215,"+",42.71,3856,1836,"eukaryotic translation initiation factor 4B"
"MGAT4C","12",1163.6294720481,-0.65787081305098,0.231048681434641,-2.84732554614071,0.00440882511994978,0.0422806678632456,"DOWN",85955666,86838904,"-",34.58,25471,1437,"MGAT4 family member C"
"STK38L","12",1929.53137769322,-0.675169668572359,0.243601672603345,-2.77161343498545,0.00557792337194583,0.0480954205610987,"DOWN",27243968,27325959,"+",37.77,545,393,"serine/threonine kinase 38 like"
"ZDHHC17","12",3823.1814459204,-0.679836521610675,0.243493312766403,-2.79201311069631,0.0052381233668166,0.0463214814441778,"DOWN",76764103,76853696,"+",35.93,4732,1899,"zinc finger DHHC-type palmitoyltransferase 17"
"CORO1C","12",5881.28194144158,-0.697840028967875,0.215448092176415,-3.23901698046351,0.00119942432457281,0.0207357231694911,"DOWN",108645109,108731526,"-",41.32,3814,1425,"coronin 1C"
"TMBIM6","12",15272.0418848796,-0.698527985114331,0.216892026878252,-3.220625465898,0.00127911189942761,0.0212921159707923,"DOWN",49707725,49764934,"+",43.42,469,33,"transmembrane BAX inhibitor motif containing 6"
"TMEM263","12",1205.75785538064,-0.699125079512869,0.208911478694956,-3.34651347968151,0.000818347006516287,0.0173395232519596,"DOWN",106955719,106978778,"+",38.27,3349,351,"transmembrane protein 263"
"CDK17","12",6113.6108513711,-0.701319792373062,0.250328140527275,-2.80160189300271,0.00508495804601524,0.0455499241855276,"DOWN",96278261,96400480,"-",37.8,4036,1572,"cyclin dependent kinase 17"
"COPZ1","12",1177.35918257962,-0.704562181557305,0.170719371356195,-4.12701954066643,3.67495177471806e-05,0.00371803626852041,"DOWN",54301202,54351846,"+",46.59,537,277,"COPI coat complex subunit zeta 1"
"NEMP1","12",474.926460906566,-0.706347475501223,0.196482191196118,-3.59496945347167,0.000324429640425996,0.0111458171638397,"DOWN",57055643,57088063,"-",44.16,5370,1116,"nuclear envelope integral membrane protein 1"
"RPL6","12",6894.22914320948,-0.709964935268867,0.251300459893912,-2.82516369277073,0.0047256467073203,0.043942518747885,"DOWN",112405189,112418838,"-",45.67,921,867,"ribosomal protein L6"
"ISCU","12",4075.25820704557,-0.715989105745708,0.246653220119149,-2.90281677814642,0.0036982293097594,0.0379074099645699,"DOWN",108562582,108569368,"+",45.78,3685,NA,"iron-sulfur cluster assembly enzyme"
"ALG10B","12",648.310023612881,-0.719848265580325,0.221952709108504,-3.2432506387134,0.00118174203953915,0.0206481950448509,"DOWN",38316762,38329721,"+",33.73,10050,1422,"ALG10 alpha-1,2-glucosyltransferase B"
"ETNK1","12",3697.37754500148,-0.720997423527546,0.214542503462176,-3.36062743695287,0.00077765646188729,0.0168781285964301,"DOWN",22625075,22690665,"+",34.4,2203,1359,"ethanolamine kinase 1"
"MAPKAPK5-AS1","12",485.69686206093,-0.726160525720078,0.208814388217816,-3.47754066143475,0.000506036291671183,0.0139326694000631,"DOWN",111839758,111842902,"-",53.51,910,NA,"MAPKAPK5 antisense RNA 1"
"FRS2","12",3132.42788022493,-0.727311705610988,0.201407426746958,-3.61114640784701,0.000304846500146368,0.0109229888185779,"DOWN",69470349,69579793,"+",37.9,611,108,"fibroblast growth factor receptor substrate 2"
"TMTC3","12",1612.66614285541,-0.735669015241846,0.215696716876659,-3.41066394470213,0.000648049109572676,0.0153814678745091,"DOWN",88142296,88199887,"+",34.6,574,445,"transmembrane O-mannosyltransferase targeting cadherins 3"
"RAB21","12",4406.68868418532,-0.738130215765727,0.211661210986272,-3.48731925101573,0.000487888582828007,0.0137050792848759,"DOWN",71754863,71800286,"+",37.14,15558,678,"RAB21, member RAS oncogene family"
"CCT2","12",2297.82170813425,-0.738203854425145,0.25205398315753,-2.92875298052234,0.00340324764189144,0.0362763100338415,"DOWN",69585426,69601570,"+",39.37,1916,1608,"chaperonin containing TCP1 subunit 2"
"WASHC4","12",2674.0573222598,-0.740119891435969,0.229739609645281,-3.2215598023289,0.00127494852174661,0.0212878044906824,"DOWN",105107324,105169130,"+",35.27,576,125,"WASH complex subunit 4"
"PA2G4","12",1787.48807435301,-0.754475443749312,0.237051248895195,-3.18275245233101,0.00145882279431212,0.022763282647247,"DOWN",56104537,56113910,"+",46.13,1085,855,"proliferation-associated 2G4"
"RHNO1","12",376.66239498635,-0.758299970907184,0.260405905600881,-2.91199221906056,0.00359131581366629,0.0372947892955486,"DOWN",2876258,2889524,"+",47.54,516,NA,"RAD9-HUS1-RAD1 interacting nuclear orphan 1"
"POC1B","12",970.19434781547,-0.767079487678181,0.264551066140121,-2.89955167775394,0.00373696737710912,0.0382001634710097,"DOWN",89419718,89526047,"-",39.79,5840,NA,"POC1 centriolar protein B"
"STRAP","12",3419.94509457852,-0.783152016136446,0.261677402037549,-2.99281485538468,0.00276417380827077,0.0321625475867118,"DOWN",15882387,15903478,"+",36.48,1698,141,"serine/threonine kinase receptor associated protein"
"PPP1CC","12",2010.62753777414,-0.789708702418195,0.235710002802958,-3.35034021902902,0.00080712359321256,0.0172269988854278,"DOWN",110719680,110742939,"-",41.52,2552,972,"protein phosphatase 1 catalytic subunit gamma"
"FAM234B","12",4361.41891277028,-0.800293404538062,0.28993997142892,-2.76020377802326,0.00577653174020195,0.0490146920686395,"DOWN",13044381,13142521,"+",43.2,4711,1869,"family with sequence similarity 234 member B"
"PEBP1","12",17237.6817717298,-0.815909544956988,0.219311349057349,-3.72032522924124,0.000198966390615214,0.00852780242631975,"DOWN",118136124,118145584,"+",48.71,1431,564,"phosphatidylethanolamine binding protein 1"
"KRAS","12",2377.12247227744,-0.819271290131716,0.280299344479728,-2.92284411742877,0.00346850114897782,0.0365689489054828,"DOWN",25205246,25250936,"-",36.42,4919,163,"KRAS proto-oncogene, GTPase"
"CAND1","12",7228.5065250064,-0.825327815657254,0.232610358952672,-3.54811290164932,0.000388001865653067,0.0123006442794356,"DOWN",67269358,67319953,"+",36.87,11176,3693,"cullin associated and neddylation dissociated 1"
"PIP4K2C","12",2529.66974041414,-0.829393564987984,0.23544643157751,-3.52264232433246,0.000427267561096572,0.0128962051563793,"DOWN",57591174,57603418,"+",46.79,1558,1122,"phosphatidylinositol-5-phosphate 4-kinase type 2 gamma"
"UBE2N","12",2391.29354284776,-0.835323792632321,0.30052758028376,-2.77952456757414,0.00544385355000292,0.0473104714194649,"DOWN",93405673,93441947,"-",39.8,492,NA,"ubiquitin conjugating enzyme E2 N"
"GABARAPL1","12",6880.22041754996,-0.838258211580378,0.262596676774452,-3.19218895637575,0.00141198929500122,0.0224230946086011,"DOWN",10212458,10223128,"+",44.11,760,132,"GABA type A receptor associated protein like 1"
"SYT1","12",45745.5288730505,-0.843660159656593,0.306382233622631,-2.75361971770114,0.00589402092452287,0.0495318937041384,"DOWN",78863993,79452008,"+",35.61,3095,1269,"synaptotagmin 1"
"PRR13","12",480.062788580656,-0.848317641731197,0.272542204343853,-3.11261018737823,0.00185440775089525,0.0259252635047125,"DOWN",53441678,53446645,"+",48.59,625,447,"proline rich 13"
"MRPL51","12",1155.88816030912,-0.850904704112083,0.257932856298104,-3.29893878711076,0.00097051071798438,0.0188233939255575,"DOWN",6491886,6493841,"-",48.72,898,387,"mitochondrial ribosomal protein L51"
"HSPB8","12",5326.16630592051,-0.853379747392799,0.287280948017145,-2.97054069642609,0.00297276015035636,0.0334414776727994,"DOWN",119171555,119224855,"+",45.79,115,NA,"heat shock protein family B (small) member 8"
"LTA4H","12",1172.4804344824,-0.854058184701955,0.235167656977677,-3.63169917019254,0.000281561229871345,0.0104310171863047,"DOWN",96000753,96043520,"-",39.07,2140,1836,"leukotriene A4 hydrolase"
"CD4","12",920.532076663167,-0.856846398107742,0.263365635740204,-3.25344798952045,0.00114013594583994,0.0202759764603564,"DOWN",6786858,6820799,"+",48.56,577,NA,"CD4 molecule"
"TXNRD1","12",3173.94981782711,-0.877624520094064,0.28171881069927,-3.11524998247601,0.00183789079531522,0.025783774231725,"DOWN",104215779,104350307,"+",42.37,3860,1950,"thioredoxin reductase 1"
"VPS29","12",855.295355290472,-0.879567673915014,0.235892448204521,-3.72868093323794,0.000192484681750765,0.00843938072145467,"DOWN",110491083,110502111,"-",40.66,1531,549,"VPS29 retromer complex component"
"SLC25A3","12",6248.77600980766,-0.88369795524117,0.226767502873341,-3.89693383771462,9.74182188140614e-05,0.00601060469448186,"DOWN",98593591,98606379,"+",42.39,6087,1086,"solute carrier family 25 member 3"
"MRPS35","12",1237.39313398751,-0.920943275044047,0.285610436227432,-3.22447347235833,0.00126204548629721,0.0212561505094598,"DOWN",27710822,27756295,"+",38.61,557,126,"mitochondrial ribosomal protein S35"
"ARL1","12",2791.10026818857,-0.944197277983219,0.310900010859437,-3.03698052429502,0.00238960894689317,0.0301092998449534,"DOWN",101393116,101407772,"-",39.41,3197,546,"ADP ribosylation factor like GTPase 1"
"TRIAP1","12",238.450420037429,-0.961014636568432,0.321759471257674,-2.98674855727503,0.00281961524811463,0.0325048686324597,"DOWN",120443964,120446384,"-",44.24,1151,231,"TP53 regulated inhibitor of apoptosis 1"
"LDHB","12",1413.53386291143,-1.00498626117945,0.260536546088225,-3.85737155216272,0.00011461287381869,0.0064918664313322,"DOWN",21635342,21757857,"-",38.01,672,NA,"lactate dehydrogenase B"
"BBS10","12",779.390551183272,-1.00912349260407,0.333375617359791,-3.02698649828068,0.00247004990952292,0.0306655843153422,"DOWN",76344474,76348415,"-",37.16,3568,2172,"Bardet-Biedl syndrome 10"
"ACTR6","12",809.949147098222,-1.01436628075932,0.288429750792058,-3.51685732131921,0.000436688448428686,0.0130391935971558,"DOWN",100199122,100241865,"+",41,582,577,"actin related protein 6"
"AMN1","12",636.828051257555,-1.02094153809639,0.259608718247633,-3.93261653532971,8.40262218153526e-05,0.00559850744029234,"DOWN",31671142,31729121,"-",40.53,1952,777,"antagonist of mitotic exit network 1 homolog"
"KITLG","12",1344.88638858859,-1.0309653746746,0.342615513204761,-3.00910301763964,0.00262020253989388,0.031478194877129,"DOWN",88492793,88580851,"-",36.84,5191,NA,"KIT ligand"
"ETFRF1","12",1152.87992869515,-1.03414619932609,0.364090284916072,-2.84035647796665,0.00450631454809006,0.0427746168210778,"DOWN",25195216,25209645,"+",38.05,1259,273,"electron transfer flavoprotein regulatory factor 1"
"ATP2B1","12",17329.6369021759,-1.05072441438613,0.347883592176383,-3.02033334717723,0.00252496619109474,0.0310379286036679,"DOWN",89588049,89709366,"-",36.39,7214,3531,"ATPase plasma membrane Ca2+ transporting 1"
"CNTN1","12",22662.2824015601,-1.06974592924979,0.330036424647846,-3.24129656413295,0.00118987327688869,0.0207037950178632,"DOWN",40692439,41072415,"+",35.21,5667,3057,"contactin 1"
"CMAS","12",1629.07739153225,-1.07837412700963,0.292458074028825,-3.68727767421236,0.000226665979337303,0.00924405904598093,"DOWN",22046218,22065674,"+",37.39,1748,1305,"cytidine monophosphate N-acetylneuraminic acid synthetase"
"RAN","12",4679.2487653505,-1.08418232807173,0.314200152885103,-3.45061044088095,0.00055932026889263,0.0144888883040843,"DOWN",130872037,130877678,"+",44.77,2455,705,"RAN, member RAS oncogene family"
"ATP5F1B","12",9249.98728959349,-1.11250266106068,0.323843534486315,-3.43530916195485,0.00059187817157689,0.0148149895501748,"DOWN",56638175,56645984,"-",45.22,449,NA,"ATP synthase F1 subunit beta"
"NELL2","12",14969.8599623365,-1.12992359168885,0.376808443243385,-2.99866845329422,0.00271162209071192,0.0319295481431152,"DOWN",44508275,44921848,"-",36.23,3553,2451,"neural EGFL like 2"
"GOLT1B","12",757.844699825892,-1.1571846664021,0.303338514429417,-3.81482934529026,0.000136277076952237,0.00689474145059678,"DOWN",21501781,21518408,"+",35.99,813,NA,"golgi transport 1B"
"TPH2","12",123.551498345047,-1.22756260033735,0.410550539424497,-2.99004015938727,0.00278940771009578,0.0323571294371111,"DOWN",71938845,72186618,"+",38.97,2360,1473,"tryptophan hydroxylase 2"
"C3AR1","12",304.898925963271,-1.2283158129055,0.346539022443037,-3.54452380065626,0.000393322991824398,0.0123197438891183,"DOWN",8056844,8066359,"-",41.16,3434,1449,"complement C3a receptor 1"
"CSRP2","12",775.364138267343,-1.2705874485079,0.425187102711821,-2.98830195084506,0.00280532248849039,0.0324483642786364,"DOWN",76858709,76879023,"-",42.35,908,582,"cysteine and glycine rich protein 2"
"MGST1","12",1331.18088647966,-1.31571229488682,0.387259703676893,-3.39749341951822,0.00068006223549931,0.015815370411333,"DOWN",16347142,16609259,"+",36.94,298,233,"microsomal glutathione S-transferase 1"
"OLR1","12",754.845941808184,-1.4622021267504,0.516325730246184,-2.83193736258935,0.00462669110610553,0.0434398878463775,"DOWN",10158301,10172138,"-",38.78,2456,822,"oxidized low density lipoprotein receptor 1"
"TUBA1A","12",22607.7087333165,-1.51157036730136,0.470964432911199,-3.209521275222,0.00132956206760988,0.0217155022007341,"DOWN",49184686,49189324,"-",48.31,1802,567,"tubulin alpha 1a"
"WIF1","12",726.507533305802,-1.69276059465116,0.494542807399722,-3.42287981813263,0.000619614659009205,0.0151713039342426,"DOWN",65050626,65121305,"-",38.19,1977,1140,"WNT inhibitory factor 1"
"CLEC9A","12",65.8774054470575,-1.92271884402385,0.549844809707201,-3.49683912638499,0.000470805657843681,0.013542740679454,"DOWN",10030678,10066031,"+",36.89,1733,726,"C-type lectin domain containing 9A"
"ENSG00000258072","12",31.8312683795422,-1.96055955291471,0.671097455818578,-2.92142301526578,0.00348436376286388,0.0366890478479785,"DOWN",107881817,107903948,"-",41.86,1997,NA,"programmed cell death 2 (PDCD2) pseudogene"
"LYZ","12",115.45817004548,-2.00193131700541,0.477866747637443,-4.18930868678955,2.79805563859136e-05,0.00343110542723915,"DOWN",69348381,69354234,"+",36.54,1490,447,"lysozyme"
"MFAP5","12",28.1052037995795,-2.24623152079766,0.682830293720092,-3.28958972889162,0.00100333560304154,0.0190476255064071,"DOWN",8637346,8662888,"-",42.51,585,491,"microfibril associated protein 5"
"MFAP1P1","13",206.684102189504,2.17979163419736,0.598517149316909,3.64198692833642,0.000270541813736387,0.0103187190602337,"UP",30541643,30542897,"-",54.02,1255,NA,"microfibril associated protein 1 pseudogene 1"
"ENSG00000269356","13",77.2900120008029,1.89890334350581,0.582779568804443,3.25835606660226,0.00112059705684922,0.0201208317869007,"UP",113008778,113009424,"+",55.64,647,NA,"novel transcript"
"C13orf46","13",327.79218954532,1.87813655521964,0.42950165677577,4.37282726525117,1.22647763667392e-05,0.00213592314181412,"UP",113953705,113974076,"-",55.32,3786,639,"chromosome 13 open reading frame 46"
"SNORA31","13",121.840627040639,1.74610827498075,0.388220598006416,4.49772187242855,6.86854675806365e-06,0.00145721642009235,"UP",45337480,45337609,"-",43.08,130,NA,"small nucleolar RNA, H/ACA box 31"
"HMGN1P24","13",21.7071770565182,1.73520948950698,0.585832866361655,2.96195312544273,0.0030569431877278,0.0338998713857406,"UP",95809310,95809607,"-",47.65,298,NA,"high mobility group nucleosome binding domain 1 pseudogene 24"
"LINC00354","13",32.8421746255569,1.72294955769114,0.505159968697419,3.41070089566648,0.000647961299309448,0.0153814678745091,"UP",111865136,111913831,"+",46.65,376,NA,"long intergenic non-protein coding RNA 354"
"NALF1-IT1","13",198.0026060192,1.28656229694026,0.429970787669101,2.99220861936876,0.00276966922759712,0.0322053942012807,"UP",107788342,107835451,"-",35.94,819,NA,"NALF1 intronic transcript 1"
"FGF14-IT1","13",292.510612603909,1.201265157372,0.43609524204869,2.75459358769588,0.00587650807273164,0.0494362519120304,"UP",102292327,102394519,"-",37.7,2123,NA,"FGF14 intronic transcript 1"
"ADPRHL1","13",323.447664751313,1.19324333396867,0.35756626273115,3.33712505440105,0.000846498512133049,0.0176064956000032,"UP",113399611,113453488,"-",55.43,8730,4812,"ADP-ribosylhydrolase like 1"
"FLT1","13",5703.629121354,1.16434288312593,0.389200322571728,2.99162877212504,0.00277493477291159,0.0322511160103987,"UP",28300346,28495145,"-",41.61,7123,4017,"fms related receptor tyrosine kinase 1"
"GAS6","13",3251.56988215181,0.702720439872903,0.220765404858832,3.18310942025657,0.00145702541447818,0.0227537313871653,"UP",113820549,113864076,"-",57.6,2646,NA,"growth arrest specific 6"
"ARGLU1","13",11680.3969274063,0.625596046256512,0.199610675470862,3.13408110453407,0.0017239319979756,0.0248500190140332,"UP",106541673,106568137,"-",37.63,3363,822,"arginine and glutamate rich 1"
"SUGT1","13",7655.94668019152,-0.561828316070693,0.198483035710146,-2.83061126136319,0.0046459149341572,0.043555761016697,"DOWN",52652709,52700909,"+",36.99,775,NA,"SGT1 homolog, MIS12 kinetochore complex assembly cochaperone"
"NUP58","13",2303.45786720351,-0.56285868107417,0.149666292960138,-3.76075781621772,0.00016939937904178,0.00783855281003387,"DOWN",25301524,25365390,"+",37.64,6467,1458,"nucleoporin 58"
"SLC25A30","13",595.177261107222,-0.566578127364117,0.179008536333999,-3.16508999496526,0.00155034990624809,0.0237021256842707,"DOWN",45393316,45418455,"-",42.94,6041,NA,"solute carrier family 25 member 30"
"SLITRK1","13",3113.85111970349,-0.572270742792971,0.183877926927692,-3.11223186140232,0.00185678604288039,0.0259435165991365,"DOWN",83877205,83882474,"-",47.44,5189,2091,"SLIT and NTRK like family member 1"
"USPL1","13",959.806195393142,-0.576413424200423,0.196943040229033,-2.92680271173883,0.00342466048246679,0.036374950215334,"DOWN",30617693,30660770,"+",38.94,1133,NA,"ubiquitin specific peptidase like 1"
"ZMYM2","13",5763.47671239497,-0.577787061399254,0.121022184959449,-4.77422434236212,1.80401194081144e-06,0.00085552613334246,"DOWN",19958677,20091829,"+",37.61,1912,NA,"zinc finger MYM-type containing 2"
"MED4","13",902.792415757703,-0.646273705935971,0.202874662588046,-3.18558117456138,0.00144463569679019,0.022698563975204,"DOWN",48053323,48095131,"-",40.77,460,460,"mediator complex subunit 4"
"COG6","13",1488.50839148024,-0.696908263108504,0.252627054940535,-2.75864460864078,0.00580416187145454,0.0490837269311187,"DOWN",39655627,39791666,"+",35.35,5258,1848,"component of oligomeric golgi complex 6"
"DNAJC15","13",2257.10869388216,-0.711430219270009,0.237369147960375,-2.99714695605164,0.00272519307861828,0.0319803589517039,"DOWN",43023203,43114213,"+",38.12,924,NA,"DnaJ heat shock protein family (Hsp40) member C15"
"DNAJC3","13",3043.28002850711,-0.717023524725131,0.232535671101862,-3.08349906630472,0.00204581752174059,0.0275447394582679,"DOWN",95677139,95794988,"+",39.79,5590,1515,"DnaJ heat shock protein family (Hsp40) member C3"
"CHAMP1","13",1157.44444582281,-0.723132809664927,0.257957913902067,-2.8032976338127,0.00505829650513082,0.045479538763232,"DOWN",114314482,114337626,"+",42.87,355,NA,"chromosome alignment maintaining phosphoprotein 1"
"FNDC3A","13",5084.32754578327,-0.746035808511457,0.193351588806134,-3.85844157329102,0.000114112339212986,0.00649138544825402,"DOWN",48975912,49209779,"+",37.08,6286,3597,"fibronectin type III domain containing 3A"
"SPRYD7","13",1056.36487645365,-0.829923041699698,0.238439118854939,-3.48064967562896,0.00050019925937491,0.0138895743825965,"DOWN",49912702,49936490,"-",40.33,3057,591,"SPRY domain containing 7"
"RNF6","13",3100.74096645109,-0.858983710101684,0.261949527108618,-3.27919549839655,0.00104103490039423,0.019368053923796,"DOWN",26132115,26222314,"-",40.13,1105,NA,"ring finger protein 6"
"ZDHHC20","13",2979.77178936861,-0.870700733750399,0.299702788760715,-2.90521398666588,0.00367002096129204,0.0378037167673804,"DOWN",21348784,21459370,"-",41.14,1970,415,"zinc finger DHHC-type palmitoyltransferase 20"
"AKAP11","13",24014.9725299279,-0.871802958241178,0.312348916657242,-2.79111887939684,0.00525261763085036,0.0463542992441282,"DOWN",42272152,42323261,"+",36.45,9915,5706,"A-kinase anchoring protein 11"
"SUCLA2","13",2276.06131895902,-0.87852366213484,0.309092965288788,-2.84226352843077,0.00447944478730661,0.0426534848920464,"DOWN",47745736,48037968,"-",40.06,3317,1392,"succinate-CoA ligase ADP-forming subunit beta"
"KPNA3","13",2535.25433889761,-0.882261166464192,0.265082088965774,-3.32825642768383,0.000873913866129302,0.0178819634231838,"DOWN",49699320,49792682,"-",38.63,4222,1566,"karyopherin subunit alpha 3"
"MZT1","13",831.836054487759,-0.911850394046015,0.234674355990713,-3.8855987915531,0.000102077970795866,0.00613159423927985,"DOWN",72708367,72727629,"-",38.81,2231,249,"mitotic spindle organizing protein 1"
"EDNRB","13",3670.28002660132,-0.919496822025412,0.329394467056923,-2.7914762207178,0.00524682127694333,0.0463542992441282,"DOWN",77895481,77975529,"-",38.12,4471,1599,"endothelin receptor type B"
"MTMR6","13",1863.9720481646,-0.944840109243944,0.305541351390913,-3.09234774587059,0.00198580072087578,0.0270583528085079,"DOWN",25246222,25287510,"-",37.71,5117,1866,"myotubularin related protein 6"
"ESD","13",1396.65227714937,-0.982348803685807,0.302994122349622,-3.24213815128824,0.0011863649726637,0.0206576121157987,"DOWN",46771256,46797420,"-",34.83,1121,849,"esterase D"
"MBNL2","13",8415.8167373375,-1.00355313588947,0.311013985575796,-3.22671385349935,0.00125220618543813,0.0211789222384661,"DOWN",97221434,97394120,"+",40.24,4487,1086,"muscleblind like splicing regulator 2"
"TPT1","13",18233.9884751775,-1.01744927756684,0.32332482554226,-3.14683314484263,0.00165049118760517,0.0243796950645677,"DOWN",45333471,45341284,"-",43.84,4548,519,"tumor protein, translationally-controlled 1"
"LCP1","13",852.231561740464,-1.04611341988818,0.342541626500916,-3.05397457989062,0.00225831215480857,0.0291335012412484,"DOWN",46125920,46211871,"-",40.21,3944,1884,"lymphocyte cytosolic protein 1"
"TEX30","13",70.6382331089367,-1.0816688129143,0.343121868967135,-3.15243332105394,0.00161915796702015,0.0241803114159105,"DOWN",102765888,102773811,"-",40.96,1362,684,"testis expressed 30"
"NDFIP2","13",4959.00802925809,-1.10634602191624,0.296381878483489,-3.7328396310096,0.000189333148489864,0.00837916428539311,"DOWN",79481155,79556077,"+",35.46,4624,1011,"Nedd4 family interacting protein 2"
"UCHL3","13",60.1823972645056,-1.18267762072243,0.401219325818342,-2.94770850908089,0.00320138774452255,0.0349565525909808,"DOWN",75549483,75606020,"+",35.78,696,NA,"ubiquitin C-terminal hydrolase L3"
"HTR2A","13",832.763000334532,-1.29971955437721,0.437214381502777,-2.97272827556555,0.00295165630548692,0.0333125335531996,"DOWN",46831546,46897076,"-",39.27,5415,1416,"5-hydroxytryptamine receptor 2A"
"GPR183","13",209.457779626672,-1.54037803196346,0.542114473882106,-2.84142576185569,0.00449123073410438,0.0427154896771882,"DOWN",99294539,99307399,"-",38.07,1685,1086,"G protein-coupled receptor 183"
"ALOX5AP","13",243.345009866165,-1.58933372091561,0.482397203396583,-3.29465782497293,0.000985415911492636,0.0189114405632671,"DOWN",30713478,30764426,"+",45.66,1224,657,"arachidonate 5-lipoxygenase activating protein"
"RNA5SP389","14",102.722594510826,2.89142887484842,0.503218038133944,5.74587684807672,9.14458472181724e-09,3.29757444415704e-05,"UP",106636672,106636786,"+",52.17,115,NA,"RNA, 5S ribosomal pseudogene 389"
"ASPG","14",19.5620073094004,2.82035212834619,0.864126239913887,3.26381956486734,0.00109921144546042,0.0198792745813177,"UP",104085686,104115582,"+",63.42,2157,NA,"asparaginase"
"ACOT6","14",69.4181103056041,1.90874724605799,0.500445863771788,3.81409336001308,0.000136683793557531,0.00689474145059678,"UP",73610945,73619888,"+",47.45,870,506,"acyl-CoA thioesterase 6"
"DIO3OS","14",63.054763470049,1.8365950947273,0.54264075170527,3.38455062388095,0.00071294870599813,0.0161606161230279,"UP",101552221,101620355,"-",51.41,1093,NA,"DIO3 opposite strand upstream RNA"
"SNORD9","14",50.0426603305919,1.82559319393508,0.577089733943697,3.16344770415409,0.00155912360410774,0.0237761434356556,"UP",21392150,21392253,"-",47.12,104,NA,"small nucleolar RNA, C/D box 9"
"KIF26A","14",262.061607773708,1.6366707846922,0.428429206665172,3.82016622403453,0.000133361766418156,0.00689474145059678,"UP",104136454,104180894,"+",64.13,6860,5745,"kinesin family member 26A"
"SNORD114-3","14",112.401457647189,1.5819702881906,0.485651272031242,3.2574202504896,0.00112429845404078,0.020141828229322,"UP",100953349,100953423,"+",48,75,NA,"small nucleolar RNA, C/D box 114-3"
"ENSG00000282885","14",4681.24557390656,1.53294956129335,0.325098432169747,4.71533975436994,2.41307746445752e-06,0.000937227465404875,"UP",49860314,49868199,"-",46.45,1676,NA,"novel transcript"
"CCDC85C","14",2085.48849258466,1.344599169761,0.246383078938167,5.45735192349979,4.83287889143412e-08,0.000106261826243842,"UP",99500190,99604207,"-",56.1,16564,1260,"coiled-coil domain containing 85C"
"SNORA79B","14",418.707912272314,1.3253517787557,0.359381711967182,3.68786650689875,0.0002261422305131,0.00923897970809094,"UP",20323179,20323326,"-",45.95,148,NA,"small nucleolar RNA, H/ACA box 79B"
"DEGS2","14",241.70186622903,1.28033128769858,0.321672870088755,3.98022776165523,6.88492711555187e-05,0.00499519016355587,"UP",100143957,100159645,"-",60.22,3834,972,"delta 4-desaturase, sphingolipid 2"
"XRCC3","14",363.118416777173,1.2630158928674,0.402886537522305,3.13491709262554,0.00171902687103178,0.0248500190140332,"UP",103697609,103715504,"-",59.79,2539,1041,"X-ray repair cross complementing 3"
"ZNF219","14",1744.92793929085,1.23553837232523,0.321383798601229,3.84443266182898,0.000120831657913162,0.00668686557298019,"UP",21090077,21104722,"-",55.48,3055,2169,"zinc finger protein 219"
"CRIP1","14",107.199918757292,1.20568472429961,0.38363246252788,3.14281204555776,0.00167333249574396,0.0245983118279548,"UP",105486317,105488947,"+",68.07,2241,NA,"cysteine rich protein 1"
"ANKRD9","14",1864.14048451214,1.12324058046074,0.288164115600916,3.89791969107053,9.70225789250453e-05,0.00601060469448186,"UP",102501767,102509799,"-",59.94,6705,954,"ankyrin repeat domain 9"
"NFATC4","14",741.979200931134,1.11394483506732,0.272280570412671,4.09116534969431,4.29210963910953e-05,0.0038777760136812,"UP",24365673,24379604,"+",56.84,1495,NA,"nuclear factor of activated T cells 4"
"GPR68","14",244.580415992015,1.10017953682306,0.34603890876734,3.17935211604417,0.00147604665784274,0.0229579835797971,"UP",91232532,91253925,"-",51.9,2859,1098,"G protein-coupled receptor 68"
"PAPLN","14",1486.31336898508,1.0878855750163,0.348580182246801,3.12090483172121,0.00180296290567614,0.0254413423784615,"UP",73237497,73274640,"+",55.23,5834,3756,"papilin, proteoglycan like sulfated glycoprotein"
"ENSG00000274015","14",33.1297527354903,1.06203860375895,0.356583122988069,2.9783759670378,0.00289780287943725,0.0329782970955638,"UP",63641745,63665593,"+",44.05,921,NA,"novel transcript"
"PABPN1","14",2197.74523344273,1.05958952959141,0.23761793393096,4.45921531284451,8.22602541087658e-06,0.00164043254520405,"UP",23321457,23326163,"+",50.18,1811,921,"poly(A) binding protein nuclear 1"
"TRMT61A-DT","14",226.982636423055,1.0546310981351,0.238837637382416,4.41568217511075,1.00691937524865e-05,0.00191866565093786,"UP",103525010,103529072,"-",56.83,4063,NA,"TRMT61A divergent transcript"
"HHIPL1","14",1556.42908424187,0.908910750972763,0.269255344256312,3.37564609342551,0.000736425820557787,0.0164442737107872,"UP",99645129,99680569,"+",54.84,7371,2349,"HHIP like 1"
"VASH1","14",2953.03564740418,0.90230131228879,0.190816848650201,4.7286249546174,2.26045492776285e-06,0.000926633269201223,"UP",76761468,76783015,"+",55.57,6449,1098,"vasohibin 1"
"NYNRIN","14",895.26132570239,0.893765038800465,0.257107813445921,3.47622667246732,0.000508522284805041,0.0139362545671928,"UP",24399003,24419283,"+",52.76,7635,5697,"NYN domain and retroviral integrase containing"
"RN7SL587P","14",175.430428519204,0.879023949150679,0.312616034544146,2.81183257420709,0.00492601367515192,0.044756035592496,"UP",77547566,77547846,"-",55.87,281,NA,"RNA, 7SL, cytoplasmic 587, pseudogene"
"PACS2","14",11021.8598790238,0.836448262370808,0.167047973709076,5.00723381312923,5.52178362075539e-07,0.000416186934296712,"UP",105300563,105398147,"+",57.4,2944,2445,"phosphofurin acidic cluster sorting protein 2"
"ZFHX2","14",2119.85853803003,0.813088018443811,0.250124133842118,3.2507379674008,0.00115105893082807,0.020350519956877,"UP",23520857,23556192,"-",52.73,9296,7719,"zinc finger homeobox 2"
"CCDC177","14",1093.88732794966,0.755571685352128,0.207504766720418,3.6412256802281,0.000271343145716887,0.0103187190602337,"UP",69569799,69574871,"-",62.23,4182,2124,"coiled-coil domain containing 177"
"CEP170B","14",12385.513484054,0.716774329780839,0.234416316344343,3.05769811998897,0.00223044146200587,0.0288941923942549,"UP",104865268,104896747,"+",64.32,6727,4665,"centrosomal protein 170B"
"TMEM229B","14",1024.57488134597,0.712769873596346,0.223650286956823,3.18698394397299,0.00143764755392234,0.0226520806118343,"UP",67447084,67533739,"-",48.53,2812,504,"transmembrane protein 229B"
"BRF1","14",2913.15483020632,0.512741858917076,0.150308764272751,3.41125723039444,0.000646640562404585,0.015378218920666,"UP",105209286,105315589,"-",56.66,3579,1422,"BRF1 RNA polymerase III transcription initiation factor subunit"
"AKT1","14",4385.72700397974,0.489912828723559,0.141476897243615,3.46284685534173,0.000534492516953596,0.0142387965008821,"UP",104769349,104795759,"-",64.09,3916,1443,"AKT serine/threonine kinase 1"
"MTA1","14",3167.73074250577,0.443522877560802,0.157455893055981,2.81680710040565,0.00485036475861554,0.0445979000126179,"UP",105419820,105470729,"+",59.42,2888,768,"metastasis associated 1"
"STRN3","14",2087.90234632543,-0.480423110585443,0.141911652372043,-3.38536760410583,0.000710829906345999,0.0161277036724994,"DOWN",30893799,31026401,"-",38.51,3970,2142,"striatin 3"
"TOX4","14",2992.50097625077,-0.493963453782726,0.173347577478638,-2.84955498638911,0.00437804373973765,0.0420855985251569,"DOWN",21476597,21499175,"+",43.81,724,666,"TOX high mobility group box family member 4"
"CCNK","14",340.470362923616,-0.522542839801569,0.150389475021487,-3.47459714003862,0.000511621082863152,0.0139504706991299,"DOWN",99481169,99535044,"+",50.14,955,NA,"cyclin K"
"BAG5","14",2568.2784863494,-0.524827620496118,0.171897928992932,-3.0531352155947,0.00226463870408627,0.029149841243763,"DOWN",103556545,103562657,"-",45.51,4867,1344,"BAG cochaperone 5"
"PPP2R3C","14",825.823392555003,-0.531306814481891,0.160482891751989,-3.31067572799582,0.00093070993527869,0.0184358316909504,"DOWN",35085467,35122517,"-",42.2,1402,69,"protein phosphatase 2 regulatory subunit B''gamma"
"GPHN","14",2264.45617925353,-0.542512754998125,0.157213190388401,-3.45080939873956,0.000558908131197291,0.0144888883040843,"DOWN",66507407,67181803,"+",36.43,4193,2211,"gephyrin"
"GLRX5","14",782.169355397728,-0.55927174311568,0.203325245836228,-2.750626174411,0.00594814795816097,0.049822100728572,"DOWN",95533503,95544724,"+",45.13,912,NA,"glutaredoxin 5"
"PSMA3","14",1209.45986783898,-0.600832412791478,0.165190161007774,-3.6372167030166,0.000275600052690973,0.0103400291542457,"DOWN",58244843,58272012,"+",40.28,955,768,"proteasome 20S subunit alpha 3"
"TOGARAM1","14",3598.9435784588,-0.606327733209807,0.178380497446752,-3.39906963983437,0.000676154976452994,0.0157548017923816,"DOWN",44962190,45074431,"+",37.86,6424,5322,"TOG array regulator of axonemal microtubules 1"
"LINC00641","14",4468.39877612931,-0.60912046678837,0.211556268727842,-2.8792361977795,0.00398639649627477,0.0397517645902937,"DOWN",21200079,21206900,"-",41.26,5425,NA,"long intergenic non-protein coding RNA 641"
"EIF5","14",10008.1083691967,-0.677906810698217,0.226164875652053,-2.99740093922079,0.00272292337079305,0.0319791458056926,"DOWN",103333544,103345025,"+",44.94,521,NA,"eukaryotic translation initiation factor 5"
"UBR7","14",1567.0364613342,-0.680792600168418,0.214861501484362,-3.16851830348942,0.00153218101088591,0.0235471692789819,"DOWN",93207241,93229215,"+",43.11,587,536,"ubiquitin protein ligase E3 component n-recognin 7"
"MTHFD1","14",3306.1157460646,-0.684442470732713,0.224071031034314,-3.05457812896795,0.00225377303051049,0.0291029121814879,"DOWN",64388031,64463457,"+",43.75,6814,2895,"methylenetetrahydrofolate dehydrogenase, cyclohydrolase and formyltetrahydrofolate synthetase 1"
"ERG28","14",451.738789122964,-0.685218775104067,0.248574670411336,-2.75659130501986,0.00584073035291298,0.0492208725838165,"DOWN",75649791,75660876,"-",43.72,2320,423,"ergosterol biosynthesis 28 homolog"
"SLC39A9","14",2961.0955432104,-0.68740597689067,0.201751218026409,-3.40719616771131,0.00065633936629155,0.0154268453966253,"DOWN",69398015,69462390,"+",40.2,944,NA,"solute carrier family 39 member 9"
"GOLGA5","14",1891.29030494253,-0.690381831844662,0.219046974866775,-3.15175241413197,0.00162293821539598,0.0241999899368479,"DOWN",92794305,92839947,"+",39.58,2879,2196,"golgin A5"
"EML1","14",1918.7791380703,-0.70274211546739,0.248372443504071,-2.82938841987868,0.00466370592239593,0.043618094137304,"DOWN",99737693,99942060,"+",45.19,1277,1137,"EMAP like 1"
"KLHL28","14",1161.81897954054,-0.704947408163148,0.212760898098961,-3.3133316058633,0.000921916038276419,0.0183669368218727,"DOWN",44924324,45042322,"-",37.29,6522,1716,"kelch like family member 28"
"PRMT5","14",908.327076264552,-0.72148531011018,0.216166096336367,-3.33764323979606,0.000844921589303541,0.0176064956000032,"DOWN",22920525,22929408,"-",47.51,2418,1863,"protein arginine methyltransferase 5"
"RTRAF","14",1869.8937001169,-0.734929034194401,0.233148141578926,-3.15219769378094,0.00162046520087527,0.0241803114159105,"DOWN",51989514,52010694,"+",36.67,7007,735,"RNA transcription, translation and transport factor"
"AP5M1","14",2308.71609575535,-0.746137714885671,0.16705367063841,-4.46645507419406,7.9526352928922e-06,0.00161632300162933,"DOWN",57268924,57298742,"+",35.15,11675,1473,"adaptor related protein complex 5 subunit mu 1"
"CALM1","14",98042.0750165552,-0.756591533553811,0.268262226236454,-2.82034315515942,0.00479723185988935,0.0443660090780004,"DOWN",90396502,90408268,"+",47.08,557,295,"calmodulin 1"
"SEC23A","14",2437.30805191574,-0.757405314166098,0.199402074113772,-3.7983823264243,0.000145643546197689,0.0071306372638407,"DOWN",39031919,39109646,"-",38.8,3813,NA,"SEC23 homolog A, COPII coat complex component"
"GTF2A1","14",3571.04244783199,-0.758686391737091,0.243795519752835,-3.11197840102337,0.00185838095240701,0.025950237551853,"DOWN",81175452,81221377,"-",37.75,6343,1131,"general transcription factor IIA subunit 1"
"MAPK1IP1L","14",2515.91929154624,-0.762439467991421,0.207057660411436,-3.68225675145951,0.000231178410927418,0.00939711100284123,"DOWN",55051647,55070194,"+",40.14,565,NA,"mitogen-activated protein kinase 1 interacting protein 1 like"
"APEX1","14",1687.40818485818,-0.762868781794545,0.257670232289834,-2.96063994282603,0.00307000613241559,0.0339977876916683,"DOWN",20455191,20457772,"+",47.06,1437,957,"apurinic/apyrimidinic endodeoxyribonuclease 1"
"FKBP3","14",1395.68034595817,-0.763072439327712,0.227623456525074,-3.35234536447545,0.00080129990958956,0.0171963084412893,"DOWN",45115599,45135319,"-",40.63,1299,675,"FKBP prolyl isomerase 3"
"ARHGAP5","14",18103.7885249045,-0.76331263585887,0.233077118772486,-3.27493595200978,0.00105685931662024,0.0195284268225117,"DOWN",32076114,32159728,"+",36.95,583,111,"Rho GTPase activating protein 5"
"HNRNPC","14",8942.52875828581,-0.763804848696044,0.225907901259884,-3.38104530402132,0.000722106359838861,0.0162571379917528,"DOWN",21209136,21269494,"-",39.78,3301,867,"heterogeneous nuclear ribonucleoprotein C"
"WDR89","14",333.982630820069,-0.794695024818239,0.229562515456811,-3.46178043587325,0.00053661473821015,0.0142621583058799,"DOWN",63597039,63641871,"-",41.2,2993,1164,"WD repeat domain 89"
"C14orf119","14",310.439985422075,-0.795555694942493,0.282919016413287,-2.81195553776544,0.00492413094562754,0.0447557425971243,"DOWN",23095505,23100456,"+",44.77,2914,423,"chromosome 14 open reading frame 119"
"SPATA7","14",744.621762937047,-0.800171993603868,0.245900787138458,-3.25404405132432,0.00113774635640644,0.0202759764603564,"DOWN",88384924,88470350,"+",37.9,2301,1704,"spermatogenesis associated 7"
"TDRD9","14",282.326257997535,-0.828352532081142,0.27342301492351,-3.02956403400377,0.00244906980802664,0.0304984791553466,"DOWN",103928456,104052667,"+",42.7,4788,4149,"tudor domain containing 9"
"RDH11","14",2545.0295827234,-0.85546347276096,0.283608863220371,-3.01634957048661,0.00255838126106802,0.0311787799692427,"DOWN",67676800,67695793,"-",42.62,2539,957,"retinol dehydrogenase 11"
"DAD1","14",1533.86521574205,-0.868179205102539,0.302388937478251,-2.8710680104327,0.00409087499884827,0.0403924762409011,"DOWN",22564907,22589224,"-",41.9,339,NA,"defender against cell death 1"
"SPTSSA","14",708.349536786375,-0.869663705775649,0.216403598992949,-4.01871184131269,5.85171835239302e-05,0.00449883296461088,"DOWN",34432788,34462240,"-",41.75,2662,216,"serine palmitoyltransferase small subunit A"
"MIS18BP1","14",701.458696146028,-0.880010011144563,0.199297463608313,-4.41556051548193,1.00748589129706e-05,0.00191866565093786,"DOWN",45203190,45253540,"-",37.65,4577,3399,"MIS18 binding protein 1"
"TMED10","14",5430.46925407107,-0.884436362528628,0.299562710815559,-2.95242475313683,0.00315288903289304,0.0345996121225828,"DOWN",75131469,75176612,"-",42.19,4109,660,"transmembrane p24 trafficking protein 10"
"CNIH1","14",1364.40327076192,-0.929306702927166,0.233549314400129,-3.97905986285632,6.91883198871751e-05,0.00499519016355587,"DOWN",54423561,54441391,"-",38.2,4735,435,"cornichon family member 1"
"JKAMP","14",802.987020332347,-0.933884216083375,0.27008036363195,-3.45780123932304,0.000544603012646406,0.0142903401205983,"DOWN",59484443,59505410,"+",36.78,2347,936,"JNK1/MAPK8 associated membrane protein"
"ATP6V1D","14",3266.85264429944,-0.935408852551868,0.313414712980496,-2.98457224185924,0.0028397513586651,0.032623483027799,"DOWN",67294371,67360265,"-",38.54,1750,744,"ATPase H+ transporting V1 subunit D"
"GALC","14",1998.44343129228,-0.937046721909896,0.265334667839483,-3.5315653606063,0.000413107754917782,0.0126634019777459,"DOWN",87837820,87993665,"-",39.12,2067,1305,"galactosylceramidase"
"DHRS7","14",1406.78866087782,-0.938803986132998,0.336920111828186,-2.78642904704883,0.0053292283392577,0.0467510760294838,"DOWN",60144119,60169856,"-",39.65,2322,1020,"dehydrogenase/reductase 7"
"SEL1L","14",7212.7972777506,-0.941704096595197,0.272223136478962,-3.45930955309514,0.000541562109464159,0.0142822254367668,"DOWN",81471547,81533853,"-",38.48,7919,2385,"SEL1L adaptor subunit of SYVN1 ubiquitin ligase"
"HIF1A","14",4822.43803071007,-0.948550372873682,0.296899203274312,-3.19485657897605,0.00139900344265423,0.0223194572981762,"DOWN",61695513,61748259,"+",37.25,559,NA,"hypoxia inducible factor 1 subunit alpha"
"MOAP1","14",7954.11337132618,-0.966025485970647,0.340888848294197,-2.8338430277336,0.00459919174793433,0.0432152492678864,"DOWN",93182199,93184923,"-",51.52,2407,1056,"modulator of apoptosis 1"
"NDUFB1","14",984.757343564193,-0.986365481481831,0.306087471187104,-3.22249544437867,0.0012707918654983,0.0212878044906824,"DOWN",92116122,92121917,"-",44.2,454,177,"NADH:ubiquinone oxidoreductase subunit B1"
"DTD2","14",131.381426540637,-0.987009959576508,0.266313535270164,-3.70619525055393,0.000210396124470397,0.00875841767029434,"DOWN",31446036,31457506,"-",38.5,2713,507,"D-aminoacyl-tRNA deacylase 2"
"GMFB","14",5259.66683607795,-0.99999843059924,0.237394911063749,-4.21238360215187,2.52689935501043e-05,0.00318400269728011,"DOWN",54474484,54489025,"-",36.62,6721,117,"glia maturation factor beta"
"SLIRP","14",615.675975303574,-1.07211708843636,0.252075941784464,-4.25315117677145,2.10783171930293e-05,0.00286404595298094,"DOWN",77708071,77761104,"+",41.29,420,279,"SRA stem-loop interacting RNA binding protein"
"ERH","14",989.730937878487,-1.08735610287255,0.275859398569041,-3.94170402934599,8.09047723583973e-05,0.00551200795566253,"DOWN",69380128,69398299,"-",40.2,791,315,"ERH mRNA splicing and mitosis factor"
"TIMM9","14",296.012465652816,-1.11180074504544,0.30961381466186,-3.59092744701872,0.000329503358850583,0.011247906622331,"DOWN",58408495,58427531,"-",40.88,1252,270,"translocase of inner mitochondrial membrane 9"
"GSKIP","14",659.573286921347,-1.1649543802336,0.344273913841943,-3.38380090211666,0.000714898235868669,0.0161746519697128,"DOWN",96363452,96387288,"+",38.94,2169,420,"GSK3B interacting protein"
"COX16","14",142.154523547327,-1.43789692582409,0.344800573678163,-4.17022776524212,3.04295361610954e-05,0.00353831135380891,"DOWN",70325081,70416984,"-",39.51,1669,321,"cytochrome c oxidase assembly factor COX16"
"C2CD4B","15",26.8655630282181,2.28789526546873,0.697632494698182,3.27951361620354,0.00103986192064123,0.0193611242591446,"UP",62163535,62165285,"-",67.16,1581,1095,"C2 calcium dependent domain containing 4B"
"ENSG00000258676","15",60.9946072385702,2.18811223217465,0.699142141317643,3.12971011595842,0.00174978883577005,0.0250268437504047,"UP",92580741,92614596,"+",47.71,696,NA,"novel transcript"
"ENSG00000260919","15",21.6812099883803,2.01155492314326,0.572462958015869,3.51386040786853,0.000441644835749214,0.0131547068933873,"UP",74613194,74615596,"-",60.38,498,NA,"novel transcript, antisense to CLK3"
"SNORD115-34","15",23.0284691243678,1.90628391929828,0.655391725202083,2.90861761904379,0.0036303058803624,0.037538511339224,"UP",25232387,25232468,"+",41.46,82,NA,"small nucleolar RNA, C/D box 115-34"
"RNU5A-1","15",114.039373446247,1.90199402622557,0.477397741769285,3.98408676835502,6.77401203056076e-05,0.00493482695696213,"UP",65296051,65296167,"+",41.03,117,NA,"RNA, U5A small nuclear 1"
"CILP","15",19.5420942441021,1.88473872125215,0.647966537441351,2.90869761376025,0.00362937718575527,0.037538511339224,"UP",65194760,65211473,"-",49.96,5678,3555,"cartilage intermediate layer protein"
"ENSG00000260144","15",26.7377339323481,1.86322269497589,0.653662531294772,2.85043521048273,0.00436594441827419,0.042036119307476,"UP",72605183,72612326,"+",52.67,1194,NA,"golgin A6 family, member A (GOLGA6A) pseudogene"
"SNORD115-38","15",109.850847655872,1.83025805222534,0.510112622106933,3.58794896049772,0.000333289511239108,0.0113056663658192,"UP",25239838,25239919,"+",42.68,82,NA,"small nucleolar RNA, C/D box 115-38"
"SNORD115-30","15",252.667131272553,1.77103520556654,0.539815576197954,3.28081530740619,0.00103507498956963,0.0193345020388501,"UP",25225203,25225284,"+",39.02,82,NA,"small nucleolar RNA, C/D box 115-30"
"PLA2G4B","15",66.9841962972334,1.74780606953201,0.541397533558301,3.22832292575229,0.00124518322223953,0.0211461252631971,"UP",41837775,41848147,"+",60.49,2985,2346,"phospholipase A2 group IVB"
"SNORD115-16","15",28.2949655664871,1.74768884898178,0.598655438071011,2.91935684174722,0.00350754457684874,0.0367881496685445,"UP",25199448,25199529,"+",41.46,82,NA,"small nucleolar RNA, C/D box 115-16"
"MIR3175","15",31.8064112351573,1.71603502939766,0.543828885772992,3.15546870401801,0.00160240456295158,0.0240879808879156,"UP",92904399,92904475,"+",71.43,77,NA,"microRNA 3175"
"DNM1P51","15",92.0643262120134,1.68046378363721,0.510903303133239,3.28920125066986,0.00100472155117178,0.0190478947594354,"UP",84398990,84401731,"-",59.85,522,NA,"dynamin 1 pseudogene 51"
"PRKXP1","15",75.7905602051049,1.66256675133956,0.513165579565257,3.23982515107122,0.0011960301599509,0.020735516529037,"UP",100553529,100558954,"-",59.57,1122,NA,"PRKX pseudogene 1"
"RNU5B-1","15",175.801699050073,1.65252166613816,0.437936151213635,3.77343058242301,0.00016101803626406,0.00762110024477996,"UP",65304677,65304793,"+",39.32,117,NA,"RNA, U5B small nuclear 1"
"SNORD115-8","15",124.86620246555,1.64324784639917,0.430578878250022,3.81636891497728,0.000135429971543151,0.00689474145059678,"UP",25184306,25184387,"+",41.46,82,NA,"small nucleolar RNA, C/D box 115-8"
"GOLGA2P7","15",27.5507590890879,1.64266221664073,0.554356080013451,2.96318968234438,0.00304468884251348,0.0338567595739979,"UP",84203866,84205319,"-",60.59,745,NA,"GOLGA2 pseudogene 7"
"ENSG00000261426","15",75.8810952008958,1.63449433188846,0.424800212262137,3.84767776641278,0.000119242749573102,0.00665367237453687,"UP",27362310,27366398,"+",42.21,4089,NA,"novel transcript, sense intronic to GABRG3"
"SNORD115-2","15",87.0119487924696,1.62009551176116,0.432562035060343,3.74534836728137,0.000180143626804951,0.00814203028068339,"UP",25172635,25172716,"+",42.68,82,NA,"small nucleolar RNA, C/D box 115-2"
"SPTBN5","15",440.163484234846,1.61926576518889,0.443939630445954,3.64749090673045,0.000264813680336847,0.0101987001156481,"UP",41848146,41894053,"-",59.31,11699,11025,"spectrin beta, non-erythrocytic 5"
"SNORD115-33","15",785.774960672493,1.53137509770705,0.460873429113586,3.32276716549357,0.000891292752730036,0.0180065732201597,"UP",25230838,25230919,"+",43.9,82,NA,"small nucleolar RNA, C/D box 115-33"
"CSPG4P10","15",156.699133650244,1.47230002786486,0.489500235402829,3.00776163397194,0.00263179475393583,0.0314999547768997,"UP",82459472,82470008,"+",58.14,4817,NA,"chondroitin sulfate proteoglycan 4 pseudogene 10"
"SNORD115-15","15",96.205795705263,1.42836154303773,0.488962013856364,2.92121167403674,0.00348672842505202,0.0366890478479785,"UP",25197576,25197656,"+",43.21,81,NA,"small nucleolar RNA, C/D box 115-15"
"SMAD6","15",701.64845877269,1.42793344727775,0.418221497775914,3.41429949170822,0.000639462416970953,0.015328085249613,"UP",66702236,66782849,"+",50.82,3828,1491,"SMAD family member 6"
"DNM1P46","15",93.6653374303726,1.41062812401076,0.484710921807812,2.91024621180307,0.00361144133940451,0.0374394857414648,"UP",99798123,99801179,"-",58.75,882,NA,"dynamin 1 pseudogene 46"
"RPL35AP32","15",30.3401661084115,1.40070936039419,0.499764620295951,2.8027381361344,0.00506707928949565,0.0454908610600378,"UP",66446455,66446777,"-",45.51,323,NA,"ribosomal protein L35a pseudogene 32"
"UBE2Q2P2","15",375.02221411334,1.38544308746756,0.480385093087132,2.88402597708474,0.00392626364019089,0.0395287813527493,"UP",82391844,82420075,"+",38.27,761,NA,"UBE2Q2 pseudogene 2"
"GABRG3-AS1","15",63.8091862377891,1.3280470121938,0.45627459314609,2.91063108080749,0.00360699631586515,0.0374137863700257,"UP",27038978,27161319,"-",41.82,1974,NA,"GABRG3 antisense RNA 1"
"JMJD7-PLA2G4B","15",354.135656873013,1.27284711417556,0.377354981780227,3.37307621638045,0.000743333738198685,0.0165393466348421,"UP",41828095,41848155,"+",57.7,7218,NA,"JMJD7-PLA2G4B readthrough"
"HSP90AB4P","15",232.622716167578,1.24296156730968,0.333000718202745,3.73260926888724,0.000189506444393865,0.00837916428539311,"UP",58691106,58693125,"-",45.94,1574,NA,"heat shock protein 90 alpha family class B member 4, pseudogene"
"SNORD115-5","15",4646.5311706994,1.23936910452653,0.368493750046147,3.36333819602455,0.000770059628145383,0.0168474123216506,"UP",25178738,25178819,"+",42.68,82,NA,"small nucleolar RNA, C/D box 115-5"
"C15orf62","15",199.930621186188,1.22084000304985,0.384544108532266,3.17477234980812,0.00149954095257418,0.0232188844295512,"UP",40769980,40772449,"+",58.62,2470,528,"chromosome 15 open reading frame 62"
"NEIL1","15",791.746589618153,1.21386543321335,0.357014630838073,3.40004394319601,0.000673750244146532,0.0157139087800656,"UP",75346955,75357115,"+",58.78,583,66,"nei like DNA glycosylase 1"
"ENSG00000259219","15",25.6198358948941,1.20497002931798,0.429874275573568,2.80307545202658,0.00506178258259185,0.0454908610600378,"UP",99976481,99986679,"+",51.54,2393,NA,"novel transcript, antisense to ADAMTS17"
"LINC00926","15",107.617868893655,1.20013288161284,0.436620226917919,2.74868823665024,0.0059834267496873,0.049985473687609,"UP",57300317,57307769,"+",49.39,624,NA,"long intergenic non-protein coding RNA 926"
"HCN4","15",327.387916848474,1.17014220224599,0.385146595130465,3.03817356051042,0.00238016825973948,0.0300474720277924,"UP",73319859,73368958,"-",55.03,6922,3612,"hyperpolarization activated cyclic nucleotide gated potassium channel 4"
"SNORD115-42","15",192.326841608696,1.15625346012862,0.331889946701181,3.48384599057971,0.000494263812943944,0.0137880791001871,"UP",25247345,25247426,"+",42.68,82,NA,"small nucleolar RNA, C/D box 115-42"
"ENSG00000274403","15",32.9352350229154,1.1525080515997,0.406693222773428,2.83385113658944,0.00459907505149101,0.0432152492678864,"UP",42726583,42727211,"+",44.52,629,NA,"novel transcript, antisense to CDAN1"
"GOLGA2P10","15",171.664781306706,1.14267707635842,0.395017153690781,2.89272773519327,0.0038191219947977,0.0388101282300663,"UP",82476498,82477926,"-",60.25,817,NA,"GOLGA2 pseudogene 10"
"SNORD115-32","15",972.671624585557,1.06207492372915,0.347778283261382,3.05388511832672,0.0022589856825917,0.0291335012412484,"UP",25228967,25229048,"+",41.46,82,NA,"small nucleolar RNA, C/D box 115-32"
"CCDC9B","15",800.400705882967,1.05696079472227,0.323172628132981,3.27057647433974,0.00107328518201241,0.0196886944321851,"UP",40331452,40340939,"-",58.85,4717,NA,"coiled-coil domain containing 9B"
"INSYN1","15",3367.44850522366,0.924256832462924,0.292754442060148,3.15710609191382,0.00159343360842322,0.0240117042076784,"UP",73735458,73753351,"-",55.78,7150,882,"inhibitory synaptic factor 1"
"ADAMTS17","15",388.410931392652,0.922776058796913,0.323220191790121,2.85494558271937,0.00430442035240636,0.0416426842573201,"UP",99971437,100342005,"-",46.61,6329,3288,"ADAM metallopeptidase with thrombospondin type 1 motif 17"
"TMEM266","15",280.014701865544,0.918831990306296,0.262288347740435,3.50313690341893,0.000459813070313066,0.0133601669543503,"UP",76059958,76229121,"+",47.94,2292,282,"transmembrane protein 266"
"KIF7","15",688.612863702917,0.908410729768706,0.276040194736267,3.2908639650708,0.000998802008314851,0.0190476255064071,"UP",89608789,89663086,"-",48.65,527,272,"kinesin family member 7"
"ZNF710","15",1234.96714537626,0.900245800083372,0.242013244449357,3.71982038475482,0.000199364506707599,0.00852780242631975,"UP",90001324,90082206,"+",50.7,4676,1995,"zinc finger protein 710"
"SNX33","15",1284.7486883859,0.770272990158545,0.272409481688307,2.82762914633015,0.00468940961925966,0.0437232309373223,"UP",75647912,75662301,"+",56.21,8002,1725,"sorting nexin 33"
"ULK3","15",1691.90516658848,0.75520385034357,0.250120126914142,3.0193645735787,0.00253305511764064,0.0310801465090159,"UP",74836118,74843346,"-",59.88,2580,1419,"unc-51 like kinase 3"
"TLNRD1","15",1465.0002604771,0.663423760874411,0.189443823119882,3.50195509121767,0.000461857460145619,0.0133778257857269,"UP",81000923,81005788,"+",55.36,4866,1089,"talin rod domain containing 1"
"KLF13","15",6328.98966002167,0.564476214233001,0.188975353362074,2.9870361620728,0.00281696399341815,0.0324897907223707,"UP",31326835,31435665,"+",49.38,6845,867,"KLF transcription factor 13"
"IGF1R","15",8336.16408827568,0.547689547684559,0.16587182779501,3.3018840810111,0.000960377506516232,0.0187203832580663,"UP",98648539,98964530,"+",44.56,12235,4104,"insulin like growth factor 1 receptor"
"DNAJC17","15",813.970709098922,0.443098915263971,0.147974594019561,2.99442561880181,0.00274962088386026,0.0321112171400504,"UP",40765161,40807478,"-",50.2,3721,915,"DnaJ heat shock protein family (Hsp40) member C17"
"ZNF592","15",3575.47075862837,0.43314057590504,0.144101569297786,3.00580054759816,0.00264882681551173,0.03156895362358,"UP",84748592,84806445,"+",45.93,8187,3804,"zinc finger protein 592"
"MYO9A","15",8485.18139446879,-0.39192932510042,0.133212845179713,-2.94212862559674,0.00325964502613949,0.0353161750998547,"DOWN",71822291,72118577,"-",37.93,12478,7647,"myosin IXA"
"CTDSPL2","15",1713.27355725965,-0.407606972952835,0.142409506699034,-2.86221743478309,0.00420688190626491,0.041176708128257,"DOWN",44427622,44529038,"+",40.01,6433,1401,"CTD small phosphatase like 2"
"ICE2","15",1361.60019062051,-0.456637074640297,0.12259201804272,-3.72485160070676,0.000195430153265308,0.00848213694411366,"DOWN",60419609,60479160,"-",36.91,7206,2949,"interactor of little elongation complex ELL subunit 2"
"UBR1","15",3403.38131619436,-0.468393917515653,0.154283889406413,-3.03592241106792,0.00239801063709123,0.0301446389130397,"DOWN",42942897,43106113,"-",39.81,7698,5250,"ubiquitin protein ligase E3 component n-recognin 1"
"VPS39","15",4565.2583322983,-0.491184287017582,0.175517108905185,-2.79849805002725,0.00513408794370982,0.0457726505030422,"DOWN",42158701,42208307,"-",42.61,4832,2628,"VPS39 subunit of HOPS complex"
"RFX7","15",2487.36999003333,-0.499732958600661,0.136663381351275,-3.65667052621919,0.00025551245434955,0.00993540871527045,"DOWN",56087280,56245082,"-",37.42,4165,3831,"regulatory factor X7"
"IREB2","15",2659.03743290492,-0.517941209696465,0.164659309837916,-3.14553249498194,0.00165784776956922,0.0244576827273823,"DOWN",78437431,78501453,"+",39.42,558,115,"iron responsive element binding protein 2"
"SLC12A6","15",2878.78116213257,-0.518135807884927,0.144590627704708,-3.58346744951614,0.000339063034119341,0.0114055334397919,"DOWN",34229784,34338060,"-",39.55,8072,3453,"solute carrier family 12 member 6"
"SPPL2A","15",1476.10091414754,-0.526409649613397,0.190917760166999,-2.75725867071213,0.00582882212913252,0.0492062450314831,"DOWN",50702266,50765948,"-",40.48,7270,1563,"signal peptide peptidase like 2A"
"DENND4A","15",3876.89658476978,-0.538886492980033,0.140927912580146,-3.82384499361379,0.000131386533142878,0.0068781703259603,"DOWN",65658046,65792293,"-",37.31,480,79,"DENN domain containing 4A"
"ARIH1","15",4045.01187145682,-0.562831299778409,0.169357527503715,-3.32333205423102,0.000889489651274613,0.0180026750675546,"DOWN",72474330,72602987,"+",38.72,21679,1674,"ariadne RBR E3 ubiquitin protein ligase 1"
"ASB7","15",683.922392486006,-0.609811052415868,0.17063492845332,-3.57377623645614,0.000351869658742215,0.011578666076652,"DOWN",100602589,100651701,"+",40.05,4926,957,"ankyrin repeat and SOCS box containing 7"
"EIF3J","15",1806.69726499656,-0.610693367506654,0.216694053794774,-2.81822854301774,0.00482894243682884,0.0444634818080617,"DOWN",44537125,44563029,"+",42.02,1550,630,"eukaryotic translation initiation factor 3 subunit J"
"LACTB","15",580.23159651484,-0.627134264912948,0.182966817109675,-3.42758471082234,0.000608976273258457,0.0150139654893262,"DOWN",63121833,63142061,"+",39.93,2978,1122,"lactamase beta"
"ZFAND6","15",1414.64587846412,-0.642394514987545,0.18426975990472,-3.4861635209147,0.000490001382797092,0.0137420735669474,"DOWN",80059568,80140292,"+",38.12,1729,627,"zinc finger AN1-type containing 6"
"ADAM10","15",5233.20302062018,-0.648851447011375,0.213386895627659,-3.04072771246254,0.00236007154549208,0.0299231624276426,"DOWN",58588809,58749791,"-",37.34,11158,2247,"ADAM metallopeptidase domain 10"
"SNRPA1","15",458.728232344857,-0.664961832452758,0.222172335586342,-2.99300014422514,0.00276249618694118,0.0321625475867118,"DOWN",101281510,101295282,"-",42.28,1052,768,"small nuclear ribonucleoprotein polypeptide A'"
"DUT","15",1049.81630558225,-0.66891399203793,0.233232648222988,-2.8680118205338,0.0041306010068879,0.040677001609361,"DOWN",48331011,48343373,"+",39.96,569,402,"deoxyuridine triphosphatase"
"RNF111","15",2794.4011369489,-0.673824810769498,0.211040568357323,-3.19286863191447,0.0014086701596623,0.0223850831022288,"DOWN",58865175,59097419,"+",39.52,541,394,"ring finger protein 111"
"RPL4","15",14470.9746657615,-0.6901289185851,0.237669568727177,-2.90373278447484,0.00368742732433749,0.0379039569027215,"DOWN",66498015,66524532,"-",42.06,2741,1284,"ribosomal protein L4"
"ETFA","15",1497.92523138072,-0.700612240410314,0.208370804124622,-3.3623340052539,0.000772865777068647,0.0168474123216506,"DOWN",76188555,76311730,"-",43.06,2431,1002,"electron transfer flavoprotein subunit alpha"
"CHP1","15",3287.73322786066,-0.703147840638429,0.25258809495742,-2.7837726903042,0.00537306752318375,0.0469653094021403,"DOWN",41230839,41281887,"+",44.02,766,NA,"calcineurin like EF-hand protein 1"
"INTS14","15",555.439205164809,-0.706668172118192,0.224015148106879,-3.15455529722051,0.0016074291332589,0.0240879808879156,"DOWN",65578753,65611289,"-",40.67,2615,174,"integrator complex subunit 14"
"FEM1B","15",5688.04776462462,-0.71362237193449,0.249495605844404,-2.8602602820169,0.00423293435897541,0.0412142123497323,"DOWN",68277745,68295862,"+",39.17,7177,1884,"fem-1 homolog B"
"OIP5-AS1","15",9434.5074214585,-0.720594098701513,0.164585363996288,-4.37823923831869,1.19641977123715e-05,0.00212769180787807,"DOWN",41283958,41322392,"+",42.97,8881,NA,"OIP5 antisense RNA 1"
"DPH6-DT","15",178.549384533696,-0.72651555779345,0.245406740724763,-2.96045477662032,0.0030718521712167,0.0340026620654678,"DOWN",35546154,35860199,"+",37.08,2716,NA,"DPH6 divergent transcript"
"PIAS1","15",2695.55726277764,-0.733164028774338,0.197795360617734,-3.70667960302302,0.000209994331187339,0.00875841767029434,"DOWN",68054309,68198603,"+",38.06,7980,1956,"protein inhibitor of activated STAT 1"
"FAM98B","15",1418.2276444229,-0.740935659246497,0.237362876098417,-3.12153135075463,0.00179913090606652,0.0254020899557063,"DOWN",38454127,38487710,"+",36.34,4388,1302,"family with sequence similarity 98 member B"
"IDH3A","15",3833.70407771389,-0.748643891263307,0.2658831799685,-2.81568729301342,0.00486730169549804,0.0446681121378902,"DOWN",78131498,78171945,"+",44.46,573,NA,"isocitrate dehydrogenase (NAD(+)) 3 catalytic subunit alpha"
"HACD3","15",7428.21882343552,-0.749029250669281,0.270829067415184,-2.76569002662115,0.00568024995447933,0.048630982442137,"DOWN",65530418,65578349,"+",42.55,1797,738,"3-hydroxyacyl-CoA dehydratase 3"
"NEO1","15",7324.49865671479,-0.75730157916823,0.221413201786874,-3.42030905590349,0.00062550029656872,0.0151891065992079,"DOWN",73051710,73305205,"+",38.73,7342,4386,"neogenin 1"
"GATM","15",7531.8917411589,-0.79497986808849,0.2822344759065,-2.81673550169631,0.00485144608174967,0.0445979000126179,"DOWN",45361124,45402327,"-",40.25,2348,1272,"glycine amidinotransferase"
"APH1B","15",1003.97842131656,-0.795979736133149,0.242346929258472,-3.28446388228921,0.00102176593441644,0.0192314637274677,"DOWN",63276018,63309126,"+",40.76,758,566,"aph-1 homolog B, gamma-secretase subunit"
"EID1","15",7801.29992603888,-0.819038169337382,0.296452813606616,-2.76279438664469,0.00573088555554554,0.0488244139959201,"DOWN",48878134,48880173,"+",39.56,2040,564,"EP300 interacting inhibitor of differentiation 1"
"IMP3","15",485.423899459159,-0.832367331422494,0.244972429772449,-3.39780003894997,0.000679300522638272,0.0158128608667269,"DOWN",75639085,75648706,"-",52.2,2028,555,"IMP U3 small nucleolar ribonucleoprotein 3"
"BLOC1S6","15",2042.27247421802,-0.83643724597632,0.227765387178065,-3.6723632872382,0.000240317720719452,0.00962273670303463,"DOWN",45587214,45615945,"+",39.59,1051,NA,"biogenesis of lysosomal organelles complex 1 subunit 6"
"SRP14","15",7798.01833531016,-0.839674803480625,0.278693442526196,-3.01289759769535,0.00258766218244314,0.0313867590494332,"DOWN",40035690,40039181,"-",43.3,1119,411,"signal recognition particle 14"
"NIPA2","15",708.381396515535,-0.863083519045965,0.237678295841279,-3.63130977521956,0.000281986466513438,0.0104310171863047,"DOWN",22838644,22869362,"+",43.68,589,NA,"NIPA magnesium transporter 2"
"TMEM87A","15",1673.82508610726,-0.872841195058668,0.293144306879582,-2.97751371790145,0.00290596639903219,0.0330280560747145,"DOWN",42210447,42273534,"-",38.89,2964,1668,"transmembrane protein 87A"
"RAB8B","15",2461.70193701263,-0.911376263233439,0.23958206188056,-3.80402546033597,0.000142363538329187,0.00701496320889336,"DOWN",63189560,63267776,"+",39.78,4800,624,"RAB8B, member RAS oncogene family"
"MORF4L1","15",7084.44302615139,-0.91193056583927,0.246562032875034,-3.69858471397932,0.000216804991355002,0.00899424617652158,"DOWN",78810487,78903078,"+",45.32,2274,1047,"mortality factor 4 like 1"
"SNHG21","15",46.1674890387073,-0.919374054343407,0.302021538430919,-3.04406784734557,0.00233402495623527,0.0297109092586875,"DOWN",82750512,82796682,"+",43.68,7194,NA,"small nucleolar RNA host gene 21"
"TSPAN3","15",8044.81249967676,-0.921286890641138,0.241192157753924,-3.81972158307518,0.000133602392800235,0.00689474145059678,"DOWN",77041404,77083984,"-",41.92,6348,762,"tetraspanin 3"
"HMGB1P6","15",127.224693195146,-0.928031536290266,0.314897860936829,-2.94708745727694,0.00320782463664496,0.0349904105658864,"DOWN",71164770,71165415,"-",43.65,646,NA,"high mobility group box 1 pseudogene 6"
"SNRPN","15",4155.36688716069,-0.961254635709931,0.248788853307544,-3.86373675078465,0.000111665561558755,0.00646110830588529,"DOWN",24823637,24978723,"+",41.92,525,NA,"small nuclear ribonucleoprotein polypeptide N"
"EMC7","15",910.649031779163,-0.966106076526156,0.298758132607692,-3.23373984197035,0.00122180697911271,0.0209519309885192,"DOWN",34084017,34101862,"-",39.57,1069,729,"ER membrane protein complex subunit 7"
"GTF2A2","15",437.588148636431,-1.00225497061589,0.287300625622786,-3.48852345324096,0.000485696210492838,0.0137050792848759,"DOWN",59638062,59657541,"-",39.73,1559,330,"general transcription factor IIA subunit 2"
"RAMAC","15",151.973808331063,-1.0156299384361,0.329784641357994,-3.07967628284301,0.00207225695589968,0.0276903904615413,"DOWN",82986210,82991057,"+",41.09,1565,357,"RNA guanine-7 methyltransferase activating subunit"
"COPS2","15",2475.38705942513,-1.03424023357261,0.243019808920406,-4.25578572449353,2.08316142934625e-05,0.00284651651582872,"DOWN",49106068,49155661,"-",35.44,514,168,"COP9 signalosome subunit 2"
"RSL24D1","15",1365.78027771424,-1.09923479927605,0.296232131452095,-3.71072102775526,0.000206669759407049,0.0087082139390573,"DOWN",55180806,55197049,"-",36.2,1889,492,"ribosomal L24 domain containing 1"
"NOP10","15",254.729416411664,-1.22863925485735,0.298405660157438,-4.11734567705293,3.83260999327841e-05,0.00371803626852041,"DOWN",34339159,34343180,"-",43.96,458,177,"NOP10 ribonucleoprotein"
"GOLGA8Q","15",27.3341725170928,-1.60989181712137,0.528010259067767,-3.04897829061832,0.00229621074241974,0.0294309236969601,"DOWN",30552050,30565684,"+",49.01,5110,1899,"golgin A8 family member Q"
"GREP1","16",57.4183947036548,2.83804080251325,0.722581951383499,3.92763865341415,8.5783967047523e-05,0.00562268571005797,"UP",2988256,3002295,"+",60.82,2062,1611,"glycine rich extracellular protein 1"
"RNA5SP429","16",54.1954877607798,2.61971488690732,0.515050041838918,5.08633079138093,3.65057115750848e-07,0.000328189714787379,"UP",68742480,68742588,"+",55.96,109,NA,"RNA, 5S ribosomal pseudogene 429"
"ENSG00000259840","16",42.4388352888126,2.56244003745234,0.641907024843639,3.99191773618075,6.55411105812917e-05,0.00481816808668426,"UP",708674,711277,"-",62.94,446,NA,"novel transcript"
"ENSG00000275088","16",24.171621644803,2.39199643830792,0.628393395363754,3.80652701946888,0.000140931902107935,0.00701496320889336,"UP",85142696,85146001,"-",59.68,3306,NA,"novel transcript"
"LINC00304","16",26.825782091868,2.33649684901196,0.772326917805645,3.02526921585288,0.00248411904018441,0.0308107195414873,"UP",89159146,89164245,"+",59.35,1095,NA,"long intergenic non-protein coding RNA 304"
"ENSG00000261226","16",87.7017447856373,2.29869294091898,0.716293410684675,3.20914991905587,0.00133128056935342,0.0217155022007341,"UP",88936779,88939651,"-",61.68,531,NA,"novel transcript"
"ENSG00000289080","16",64.1144658145624,2.25673661532095,0.446449858782643,5.05484898455227,4.30731457871327e-07,0.000372059680002711,"UP",29145438,29148379,"-",57,2942,NA,"novel transcript"
"ENSG00000270020","16",64.6179983805239,2.2082034272194,0.645778087193895,3.41944620142614,0.000627487391094078,0.0152068236883781,"UP",86520383,86523897,"-",52.09,3515,NA,"novel transcript"
"ENSG00000280062","16",35.3547058299289,2.18119712690365,0.661567811613502,3.29701217110899,0.000977192665040001,0.0189067792158947,"UP",1530715,1533301,"+",61.65,2587,NA,"TEC"
"WFIKKN1","16",197.886851082077,2.17119268694275,0.551586208607465,3.93627080057739,8.27575842503606e-05,0.00557802718312923,"UP",629239,634117,"+",66.98,4878,NA,"WAP, follistatin/kazal, immunoglobulin, kunitz and netrin domain containing 1"
"ENSG00000279196","16",76.7056532090273,2.15911044781981,0.637594526271225,3.3863378038182,0.000708321339203349,0.0160893494843774,"UP",30984630,30988270,"-",61.66,3641,NA,"novel transcript"
"ENSG00000279255","16",72.6201322329659,2.04192956571674,0.452090125255282,4.51664270384964,6.28277822898688e-06,0.00138168636046495,"UP",707650,709816,"+",61.14,2167,NA,"TEC"
"NTN3","16",136.31399849959,2.02968625623552,0.414985359674794,4.89098279955248,1.00333733120594e-06,0.000539260370945487,"UP",2471297,2474145,"+",71.5,2188,1743,"netrin 3"
"FOXL1","16",37.2810413314507,1.9152013916529,0.445925421533377,4.29489169975377,1.74778636774261e-05,0.00256894265069416,"UP",86576368,86583478,"+",51.36,592,343,"forkhead box L1"
"ENSG00000259881","16",47.9053624488226,1.79624740802537,0.567225366093252,3.16672616458775,0.00154165414353945,0.0236289271962264,"UP",88881038,88887136,"+",64.72,532,NA,"novel transcript, antisense to CBFA2T3"
"ENSG00000260316","16",126.371783108878,1.77174848120178,0.470909548023461,3.76239659747461,0.000168292895854638,0.00782481337799471,"UP",898967,905224,"-",60.9,4728,NA,"novel transcript, intronic to LMF1"
"ENSG00000260417","16",68.5377096192505,1.7688077026957,0.599241105500224,2.95174627785116,0.00315982452772178,0.0346120996501264,"UP",85592266,85595720,"+",57.77,3455,NA,"novel transcript"
"ENSG00000261633","16",48.1250145766513,1.74055669856834,0.528862335712811,3.2911337810101,0.000997844468612069,0.0190476255064071,"UP",57622034,57631647,"-",57.71,556,NA,"novel transcript, antisense to GPR56"
"NPIPB4","16",287.356749368726,1.73709469785307,0.448978228363531,3.86899539468663,0.000109284706064739,0.00638444420502845,"UP",21834563,21880827,"-",45.38,4103,3669,"nuclear pore complex interacting protein family member B4"
"ENSG00000261067","16",30.2544881334542,1.72972911644611,0.558066894053822,3.09950139468279,0.00193846665198316,0.0266434170911053,"UP",28974804,28990775,"+",56.71,5296,NA,"novel transcript"
"CAPN15","16",1485.4006790993,1.71350134785474,0.350259674953784,4.89208855709935,9.97715314803389e-07,0.000539260370945487,"UP",527712,554636,"+",65,4888,3261,"calpain 15"
"ENSG00000279129","16",96.2191489055449,1.71028824412841,0.429811302310828,3.97916070362332,6.91589829517195e-05,0.00499519016355587,"UP",78550739,78553296,"-",44.02,2552,NA,"TEC"
"SSTR5-AS1","16",190.233328352607,1.70954946162505,0.441855293241316,3.86902564657382,0.00010927114908816,0.00638444420502845,"UP",1064081,1078731,"-",63.1,2914,NA,"SSTR5 antisense RNA 1"
"ENSG00000283662","16",79.5549511345203,1.69689390745783,0.505110758133295,3.35944915077425,0.00078098022246228,0.0168951589091885,"UP",28258686,28292173,"+",50.44,2681,NA,"novel transcript"
"ZNF469","16",1603.29883002883,1.65888718633216,0.331031112227289,5.01127273255557,5.40712161896719e-07,0.000416186934296712,"UP",88382959,88440757,"+",61.26,13770,11862,"zinc finger protein 469"
"ENSG00000246465","16",34.1488727647313,1.64276652481582,0.491014589141914,3.3456572597704,0.00082087795102513,0.0173395232519596,"UP",28284885,28292067,"-",49.17,2481,NA,"novel transcript  LOC100506705"
"ENSG00000279412","16",105.161579242247,1.63057445665506,0.412955681103924,3.94854588825649,7.86273452885959e-05,0.00538760754284637,"UP",70713987,70716890,"+",57.27,2904,NA,"novel transcript"
"ENSG00000260911","16",50.9331524231929,1.59138203273799,0.520445815172894,3.05772855952224,0.00223021492672623,0.0288941923942549,"UP",31043150,31049868,"+",48.16,449,NA,"novel transcript"
"ENSG00000205414","16",24.2712429685498,1.58792841930891,0.485920338251211,3.26787807446739,0.00108357034466101,0.0197790432875255,"UP",50606076,50613684,"-",52.83,2469,NA,"novel transcript, antisense to NKD1"
"USP7-AS1","16",22.022562669518,1.57621897793824,0.470931573809772,3.34702335880103,0.000816843270019004,0.017329974849719,"UP",8962148,8967363,"+",58.42,357,NA,"USP7 antisense RNA 1"
"ENSG00000287809","16",280.084746834969,1.52298855522873,0.458874004262001,3.31896891321643,0.000903504870527257,0.0181195429507233,"UP",21511635,21515131,"+",58.88,1715,NA,"novel transcript"
"HSD11B2","16",79.4865784146228,1.51501206501655,0.503007968321932,3.0119047021675,0.00259614085657224,0.0313914541621659,"UP",67430652,67437553,"+",59.84,540,NA,"hydroxysteroid 11-beta dehydrogenase 2"
"CASKIN1","16",7331.92706929865,1.50290888852434,0.3016192981699,4.9828008275444,6.26704500901734e-07,0.000419516270729716,"UP",2177180,2196605,"-",64.94,5839,4296,"CASK interacting protein 1"
"ENSG00000280063","16",127.175548922349,1.48683974682393,0.436331381225086,3.40759296901666,0.000655385779172237,0.015420482897443,"UP",4346694,4348648,"-",53.91,1955,NA,"tec"
"SMG1P3","16",1748.07686414744,1.48005383445179,0.334292661985715,4.42741945234514,9.5367167286217e-06,0.00184524024638756,"UP",21447078,21501886,"-",40.25,4262,NA,"SMG1 pseudogene 3"
"IGFALS","16",47.9407777600839,1.47661970971734,0.411312757122583,3.59001680387283,0.000330656644690207,0.011247906622331,"UP",1790413,1794971,"-",68.39,2058,1818,"insulin like growth factor binding protein acid labile subunit"
"ENSG00000279415","16",20.7612805348766,1.4725426872828,0.506028797719517,2.9099977983842,0.003614313021615,0.0374532025453215,"UP",17227023,17228000,"-",46.63,978,NA,"novel transcript"
"ELMO3","16",189.355812760314,1.46670366136785,0.377448077728411,3.88584218045271,0.000101975742072642,0.00613159423927985,"UP",67199111,67204029,"+",64.02,2480,2112,"engulfment and cell motility 3"
"ESRP2","16",103.01774420169,1.46120839075291,0.426901795637106,3.42282090561884,0.000619748957538729,0.0151713039342426,"UP",68229033,68238102,"-",59,3429,2154,"epithelial splicing regulatory protein 2"
"ENSG00000280152","16",274.559979337717,1.44710355903127,0.518419972759988,2.79137308566087,0.00524849361421998,0.0463542992441282,"UP",75245994,75250077,"-",59.43,4084,NA,"TEC"
"OTOA","16",23.4001214381796,1.43837388219819,0.466614207060729,3.08257627057418,0.00205217134180053,0.0275447394582679,"UP",21663968,21761935,"+",44.79,3878,3420,"otoancorin"
"ENSG00000226180","16",119.403651887459,1.43252690897923,0.453117238479994,3.16149284848379,0.0015696267266723,0.0238311312060868,"UP",87693537,87696147,"-",60.32,2611,NA,"novel transcript"
"ENSG00000279583","16",40.6112664376803,1.40884153954308,0.448729143234987,3.13962567571705,0.0016916383698942,0.0247002856855525,"UP",29543201,29613723,"-",44.4,4077,NA,"novel transcript"
"TEDC2-AS1","16",57.9588364739012,1.40619361991005,0.50640973325698,2.77679026993833,0.00548985906563884,0.0476418124727453,"UP",2464950,2468213,"-",59.62,3264,NA,"TEDC2 antisense RNA 1"
"VPS9D1-AS1","16",74.830682932845,1.38593769288196,0.487425803343781,2.84338187140344,0.0044637552834457,0.0425838630523313,"UP",89711856,89718165,"+",56.56,1753,NA,"VPS9D1 antisense RNA 1"
"ENSG00000275056","16",37.5723895805994,1.35246524208133,0.458014651774167,2.95288641278706,0.00314817780227382,0.0345784869781084,"UP",4839244,4840334,"-",45.74,1091,NA,"novel transcript, sense intronic to GLYR1"
"SNORD71","16",68.1651755291106,1.34415365546956,0.381447238205368,3.5238258947516,0.00042536364865995,0.0128962051563793,"UP",71758402,71758487,"-",48.84,86,NA,"small nucleolar RNA, C/D box 71"
"ENSG00000278979","16",28.9175117987773,1.32001063807098,0.438301522449222,3.01164967599196,0.00259832270831594,0.0313914541621659,"UP",12374355,12376032,"+",49.7,1678,NA,"TEC"
"ENSG00000260121","16",39.4799039928385,1.29703788458907,0.359565479228688,3.6072369554813,0.000309475017504193,0.0110235092391111,"UP",88718615,88720459,"+",59.19,1845,NA,"novel transcript, antisense to FAM38A"
"ENSG00000261819","16",226.847791808939,1.29134997622534,0.433340846001955,2.97998674285949,0.00288260858571026,0.032918209543237,"UP",14988259,14990160,"-",66.56,1902,NA,"novel pseudogene KIAA2013"
"ENSG00000279019","16",118.17182512714,1.27810836818737,0.368122154651697,3.47196807374082,0.000516657776499738,0.0140403202049693,"UP",57140896,57144586,"-",57,3691,NA,"TEC"
"ENSG00000279620","16",71.7913301578522,1.26739499858786,0.368050371188079,3.44353680311928,0.000574158443404993,0.0146328726155882,"UP",17249674,17251395,"-",49.01,1722,NA,"novel transcript"
"GLIS2","16",427.609382172628,1.26190058339921,0.362080107519407,3.48514198154774,0.000491875968230832,0.0137420735669474,"UP",4314761,4339597,"+",62.05,4469,1575,"GLIS family zinc finger 2"
"PKD1","16",10398.8552598165,1.2618609555522,0.391996189558842,3.21906434083535,0.00128609624314307,0.0213490210958534,"UP",2088708,2135898,"-",63.1,14140,12912,"polycystin 1, transient receptor potential channel interacting"
"SBK1","16",1692.53009402829,1.24463242600504,0.300285013820234,4.14483696728914,3.40055562005329e-05,0.00364176998212062,"UP",28259246,28323849,"+",52.79,1539,1539,"SH3 domain binding kinase 1"
"TMEM204","16",298.093642183754,1.20827532588064,0.360695215996154,3.34985126582194,0.00080854963810281,0.0172269988854278,"UP",1528688,1555580,"+",58.04,1686,681,"transmembrane protein 204"
"SNAI3","16",377.056693929637,1.20630845930336,0.432429094575735,2.78960984456167,0.00527715919554833,0.0464628220981187,"UP",88677688,88686507,"-",57.19,1740,879,"snail family transcriptional repressor 3"
"ENSG00000279476","16",118.107231442061,1.20546517163898,0.408076577133938,2.95401706244787,0.00313666662911095,0.0344677051756826,"UP",81517824,81520617,"+",51.47,2794,NA,"novel transcript"
"ENSG00000259914","16",21.4579335311255,1.19275405939261,0.423073688228605,2.81925842371959,0.00481347480157386,0.0443873160280091,"UP",83725676,83726377,"-",38.32,702,NA,"novel transcript, antisense to CDH13"
"FBXL19-AS1","16",158.07105559999,1.15552177555567,0.285757957242992,4.04370813223961,5.26124082688865e-05,0.0042713068104274,"UP",30919319,30923279,"-",52.64,3961,NA,"FBXL19 antisense RNA 1"
"MLYCD","16",1143.51485494373,1.15278379956862,0.275354874307217,4.18653856216994,2.83240830245457e-05,0.00344244357804856,"UP",83899115,83951445,"+",52.83,13054,1482,"malonyl-CoA decarboxylase"
"ENSG00000261546","16",56.3548457487401,1.14229873929724,0.398450794460505,2.86685019876516,0.00414579197639569,0.0407332696012426,"UP",89113175,89115279,"-",60.43,2105,NA,"novel transcript, antisense to ACSF3"
"CDT1","16",147.406669105849,1.10748433112731,0.399725711626234,2.77061069357196,0.00559512786944985,0.0481455424703228,"UP",88803789,88809258,"+",65.3,2664,1641,"chromatin licensing and DNA replication factor 1"
"ZFPM1","16",1078.68352068822,1.10265623094918,0.209371927873972,5.2664950939025,1.39052961198471e-07,0.000186840828863678,"UP",88453280,88537031,"+",63.06,5432,3021,"zinc finger protein, FOG family member 1"
"ENSG00000260279","16",308.296439050258,1.09619818895913,0.346656285460012,3.16220485517657,0.00156579371026152,0.0237878685153173,"UP",89296128,89298317,"+",52.33,1575,NA,"novel transcript, antisense to ANKRD11"
"BEAN1","16",310.170948228509,1.07973089649583,0.327738194724241,3.29449210948489,0.000985997128515665,0.0189114405632671,"UP",66427295,66493529,"+",50.58,2907,780,"brain expressed associated with NEDD4 1"
"DNAAF8","16",192.085125247574,1.07735840106634,0.375134603949352,2.87192487636197,0.00407979939961592,0.0403244905104661,"UP",4734344,4749396,"+",52.61,549,469,"dynein axonemal assembly factor 8"
"PKD1P3","16",399.718599900182,1.06788679086732,0.354793485133222,3.0098827504297,0.00261348557482352,0.0314632962233358,"UP",14911551,14935708,"+",62.84,6919,NA,"polycystin 1, transient receptor potential channel interacting pseudogene 3"
"TGFB1I1","16",215.852623157115,1.06695556311949,0.367456554611086,2.9036237066141,0.00368871211644373,0.0379039569027215,"UP",31471585,31477960,"+",60.05,573,496,"transforming growth factor beta 1 induced transcript 1"
"WDR90","16",582.416825284647,1.0610034860616,0.355824957039984,2.98181300965456,0.00286546958059967,0.0328058946326315,"UP",649311,667833,"+",64.6,5498,NA,"WD repeat domain 90"
"RGS11","16",1102.53429697408,1.00519200210893,0.310631782916504,3.23595992873377,0.00121234401885907,0.0208399093391083,"UP",268301,275980,"-",64.56,2399,1404,"regulator of G protein signaling 11"
"RAB11FIP3","16",7845.39935393147,1.00372924077533,0.230656384061355,4.35162132997078,1.35134506374808e-05,0.00223554223021428,"UP",425649,523011,"+",52.85,4801,2271,"RAB11 family interacting protein 3"
"CDH5","16",1399.09628067241,0.997650361801467,0.329007083727372,3.03230663151362,0.00242692534555323,0.0303346854819382,"UP",66366690,66404784,"+",49.51,2138,333,"cadherin 5"
"DNASE1","16",871.692415034721,0.996133315667249,0.312948248838188,3.183060839501,0.0014572699048507,0.0227537313871653,"UP",3611728,3680143,"+",49.35,2732,261,"deoxyribonuclease 1"
"FBXL19","16",2166.12168879595,0.981912942056791,0.239711532066279,4.09622738461034,4.19937477262404e-05,0.00385446462304069,"UP",30923055,30948783,"+",55.33,299,243,"F-box and leucine rich repeat protein 19"
"MTSS2","16",22699.3204653844,0.94972629428104,0.282535676045796,3.36143848300099,0.000775376263428586,0.0168781285964301,"UP",70661204,70686053,"-",56.23,4979,2244,"MTSS I-BAR domain containing 2"
"PGAP6","16",1217.97328429565,0.92989180683385,0.258995384358424,3.59037984069621,0.000330196423940114,0.011247906622331,"UP",370788,387113,"-",61.64,3672,2316,"post-GPI attachment to proteins 6"
"ANTKMT","16",865.916286829991,0.926363707645989,0.227784962070132,4.0668343477423,4.76560933354185e-05,0.00407282782123828,"UP",720581,722590,"+",72.09,1686,NA,"adenine nucleotide translocase lysine methyltransferase"
"CLUHP3","16",686.941887047543,0.921118481234114,0.293856870234074,3.13458208583107,0.00172099096687484,0.0248500190140332,"UP",31703168,31708581,"+",56.3,1303,NA,"clustered mitochondria homolog pseudogene 3"
"MCRIP2","16",854.624945168711,0.900949862650201,0.258693337256507,3.48269449922811,0.000496394483343114,0.0138156466906059,"UP",636817,648474,"+",62.73,727,NA,"MAPK regulated corepressor interacting protein 2"
"ZNF768","16",1278.85517223808,0.900905099510189,0.248595458701094,3.6239805192637,0.000290103465392583,0.0105828694026923,"UP",30524004,30526821,"-",64.51,2289,1623,"zinc finger protein 768"
"AMDHD2","16",406.073555552507,0.89401000567653,0.284299721368596,3.14460387570145,0.0016631185627501,0.024497067940727,"UP",2520357,2531422,"+",59.17,1482,809,"amidohydrolase domain containing 2"
"CBFA2T3","16",743.880567245898,0.892661703368509,0.281094997559395,3.17565844685618,0.0014949685490074,0.0231926294588153,"UP",88874858,88977207,"-",60.67,4033,1704,"CBFA2/RUNX1 partner transcriptional co-repressor 3"
"HAGHL","16",474.661430056555,0.891241465183004,0.257095862985266,3.46657256493497,0.000527139424758259,0.0141817509757545,"UP",726936,735525,"+",65.72,1820,609,"hydroxyacylglutathione hydrolase like"
"MAZ","16",1852.83050095587,0.889350320883415,0.219822428703099,4.0457669680495,5.21520929752753e-05,0.00426131932668922,"UP",29806106,29811164,"+",66.53,2333,1365,"MYC associated zinc finger protein"
"RABEP2","16",979.655882034807,0.885160378563265,0.249394579077663,3.54923664274042,0.00038634970883653,0.0123006442794356,"UP",28904421,28936526,"-",52.63,2175,1602,"rabaptin, RAB GTPase binding effector protein 2"
"NLRC3","16",343.87261569991,0.883417670818621,0.309409506890128,2.85517300259402,0.00430133913476338,0.0416295271362094,"UP",3539033,3577403,"-",51.01,6413,3198,"NLR family CARD domain containing 3"
"METRN","16",3420.72899498599,0.876845706689237,0.204321029861338,4.29150982296979,1.77462351038451e-05,0.00256894265069416,"UP",715118,719655,"+",66.79,3322,882,"meteorin, glial cell differentiation regulator"
"KREMEN2","16",153.34820705776,0.873342881673422,0.299804665686674,2.9130396609176,0.00357929138163055,0.0372258273932381,"UP",2964216,2968380,"+",66.94,2339,1200,"kringle containing transmembrane protein 2"
"PLEKHG4","16",165.332219118584,0.85714916341818,0.283613416188839,3.02224476872936,0.00250907573614717,0.0309614825277833,"UP",67277510,67289499,"+",59.77,6782,3576,"pleckstrin homology and RhoGEF domain containing G4"
"SPIRE2","16",1371.08491891904,0.839820313329562,0.202132323791262,4.15480462292031,3.25565612559843e-05,0.00361355354089549,"UP",89818179,89871319,"+",54.79,663,NA,"spire type actin nucleation factor 2"
"CHTF18","16",392.259501984831,0.82514345974198,0.27289499685043,3.02366649907558,0.00249731567769428,0.0308793849594651,"UP",788046,800737,"+",66.52,3555,3555,"chromosome transmission fidelity factor 18"
"PIGQ","16",1139.55578282683,0.823460136153389,0.241335818335258,3.41209250178297,0.000644662331527379,0.0153613824141095,"UP",566995,584109,"+",64.34,603,445,"phosphatidylinositol glycan anchor biosynthesis class Q"
"MMP15","16",617.60068033965,0.820937940156167,0.221453353648926,3.70704677364071,0.000209690226110935,0.00875841767029434,"UP",58025754,58046901,"+",59.38,4062,2010,"matrix metallopeptidase 15"
"VPS9D1","16",1205.74449474438,0.819822653837284,0.220999440114092,3.7096141665067,0.000207575340078067,0.00873116030457064,"UP",89707134,89720898,"-",59.41,2791,1686,"VPS9 domain containing 1"
"NKD1","16",2413.14222315912,0.802133453904685,0.226133299011909,3.54717088288019,0.000389391933806249,0.0123097432741552,"UP",50548396,50649249,"+",51.66,477,NA,"NKD inhibitor of WNT signaling pathway 1"
"HAS3","16",127.70401136166,0.794955912222778,0.224836706627487,3.53570341848083,0.000406690998959068,0.0125782973156317,"UP",69105653,69118719,"+",55.07,4191,1662,"hyaluronan synthase 3"
"ZNF598","16",1386.09782801553,0.791802212571727,0.195124523443158,4.05793284513716,4.95089988608099e-05,0.00415983903190556,"UP",1997654,2009821,"-",64.24,3382,NA,"zinc finger protein 598, E3 ubiquitin ligase"
"ZNF205","16",587.761002707832,0.788138108988947,0.206054633694181,3.82489874097504,0.000130825846336498,0.00686436062940004,"UP",3112560,3120517,"+",58.51,2062,1665,"zinc finger protein 205"
"ANKRD11","16",17758.5284891905,0.774505305566876,0.181189464414449,4.2745603783854,1.91514802351347e-05,0.00269300988934283,"UP",89267619,89490561,"-",51.18,9227,7992,"ankyrin repeat domain containing 11"
"ZNF771","16",790.938261001567,0.762502890716883,0.242792595115823,3.14055249647599,0.00168629482419641,0.0247002856855525,"UP",30407414,30431108,"+",51.75,1454,954,"zinc finger protein 771"
"SPNS1","16",85.4820648054097,0.751797872636847,0.260983078915091,2.88063837610499,0.00396870698094743,0.0396969177176156,"UP",28974221,28984548,"+",55.79,829,534,"SPNS lysolipid transporter 1, lysophospholipid"
"KLHDC4","16",1522.63419075641,0.751226214592772,0.215850625791729,3.48030593767015,0.000500841511355114,0.013891459625728,"UP",87696485,87765992,"-",53.01,388,NA,"kelch domain containing 4"
"ENSG00000261840","16",145.165118901566,0.748998700615823,0.244058111439305,3.06893590300559,0.00214822676598882,0.028216530227674,"UP",30697043,30699060,"-",59.46,1488,NA,"novel transcript, antisense to SRCAP"
"ZNF276","16",1616.23299831776,0.744347776139977,0.204803371427534,3.6344507951782,0.000278573414423145,0.0104284837433245,"UP",89720400,89740925,"+",56.56,1826,843,"zinc finger protein 276"
"SETD1A","16",2880.74191168571,0.739920315014394,0.193210196546818,3.82961317900787,0.000128344845118674,0.00678509297006425,"UP",30957294,30984664,"+",55.71,6451,5124,"SET domain containing 1A, histone lysine methyltransferase"
"ZNF423","16",2465.25722262455,0.729996950287655,0.249152922586011,2.92991526132169,0.00339054449895638,0.0361887507730622,"UP",49487524,49857919,"-",50.74,7907,3855,"zinc finger protein 423"
"KIFC3","16",1912.22174491547,0.706550399275068,0.218126520383448,3.23917696038525,0.00119875173340838,0.0207357231694911,"UP",57758217,57863053,"-",50.69,3225,2064,"kinesin family member C3"
"EMP2","16",908.135885051548,0.706279960279933,0.229417779855145,3.07857551723271,0.00207992807221181,0.0277163307738373,"UP",10528422,10580632,"-",48.27,5097,504,"epithelial membrane protein 2"
"TELO2","16",1334.51462829039,0.690112780830971,0.171362948585032,4.02719949982962,5.64451375562359e-05,0.0044242001437057,"UP",1493344,1510457,"+",63.09,1667,1281,"telomere maintenance 2"
"RHBDF1","16",616.894224836658,0.69002814019185,0.250908620685749,2.75011730687435,0.00595739333941248,0.049822100728572,"UP",58059,76355,"-",61.15,2992,2568,"rhomboid 5 homolog 1"
"RPUSD1","16",560.919495699508,0.685644659575695,0.190557312347612,3.59810206771259,0.00032054782885467,0.0111074202493316,"UP",784974,788397,"-",67.17,2159,939,"RNA pseudouridine synthase domain containing 1"
"PIEZO1","16",2482.3355543996,0.685185932121215,0.196089792552471,3.49424579016711,0.000475403116538255,0.013610595132838,"UP",88715338,88785220,"-",61.99,8089,7566,"piezo type mechanosensitive ion channel component 1 (Er blood group)"
"LMF1","16",971.488611013655,0.663750807983312,0.210050058967511,3.1599648733542,0.00157788160839197,0.0238815047437848,"UP",853634,981318,"-",56.82,2606,1704,"lipase maturation factor 1"
"DBNDD1","16",1722.46350223985,0.660457673446915,0.210386462744708,3.13925936503026,0.00169375460977299,0.0247075687526958,"UP",90004871,90019890,"-",59.3,1843,231,"dysbindin domain containing 1"
"ACSF3","16",1088.20770426232,0.644358546241668,0.160077195633482,4.02529881718451,5.69030112921174e-05,0.0044242001437057,"UP",89088375,89164121,"+",55.16,550,317,"acyl-CoA synthetase family member 3"
"ZNF500","16",825.825707346462,0.624875148708275,0.206360389087321,3.02807700388596,0.00246115364452237,0.0306035976198315,"UP",4748239,4767624,"-",54.32,5824,1443,"zinc finger protein 500"
"RHBDL1","16",397.889079911455,0.62178288922755,0.206297059931685,3.01401721107151,0.00257813179844717,0.0313025580709052,"UP",675671,678268,"+",68.21,1458,1122,"rhomboid like 1"
"WDR24","16",672.494181908374,0.600202466025986,0.179876721835988,3.33674340904018,0.000847661666362449,0.0176064956000032,"UP",684622,690444,"-",63.87,3243,2373,"WD repeat domain 24"
"SLX4","16",1493.87511398748,0.589919376950657,0.157865785930177,3.73684122544181,0.000186346508687657,0.00831425953609127,"UP",3581181,3611606,"-",52.41,7315,5505,"SLX4 structure-specific endonuclease subunit"
"DEF8","16",3522.70585898589,0.588376626580622,0.1467034571766,4.01065276786451,6.05511064964336e-05,0.00459087480163869,"UP",89948697,89968060,"+",56.83,3620,1356,"differentially expressed in FDCP 8 homolog"
"BCL7C","16",691.302884202616,0.578900988587868,0.18936213444854,3.05711060066861,0.0022348179964453,0.0289240095044102,"UP",30833626,30894302,"-",48.75,2409,729,"BAF chromatin remodeling complex subunit BCL7C"
"ZNF646","16",1607.51709630969,0.55877516556097,0.193537994618442,2.88716004659751,0.00388736436048927,0.039289508743332,"UP",31074422,31084196,"+",58.57,6892,5499,"zinc finger protein 646"
"CRAMP1","16",1239.12395957931,0.550761382173136,0.197036986733947,2.79521825471688,0.00518646875026138,0.0460263121429045,"UP",1612337,1677908,"+",53.1,246,159,"cramped chromatin regulator homolog 1"
"ZNF764","16",559.515922039588,0.543366002344266,0.183348668464228,2.96356666724459,0.00304096182349205,0.0338310499829709,"UP",30553764,30558374,"-",58.06,2738,1227,"zinc finger protein 764"
"SH2B1","16",2332.69750333249,0.534974622635311,0.187369872533431,2.85517951953487,0.00430125086891567,0.0416295271362094,"UP",28846600,28874212,"+",51.11,588,190,"SH2B adaptor protein 1"
"SRRM2","16",45401.6905543018,0.490338471955473,0.164888635718063,2.97375540661204,0.00294179468729247,0.0332167349705209,"UP",2752626,2772538,"+",52.69,9045,8259,"serine/arginine repetitive matrix 2"
"ZNF688","16",552.562416645897,0.460341507055424,0.159638007935221,2.8836585535584,0.0039308470846844,0.0395287813527493,"UP",30569672,30572734,"-",57.3,1106,831,"zinc finger protein 688"
"UBN1","16",2670.83997134888,0.4018509968161,0.140695102455059,2.856183262985,0.00428767569627404,0.0415471652203862,"UP",4846665,4882401,"+",47.92,2305,537,"ubinuclein 1"
"TAOK2","16",6331.79018514662,0.384126369168048,0.122351843893706,3.13952251918458,0.00169223407677832,0.0247002856855525,"UP",29973868,29992261,"+",54.91,4937,3708,"TAO kinase 2"
"LONP2","16",6401.62473383009,-0.427547740007524,0.125281156710235,-3.41270587879713,0.000643213214425933,0.0153613824141095,"DOWN",48244300,48363122,"+",39.56,8195,2559,"lon peptidase 2, peroxisomal"
"CNOT1","16",5530.65827658411,-0.459171550332588,0.146945540911167,-3.12477362351655,0.00177941941861018,0.0252564777338649,"DOWN",58519951,58629885,"-",41.44,8411,7131,"CCR4-NOT transcription complex subunit 1"
"DNAJA3","16",2113.25630260248,-0.502700406076954,0.159628487982393,-3.14918979958266,0.00163723822654086,0.0242556461730208,"DOWN",4425805,4456775,"+",49.02,2294,903,"DnaJ heat shock protein family (Hsp40) member A3"
"AMFR","16",6574.1334257966,-0.549797824605054,0.180594412396459,-3.04437893348594,0.00233161253595841,0.0297067047797777,"DOWN",56361452,56425545,"-",42.21,3607,1932,"autocrine motility factor receptor"
"UTP4","16",945.965858043275,-0.570444571667127,0.202707099251387,-2.81413218271004,0.0048909112784197,0.044746072546617,"DOWN",69131291,69231130,"+",43.98,581,548,"UTP4 small subunit processome component"
"SF3B3","16",5716.55091638383,-0.575057936368186,0.203033221530633,-2.83233419650696,0.0046209524215868,0.0434028564149508,"DOWN",70523791,70577670,"+",43.72,453,91,"splicing factor 3b subunit 3"
"POLR2C","16",1623.94071895543,-0.578866135289923,0.193274836085523,-2.99504139811443,0.00274407595927337,0.0320774389323276,"DOWN",57462660,57472009,"+",47.97,1764,828,"RNA polymerase II subunit C"
"AP1G1","16",4576.2771934053,-0.6254070520227,0.198830310039169,-3.14543115634381,0.00165842221421099,0.0244576827273823,"DOWN",71729000,71809201,"-",40.73,6602,2469,"adaptor related protein complex 1 subunit gamma 1"
"USP10","16",2280.03927479781,-0.650983933930196,0.183230715677577,-3.55281008166613,0.000381139525416025,0.0122499950366142,"DOWN",84699986,84779922,"+",43.62,3328,2397,"ubiquitin specific peptidase 10"
"HSBP1","16",2432.74629649232,-0.659038753024837,0.210925129568015,-3.12451510341409,0.00178098378507845,0.025263855616368,"DOWN",83719311,83819737,"+",43.48,2502,NA,"heat shock factor binding protein 1"
"NIP7","16",317.288510164158,-0.699509561238189,0.207558169906942,-3.37018562821118,0.000751175629149427,0.0166625143252444,"DOWN",69337996,69343106,"+",47.96,3936,NA,"nucleolar pre-rRNA processing protein NIP7"
"FTO","16",7703.54129183428,-0.715425319891064,0.198357915454425,-3.60673945505059,0.000310068720101529,0.0110284148005523,"DOWN",53701692,54158512,"+",40.2,1676,1353,"FTO alpha-ketoglutarate dependent dioxygenase"
"RRN3","16",1346.24870026835,-0.734772250944765,0.208899858985738,-3.51734201503185,0.000435891742075443,0.0130391935971558,"DOWN",15060033,15094311,"-",42.08,3706,1956,"RRN3 homolog, RNA polymerase I transcription factor"
"CMC2","16",621.931447977435,-0.742059225444817,0.21345527292429,-3.4764155285497,0.000508164280503427,0.0139362545671928,"DOWN",80966448,81020270,"-",40.64,10072,240,"C-X9-C motif containing 2"
"ALDOA","16",3230.09053445459,-0.767629389847066,0.217270466030302,-3.53305906629761,0.000410780684185499,0.0126080477509016,"DOWN",30064164,30070457,"+",59.26,502,NA,"aldolase, fructose-bisphosphate A"
"ATMIN","16",3636.0510375899,-0.773078131792163,0.227594984765116,-3.39672744805866,0.000681968554514378,0.015831216622877,"DOWN",81035842,81047350,"+",44.63,4881,2472,"ATM interactor"
"ATP6V0D1","16",4066.64116146172,-0.788545310127875,0.272967779478228,-2.88878530511976,0.00386733020603596,0.0391688644736958,"DOWN",67438014,67481181,"-",53.77,3390,NA,"ATPase H+ transporting V0 subunit d1"
"IGSF6","16",281.813690707933,-0.817543396774423,0.270679869246017,-3.0203332041341,0.00252496738370961,0.0310379286036679,"DOWN",21639550,21652608,"-",40.71,2720,726,"immunoglobulin superfamily member 6"
"CEP20","16",750.213861460186,-0.826765087946443,0.204653571804586,-4.03982730746513,5.34905722828437e-05,0.00428523154767163,"DOWN",15865719,15888625,"-",41.69,2264,525,"centrosomal protein 20"
"GABARAPL2","16",4830.29511281087,-0.886975364476246,0.30375070139244,-2.92007676166743,0.00349945176944242,0.0367512514121724,"DOWN",75566375,75577881,"+",47.12,571,267,"GABA type A receptor associated protein like 2"
"KARS1","16",2172.06394029589,-0.898231098891322,0.192892297193908,-4.65664576532241,3.2140274649718e-06,0.00093922389999178,"DOWN",75627474,75648643,"-",45.57,2421,1878,"lysyl-tRNA synthetase 1"
"ZNF267","16",588.413888705867,-0.911206725494666,0.275636050257068,-3.30583290772322,0.000946945392702428,0.0185598227454627,"DOWN",31873807,31917357,"+",38.78,680,234,"zinc finger protein 267"
"UQCRC2","16",4092.19882511272,-0.912734909758622,0.261055590346573,-3.49632393831096,0.000471715667190417,0.013549780435472,"DOWN",21953288,21983660,"+",40.09,535,399,"ubiquinol-cytochrome c reductase core protein 2"
"VPS35","16",5797.6338970239,-0.913351166957576,0.296343388188678,-3.08207033921087,0.00205566256190249,0.0275447394582679,"DOWN",46656132,46689518,"-",38.86,6776,2391,"VPS35 retromer complex component"
"MAP1LC3B","16",4409.07945057973,-0.971401123556836,0.245235300795299,-3.96109826116622,7.4605821255535e-05,0.00524539649094875,"DOWN",87383953,87404779,"+",47.5,3134,378,"microtubule associated protein 1 light chain 3 beta"
"CFAP20","16",889.553302921572,-0.991520316138494,0.322716200907262,-3.07242187826642,0.00212329403045997,0.0280929920244556,"DOWN",58113592,58129381,"-",44.82,1281,582,"cilia and flagella associated protein 20"
"ITFG1","16",4471.59278540596,-0.996139034544651,0.335443357231321,-2.96961920118667,0.00298169106741643,0.0335107714482034,"DOWN",47154387,47464149,"-",37.51,2636,NA,"integrin alpha FG-GAP repeat containing 1"
"ARL6IP1","16",6457.34515208788,-1.07829819915477,0.272673581835147,-3.95453858014995,7.66824979407366e-05,0.0053294336068812,"DOWN",18791609,18801572,"-",40.55,1991,267,"ADP ribosylation factor like GTPase 6 interacting protein 1"
"BOLA2-SMG1P6","16",46.6165672477808,-1.14087374051934,0.398988358471898,-2.85941611150965,0.00424421655716068,0.0412914809539374,"DOWN",29443230,29454651,"-",43.95,937,654,"BOLA2-SMG1P6 readthrough"
"NQO1","16",1308.23854822478,-1.33002511650944,0.448444936080297,-2.96586048698583,0.00301837377871481,0.0337505262191384,"DOWN",69706996,69726668,"-",46.9,891,810,"NAD(P)H quinone dehydrogenase 1"
"OR1F1","16",21.6248090590827,-1.95549107493585,0.654537973229791,-2.98758995644907,0.0028118653090089,0.0324581430594502,"DOWN",3188204,3224779,"+",47.77,1637,NA,"olfactory receptor family 1 subfamily F member 1"
"ENSG00000266711","17",26.5021833553347,4.55820711127208,1.03769899610845,4.39261011947216,1.11997869464687e-05,0.00203667704576911,"UP",79132722,79136402,"+",59.49,547,NA,"novel transcript, antisense to RBFOX3"
"SLC52A1","17",50.3307884500856,2.91537686077238,0.821468877613601,3.54898029641934,0.000386726016792737,0.0123006442794356,"UP",5032600,5052009,"-",50.39,2992,1053,"solute carrier family 52 member 1"
"SNORA38B","17",25.2596874783261,2.79012373033948,0.84132258234005,3.3163542604301,0.000912001409368858,0.0182294761049547,"UP",67740669,67740799,"+",48.09,131,NA,"small nucleolar RNA, H/ACA box 38B"
"ENSG00000279801","17",52.2084912596832,2.63617103110071,0.578676333330851,4.55551899958817,5.22563917425991e-06,0.00121526258719856,"UP",77444704,77447167,"+",53.69,2464,NA,"TEC"
"ENSG00000288993","17",39.1055434761052,2.39000333984816,0.847482287527993,2.82012187749613,0.00480054127425985,0.0443660264651313,"UP",8125821,8126652,"-",58.89,832,NA,"novel transcript"
"ENSG00000265125","17",68.6147526523308,2.34097661727726,0.69617144570505,3.36264383108449,0.000771998976948789,0.0168474123216506,"UP",33523748,33624122,"+",44.53,579,NA,"novel transcript, antisense ASIC2"
"UTS2R","17",42.8559225199397,2.33556296750338,0.806891897400785,2.89451780966801,0.00379741367123813,0.0386488836698191,"UP",82371765,82377458,"+",62.56,3685,1170,"urotensin 2 receptor"
"KRT19","17",73.5989951040892,2.29424966725237,0.612627316186116,3.74493530836189,0.000180440264220884,0.00814203028068339,"UP",41523617,41528308,"-",57.44,1390,1203,"keratin 19"
"ENSG00000265115","17",25.7952310949363,2.27058540497572,0.790672247831774,2.8717150642409,0.00408250885096024,0.0403347872015214,"UP",33627027,33635057,"+",47.1,561,NA,"novel transcript, antisense ASIC2"
"RAI1-AS1","17",45.6093147402115,2.11164750928283,0.507892165173864,4.15766899763055,3.2151141634796e-05,0.00361355354089549,"UP",17758962,17774684,"-",55.13,870,NA,"RAI1 antisense RNA 1"
"ENSG00000263709","17",31.8257273996953,2.07443335047279,0.599310468653697,3.46136678562088,0.000537440031552045,0.0142638070414866,"UP",29140483,29155489,"+",50.29,323,NA,"novel transcript, antisense to MYO18A"
"ENSG00000262445","17",54.363494682768,2.06873649192579,0.646975232162417,3.19755129576036,0.0013859975827265,0.0221851340409154,"UP",1995614,2003671,"+",57.38,870,NA,"novel transcript, antisense to RTN4RL1"
"SPPL2C","17",44.8707320050562,2.0637226219993,0.603183514627157,3.42138432492629,0.000623032219614652,0.0151748814336354,"UP",45844881,45847067,"+",61.18,2187,2055,"signal peptide peptidase like 2C"
"FSCN2","17",63.7531896013505,1.99117349528566,0.58087605144532,3.42788016536623,0.000608313916627006,0.01501293917096,"UP",81528377,81537130,"+",59.9,1684,1479,"fascin actin-bundling protein 2, retinal"
"ENSG00000262003","17",23.0911297942481,1.98174598911965,0.628846536274254,3.15139843317093,0.0016249066487957,0.0242144129437909,"UP",909632,917961,"+",47.23,839,NA,"novel transcript, antisense to NXN"
"ENSG00000261888","17",24.9293003853348,1.91065827316468,0.693799935946012,2.75390379008821,0.00588890767119548,0.0495061247603524,"UP",83104255,83106910,"+",57.08,2656,NA,"novel transcript"
"ENSG00000286443","17",27.4254360136734,1.85994442692914,0.611909506588895,3.03957432741558,0.00236912735429964,0.0299841518530043,"UP",39086976,39091942,"+",53.98,1171,NA,"novel transcript, antisense to PLXDC1"
"EVPL","17",93.4520687749725,1.85057828021731,0.476679394728365,3.88222839225485,0.000103503594523654,0.00618108132629409,"UP",76004502,76027306,"-",59.41,585,339,"envoplakin"
"HIC1","17",607.018655288557,1.83098336778433,0.519659036882995,3.52343216961431,0.000425996120859664,0.0128962051563793,"UP",2054154,2063241,"+",65.48,1134,29,"HIC ZBTB transcriptional repressor 1"
"ENSG00000263603","17",193.717856383445,1.78146847849868,0.547814206144621,3.25195743103525,0.00114613185976342,0.0203228336951893,"UP",30729469,30731202,"+",54.04,789,NA,"novel transcript"
"ENSG00000280351","17",70.9727210663823,1.77688600356279,0.643863805981207,2.7597233872386,0.00578503210542213,0.0490248025584231,"UP",81003335,81005132,"+",62.74,1798,NA,"TEC"
"ENSG00000228133","17",166.87792790701,1.69722018196285,0.549186831889406,3.09042402951248,0.00199870928285831,0.0272035918487401,"UP",2017716,2020706,"+",55.93,539,NA,"novel transcript, antisense to RTN4RL1"
"SNORD104","17",54.1610595128072,1.67802185062338,0.465514785611767,3.60465854681323,0.000312563593285742,0.0110521389871476,"UP",64146083,64146152,"+",51.43,70,NA,"small nucleolar RNA, C/D box 104"
"ENSG00000263278","17",275.45523349645,1.65235490654832,0.57246166771211,2.88640270562061,0.0038967320740525,0.0393512993499097,"UP",79598032,79603921,"-",53.41,4204,NA,"novel transcript, sense intronic to RBFOX3"
"SCARNA20","17",43.2768193153803,1.59398026879962,0.505996650535188,3.15017948659084,0.00163170184533296,0.0242409955965743,"UP",60231516,60231646,"-",61.07,131,NA,"small Cajal body-specific RNA 20"
"ENSG00000280028","17",51.6351435259205,1.57198442611028,0.54905112398339,2.86309299342739,0.00419527414936369,0.0410963550330134,"UP",57531769,57532355,"+",58.77,587,NA,"TEC"
"ENSG00000235296","17",59.4891963894341,1.57145680243006,0.492847937529703,3.18852263094913,0.00143001815732604,0.0225612649400441,"UP",81941719,81956167,"+",54.23,1660,NA,"novel transcript"
"EEF1DP7","17",52.0888554710629,1.56197111108679,0.444801844032049,3.51161114110454,0.000445399182440566,0.0132289311483349,"UP",63636601,63637113,"+",55.75,513,NA,"eukaryotic translation elongation factor 1 delta pseudogene 7"
"SGCA","17",102.958699592249,1.55745745110717,0.559809270719269,2.78212157706156,0.00540048051544057,0.0471317498339741,"UP",50164214,50175928,"+",55.92,734,NA,"sarcoglycan alpha"
"RDM1P5","17",40.4893327327495,1.54132815326959,0.441334110835718,3.49242923994908,0.000478648395092285,0.0136361389975813,"UP",39057064,39058036,"+",52.83,279,NA,"RDM1 pseudogene 5"
"ENSG00000280033","17",115.121397967267,1.54107091946765,0.482656787287442,3.1928918437645,0.00140855693378412,0.0223850831022288,"UP",32159311,32160371,"+",61.64,1061,NA,"TEC"
"ENSG00000275613","17",25.8932349542447,1.5372877918111,0.513253560095523,2.99518193604929,0.00274281188613574,0.0320774389323276,"UP",36657484,36772152,"+",49.86,639,NA,"novel transcript"
"MYH3","17",305.031455731144,1.53440714222131,0.45285497519881,3.38829697420832,0.000703280728894497,0.0160180927840202,"UP",10628526,10657309,"-",48.63,480,NA,"myosin heavy chain 3"
"SNORD91B","17",58.8336439166024,1.52190965034802,0.467242099618213,3.25721858452307,0.00112509757453957,0.020141828229322,"UP",2329016,2329237,"-",40.99,222,NA,"small nucleolar RNA, C/D box 91B"
"ENSG00000279668","17",315.362342678814,1.48292392771176,0.418863474544972,3.54035149358087,0.000399594451932331,0.0124223540031303,"UP",33827699,34079100,"-",43.77,884,NA,"novel transcript"
"TCAP","17",76.2837237156811,1.47819037459205,0.52688374299611,2.80553422693659,0.00502332460858407,0.045316720993366,"UP",39665349,39666554,"+",64.01,583,432,"titin-cap"
"ENSG00000279428","17",35.9346008141588,1.46294535755036,0.529062429342094,2.76516584133479,0.00568938627847754,0.0486917881319354,"UP",18107334,18110463,"-",58.95,3130,NA,"TEC"
"STH","17",57.8227451803928,1.45998055618532,0.4649028607577,3.14039916598025,0.00168717777139965,0.0247002856855525,"UP",45999250,45999694,"+",56.18,445,387,"saitohin"
"ENSG00000235672","17",59.7659057811715,1.40234105011268,0.413316350656856,3.3929000096029,0.000691568774301497,0.015929792738339,"UP",18908279,18908865,"+",47.87,587,NA,"RAN binding protein 1 (RANBP1) pseudogene"
"CACNA1G","17",1163.7662068222,1.39838324875184,0.483852649867961,2.89010145781665,0.00385117510607863,0.0390662641247067,"UP",50560715,50627474,"+",56.94,7497,6786,"calcium voltage-gated channel subunit alpha1 G"
"SNORD3B-2","17",165.830451198315,1.349975517282,0.396075900418893,3.4083758084101,0.000653508248052631,0.0154202443779521,"UP",19063346,19064136,"-",56.13,791,NA,"small nucleolar RNA, C/D box 3B-2"
"HROB","17",46.0778955019162,1.33620764023254,0.469160709010235,2.84808086988245,0.00439837463388982,0.0421971792523837,"UP",44141906,44162476,"+",50.23,2725,1944,"homologous recombination factor with OB-fold"
"HSD17B1P1","17",174.418526589303,1.32234984498055,0.39798910125863,3.32257803241008,0.000891897214396308,0.0180065732201597,"UP",42546764,42548706,"+",64.13,955,NA,"hydroxysteroid 17-beta dehydrogenase 1 pseudogene 1"
"CEP295NL","17",320.608147413208,1.31106575246742,0.406416604833141,3.22591581366537,0.00125570286460217,0.0212002745303878,"UP",78890579,78903217,"-",54.45,2091,1866,"CEP295 N-terminal like"
"ASB16","17",102.320837931199,1.30418614894054,0.412383715999956,3.16255491751929,0.00156391234694726,0.0237878685153173,"UP",44170447,44179084,"+",54.16,499,213,"ankyrin repeat and SOCS box containing 16"
"MLLT6","17",6866.95671488487,1.30185842474652,0.357444593333192,3.6421264974429,0.00027039513639,0.0103187190602337,"UP",38705273,38729795,"+",56.46,7839,3282,"MLLT6, PHD finger containing"
"ENSG00000262580","17",197.602447966447,1.2993848880459,0.451604431471634,2.87726336920924,0.00401140641599415,0.0399258747231418,"UP",80200673,80205949,"-",57.42,4399,NA,"novel transcript, antisense to CARD14"
"SLC25A10","17",63.0739354050654,1.28157792419288,0.43547256742788,2.94295902899814,0.00325091438866674,0.0352792417756299,"UP",81712236,81721016,"+",63.39,1911,1221,"solute carrier family 25 member 10"
"QRICH2","17",924.273735000389,1.27954712940422,0.435617542586745,2.93731772555836,0.00331064725353707,0.0356665097879945,"UP",76274049,76308276,"-",53.29,974,944,"glutamine rich 2"
"ZACN","17",51.2248938892802,1.26552412664853,0.442894248557729,2.85739571188759,0.00427132969204265,0.0414385799966881,"UP",76071961,76083666,"+",60.02,556,NA,"zinc activated ion channel"
"ENSG00000279339","17",143.086058520026,1.24559766704932,0.446365322383328,2.79053413109818,0.00526211518159311,0.0463989623763599,"UP",78897264,78900152,"+",55.52,2889,NA,"TEC"
"TLK2P1","17",203.56625671475,1.21114147787315,0.400421828911322,3.02466396791112,0.00248909508581702,0.030840806222116,"UP",34036681,34039872,"-",42.86,3192,NA,"tousled like kinase 2 pseudogene 1"
"BAHCC1","17",3374.50163667184,1.18979296243441,0.253543940255085,4.69264996527776,2.69688705143941e-06,0.00093922389999178,"UP",81395457,81466331,"+",63.19,10726,7827,"BAH domain and coiled-coil containing 1"
"TBC1D16","17",2339.41713033969,1.18390608508614,0.29199151318387,4.05459073853501,5.02221532008775e-05,0.00415983903190556,"UP",79932343,80035872,"-",52.49,10960,2304,"TBC1 domain family member 16"
"CCDC57","17",2040.02991721313,1.1808045110049,0.369803746187787,3.19305719094928,0.00140775062383886,0.0223850831022288,"UP",82101460,82212878,"-",51.83,513,NA,"coiled-coil domain containing 57"
"ENSG00000279792","17",187.337728327333,1.1695947574894,0.331972639931053,3.52316611914859,0.000426423996049767,0.0128962051563793,"UP",50362967,50365232,"-",56.49,2266,NA,"TEC"
"ALOX12","17",178.945677347043,1.15590558041936,0.321225009988292,3.5984295882238,0.000320144498413936,0.0111074202493316,"UP",6996049,7010754,"+",48.88,2392,1992,"arachidonate 12-lipoxygenase, 12S type"
"SNORD3B-1","17",163.05233704334,1.15143349106903,0.374736422648303,3.07264899134096,0.00212167889361693,0.0280869872583574,"UP",19061912,19062669,"+",55.28,758,NA,"small nucleolar RNA, C/D box 3B-1"
"RILP","17",397.380935526172,1.14886127809425,0.343907709074066,3.34060926167497,0.000835947807366437,0.0175201331620144,"UP",1646145,1649866,"-",64.54,978,681,"Rab interacting lysosomal protein"
"NAGS","17",165.897881000209,1.13396885172196,0.407249023385108,2.7844605796627,0.00536168380539025,0.0469336534626017,"UP",44004622,44009068,"+",63.44,2114,1605,"N-acetylglutamate synthase"
"ICAM2","17",199.377127183985,1.10821364602361,0.369019736264389,3.00312838885566,0.00267219673275906,0.0317123406175224,"UP",64002594,64020634,"-",46.35,1064,525,"intercellular adhesion molecule 2"
"KIF1C","17",15052.7747006991,1.09657316875483,0.35456981882628,3.09268615243333,0.00198353786841369,0.0270427547268622,"UP",4997950,5028401,"+",53.87,7917,3312,"kinesin family member 1C"
"ENSG00000276170","17",43.6456732005199,1.0801628853452,0.363983878253959,2.96761189129248,0.0030012302452931,0.0336312135126932,"UP",38450374,38470098,"-",59.56,1165,NA,"novel transcript, antisense to ARHGAP23"
"ARHGAP27P1-BPTFP1-KPNA2P3","17",186.388171297908,1.0793417839526,0.285683114931798,3.77810842692007,0.000158024079745443,0.00755225813203507,"UP",64749663,64781707,"-",47.76,2732,NA,"ARHGAP27P1-BPTFP1-KPNA2P3 readthrough, transcribed pseudogene"
"GJC1","17",429.860448348459,1.0735302652146,0.381199291777904,2.81619165714522,0.00485966664427153,0.0446225882529808,"UP",44798448,44830816,"-",44.78,3226,783,"gap junction protein gamma 1"
"MYO15B","17",2625.36114400789,1.04271086845067,0.301444706211285,3.45904521448066,0.000542093895268004,0.0142822254367668,"UP",75587800,75626849,"+",58.76,9914,9291,"myosin XVB"
"GRIN2C","17",1992.93622728469,1.03499383565031,0.302103700225682,3.42595550758608,0.000612640727843079,0.0150708618506555,"UP",74842023,74861504,"-",59.83,4271,3702,"glutamate ionotropic receptor NMDA type subunit 2C"
"LRRC45","17",678.748861404245,1.0334345328337,0.262549017474431,3.93615844681018,8.27963184794259e-05,0.00557802718312923,"UP",82023305,82031151,"+",64.95,2698,2013,"leucine rich repeat containing 45"
"CARD14","17",128.881695500926,1.02985296483857,0.32353751819126,3.18310213478789,0.00145706207734738,0.0227537313871653,"UP",80169992,80216073,"+",55.06,4082,2565,"caspase recruitment domain family member 14"
"ENSG00000265798","17",55.0331521233534,1.0183076974491,0.363737429556287,2.79956808044556,0.00511710247360896,0.0456827961134146,"UP",31038575,31051026,"-",43.17,1967,NA,"leucine rich repeat containing 37B (LRRC37B) pseudogene"
"MTCO1P40","17",128.292965402139,1.00425271308397,0.327034500419299,3.07078522845877,0.00213496660490295,0.0281243476613196,"UP",53105734,53106358,"+",44.64,625,NA,"MT-CO1 pseudogene 40"
"RAI1","17",4837.97583100011,0.972100991108984,0.216974142984053,4.48026192310127,7.45514957979454e-06,0.00155439868738716,"UP",17681458,17811453,"+",56.45,7677,5721,"retinoic acid induced 1"
"CCDC92B","17",865.190040097253,0.969107856643228,0.236893115601424,4.09090764070057,4.2968823768567e-05,0.0038777760136812,"UP",2720801,2749652,"-",52.85,4643,768,"coiled-coil domain containing 92B"
"NT5M","17",231.917133232696,0.940361832499447,0.177594434738448,5.29499606158473,1.1901897566106e-07,0.000186840828863678,"UP",17303335,17347663,"+",49.17,1635,705,"5',3'-nucleotidase, mitochondrial"
"BAIAP2-DT","17",1987.46586193737,0.928377827264147,0.211238072841654,4.39493607745639,1.10805354949575e-05,0.00203025629909881,"UP",81017969,81034881,"-",57.81,905,NA,"BAIAP2 divergent transcript"
"ENSG00000278864","17",589.613460565462,0.910892533914661,0.321210308261346,2.83581351683624,0.00457091269969933,0.0430498810572149,"UP",17181504,17183257,"+",53.36,1754,NA,"novel transcript"
"NATD1","17",604.506174404037,0.908115062409773,0.257979727149956,3.52010242216401,0.00043138018341617,0.0129768173085864,"UP",21238870,21253410,"-",58.51,4931,342,"N-acetyltransferase domain containing 1"
"ENSG00000265100","17",141.836230954845,0.907018180973722,0.295280640177612,3.07171570892066,0.00212832322862879,0.0281033942790902,"UP",68237047,68247938,"-",43.32,1313,NA,"novel transcript, antisense to AMZ2"
"PLEKHH3","17",484.628272228746,0.906837616789077,0.259414774250751,3.49570535991341,0.00047281046921887,0.0135651174478382,"UP",42667914,42676994,"-",62,659,NA,"pleckstrin homology, MyTH4 and FERM domain containing H3"
"MIF4GD-DT","17",92.5187475753366,0.905469032457539,0.284284007120445,3.18508607511612,0.00144710958783255,0.022698563975204,"UP",75271369,75273895,"+",60.78,2527,NA,"MIF4GD divergent transcript"
"HDAC5","17",6642.53249061239,0.895999244728667,0.249344558048389,3.59341808676965,0.000326368280973213,0.0111806561524336,"UP",44076746,44123702,"-",55.66,5326,3372,"histone deacetylase 5"
"AATK","17",13237.3494431673,0.881300658443561,0.259538514691668,3.39564499508116,0.000684670990967063,0.015831216622877,"UP",81110487,81166221,"-",61.51,11898,3816,"apoptosis associated tyrosine kinase"
"ENSG00000279369","17",180.788692503432,0.85663646863668,0.305632799257424,2.80282898536412,0.005065652235578,0.0454908610600378,"UP",63700847,63702670,"+",59.16,1824,NA,"TEC"
"TBKBP1","17",1871.07892485194,0.832644215283062,0.275656874275561,3.02058208224007,0.00252289315428407,0.0310379286036679,"UP",47694161,47712052,"+",58.59,3342,1848,"TBK1 binding protein 1"
"GPS2","17",429.475558619041,0.82767243705571,0.251381101456013,3.2925006385197,0.000993006723446737,0.0190236900414978,"UP",7311324,7315564,"-",56.28,1238,983,"G protein pathway suppressor 2"
"RFNG","17",731.475978297582,0.784625260928033,0.202778411868817,3.86937274878959,0.000109115713396549,0.00638444420502845,"UP",82047902,82051831,"-",67.12,1755,NA,"RFNG O-fucosylpeptide 3-beta-N-acetylglucosaminyltransferase"
"FBF1","17",448.904165587417,0.771353459236184,0.273011411427481,2.82535244663601,0.00472286348060465,0.0439335292853478,"UP",75909574,75941140,"-",53.45,4825,3402,"Fas binding factor 1"
"ASPSCR1","17",1474.37333376707,0.754486618501323,0.228057255025722,3.30832105479927,0.000938571442701246,0.0185006429610206,"UP",81976807,82017406,"+",60.76,1001,921,"ASPSCR1 tether for SLC2A4, UBX domain containing"
"TSPOAP1","17",11673.585735311,0.754397229396436,0.238136575773926,3.16791835502254,0.00153534631410545,0.0235471692789819,"UP",58301228,58328795,"-",57.84,4161,NA,"TSPO associated protein 1"
"TSEN54","17",626.057866887367,0.733170714825386,0.234538276430272,3.12601732213785,0.00177191114350408,0.0252136024929317,"UP",75515944,75524735,"+",54.97,3414,NA,"tRNA splicing endonuclease subunit 54"
"LUC7L3","17",11121.6427623164,0.729992097131013,0.247781441576587,2.94611288273331,0.00321794939433347,0.0350717404187678,"UP",50719565,50756219,"+",39.65,6987,1299,"LUC7 like 3 pre-mRNA splicing factor"
"CEP131","17",994.785614209633,0.68327170028779,0.207999746547328,3.28496410034,0.00101995366505286,0.0192225259984802,"UP",81189593,81222999,"-",59.72,3505,3135,"centrosomal protein 131"
"MYO1C","17",1635.30548705124,0.65894603241413,0.239741761496514,2.74856590817079,0.00598565996667404,0.049985473687609,"UP",1464186,1492686,"-",60.08,4724,3135,"myosin IC"
"P3H4","17",440.782317374587,0.657916263733465,0.205905053049432,3.19524098116969,0.0013971412963783,0.0223044616463403,"UP",41801947,41812604,"-",56.65,2791,1314,"prolyl 3-hydroxylase family member 4 (inactive)"
"DUS1L","17",1645.18523457146,0.649299208989059,0.21976550389273,2.95450922682565,0.00313166788789789,0.0344284179712265,"UP",82057506,82065887,"-",64.45,2233,1422,"dihydrouridine synthase 1 like"
"RAD51D","17",583.785639614881,0.646579540886709,0.227945944398867,2.83654768498669,0.004560416778807,0.0429845051489579,"UP",35092221,35121522,"-",47.17,9966,987,"RAD51 paralog D"
"TRIM65","17",781.393478346163,0.571608188247574,0.189518724049057,3.01610403465787,0.00256045393490805,0.0311787799692427,"UP",75880335,75896951,"-",54.86,644,412,"tripartite motif containing 65"
"TNRC6C","17",5172.09405126803,0.561923947320961,0.203223672658539,2.76505162991085,0.00569137869217652,0.0486917881319354,"UP",77958703,78108822,"+",42.36,10391,5811,"trinucleotide repeat containing adaptor 6C"
"SARM1","17",1185.08488340491,0.557335085851675,0.173767619356575,3.20735870074856,0.00133959849844932,0.0217155022007341,"UP",28364356,28404049,"+",51.55,1921,NA,"sterile alpha and TIR motif containing 1"
"MYO18A","17",20476.858537313,0.509297815963895,0.183143526420125,2.78086714785421,0.005421391813253,0.0472170624398045,"UP",29071122,29180398,"-",53.73,9980,6165,"myosin XVIIIA"
"TMEM94","17",5804.79625370455,0.502687706008442,0.159362357766932,3.15436915625724,0.00160845485545289,0.0240879808879156,"UP",75441159,75500452,"+",52,554,363,"transmembrane protein 94"
"NUP88","17",1226.24634984948,-0.335955365857752,0.109027894907109,-3.08137074593602,0.00206049913871146,0.0275789884719841,"DOWN",5359668,5420164,"-",42.72,4626,2199,"nucleoporin 88"
"SMURF2","17",1627.55405232729,-0.42456729991016,0.142609246849923,-2.97713724241852,0.00290953733634216,0.0330375915571697,"DOWN",64542282,64662307,"-",39.47,6240,2247,"SMAD specific E3 ubiquitin protein ligase 2"
"MED13","17",6781.06156500213,-0.449170981828642,0.153222760220298,-2.93148995085874,0.00337340280118789,0.0360613505416637,"DOWN",61942605,62065278,"-",38.73,10461,6525,"mediator complex subunit 13"
"HEATR6","17",1087.04473196961,-0.453437315862816,0.164822304237239,-2.75106769051205,0.00594013673249669,0.0498032918037871,"DOWN",60041008,60078922,"-",40.88,6108,3546,"HEAT repeat containing 6"
"RNF167","17",1911.88725714372,-0.460470459928638,0.163145329064107,-2.82245567537946,0.00476574093069867,0.0441963995973458,"DOWN",4940008,4945222,"+",52.54,1728,1053,"ring finger protein 167"
"PSMD11","17",2480.19412244172,-0.470197313156547,0.163690102624623,-2.87248468671812,0.00407257815974733,0.0402860430967889,"DOWN",32444379,32483319,"+",43.02,480,137,"proteasome 26S subunit, non-ATPase 11"
"EIF5A","17",3003.69148820209,-0.527687747224673,0.179368431845471,-2.94192094893981,0.00326183181910848,0.0353161750998547,"DOWN",7306999,7312463,"+",55.3,1256,555,"eukaryotic translation initiation factor 5A"
"TAOK1","17",18299.5603478399,-0.549801209004101,0.18582064660901,-2.95877352187322,0.0030886600419361,0.0341574447984758,"DOWN",29390363,29551903,"+",41.05,12643,3006,"TAO kinase 1"
"SLC25A11","17",1885.23900122987,-0.563721982143907,0.196130906096675,-2.8742129089336,0.00405035818980684,0.0401967475772052,"DOWN",4937130,4940053,"-",58.89,1692,945,"solute carrier family 25 member 11"
"DERL2","17",597.347423251939,-0.568271356031875,0.204888811998383,-2.7735597199732,0.00554466624002327,0.047965469218114,"DOWN",5471254,5486811,"-",41.38,4167,720,"derlin 2"
"NPEPPS","17",5083.41643492887,-0.583345691329896,0.196503489773678,-2.96862764117708,0.00299132837229485,0.0335673896399084,"DOWN",47522942,47624665,"+",41.3,649,604,"aminopeptidase puromycin sensitive"
"MRPL10","17",1062.25605790527,-0.584930297940348,0.202153318040777,-2.89349837840584,0.00380976258009132,0.0387480730706848,"DOWN",47823272,47831541,"-",49.19,1749,786,"mitochondrial ribosomal protein L10"
"ARRB2","17",2094.16541970166,-0.60349635248831,0.219428918700135,-2.75030454537777,0.00595398998406672,0.049822100728572,"DOWN",4710596,4721499,"+",56.58,709,195,"arrestin beta 2"
"SUZ12","17",1378.01676570795,-0.606341546449572,0.176124877552157,-3.44267973313429,0.000575980983682136,0.0146484501275879,"DOWN",31937007,32001045,"+",41.01,4495,2220,"SUZ12 polycomb repressive complex 2 subunit"
"EFTUD2","17",2659.83265848756,-0.631203649590732,0.19581028907529,-3.22354689619007,0.00126613564757853,0.0212878044906824,"DOWN",44849948,44899445,"-",46.17,4326,2919,"elongation factor Tu GTP binding domain containing 2"
"ATP1B2","17",20253.5157268325,-0.636973478907997,0.195422309518275,-3.25947165642534,0.00111619932947691,0.020086210975901,"DOWN",7646627,7657770,"+",54.22,580,500,"ATPase Na+/K+ transporting subunit beta 2"
"TEX2","17",9600.24554004152,-0.640245575845178,0.212323683953894,-3.01542232087592,0.00256621662806331,0.0312048845481847,"DOWN",64147227,64263260,"-",43.57,5232,3405,"testis expressed 2"
"KAT7","17",2599.18427861194,-0.646993409400872,0.15685727028127,-4.12472694597267,3.71174842593642e-05,0.00371803626852041,"DOWN",49788624,49835026,"+",42.4,7226,1746,"lysine acetyltransferase 7"
"AMZ2P1","17",697.213433213124,-0.652119890107499,0.157116653253196,-4.15054595808248,3.31683158057884e-05,0.00361355354089549,"DOWN",64968222,64973517,"-",39.22,850,NA,"AMZ2 pseudogene 1"
"SRSF1","17",926.373893467229,-0.652386975834049,0.17541445140954,-3.71911761312596,0.000199919952688468,0.00852780242631975,"DOWN",58000919,58007346,"-",40.14,5343,747,"serine and arginine rich splicing factor 1"
"RAB5C","17",1293.04353767586,-0.65247668063311,0.210317647059259,-3.10233919861831,0.0019199782435388,0.0265200421463332,"DOWN",42124978,42155044,"-",49.38,1912,651,"RAB5C, member RAS oncogene family"
"SRSF2","17",1068.76959595566,-0.657857437651487,0.175549294282327,-3.74742285544874,0.000178660758663008,0.00812234794929233,"DOWN",76734115,76737333,"-",48.99,1867,645,"serine and arginine rich splicing factor 2"
"RAD51C","17",860.682238564381,-0.660558538457147,0.174446404047652,-3.78659876690096,0.000152723407928551,0.00738753668831989,"DOWN",58692573,58735611,"+",41.71,3667,NA,"RAD51 paralog C"
"ACOX1","17",3950.08887520755,-0.660792473623113,0.176851057548881,-3.73643495708513,0.000186647700050962,0.00831425953609127,"DOWN",75941507,75979177,"-",44.18,7317,1983,"acyl-CoA oxidase 1"
"GDPD1","17",624.871464266698,-0.689990013455461,0.213790665598554,-3.22740944523317,0.00124916572704391,0.021159017457851,"DOWN",59220467,59275970,"+",40.88,934,393,"glycerophosphodiester phosphodiesterase domain containing 1"
"VMP1","17",2132.68550937515,-0.718107495203114,0.244911439095919,-2.93211087997351,0.0033666652343265,0.0360613505416637,"DOWN",59707192,59842255,"+",39.75,231,NA,"vacuole membrane protein 1"
"STX8","17",628.346924541919,-0.719219341795647,0.231621583130901,-3.10514819937648,0.00190183708864627,0.0263573623232087,"DOWN",9250471,9576591,"-",43.43,830,711,"syntaxin 8"
"ZNF624","17",556.216584260436,-0.723427543613195,0.242338271736317,-2.98519725518362,0.00283395509645289,0.0326080104485298,"DOWN",16620734,16653856,"-",37.67,4241,2598,"zinc finger protein 624"
"SLC35B1","17",654.093312953187,-0.742772181508107,0.231550345642884,-3.20782151909923,0.00133744471461218,0.0217155022007341,"DOWN",49700934,49709014,"-",47.79,1611,1080,"solute carrier family 35 member B1"
"AP2B1","17",15419.5582220914,-0.754053006724456,0.21953999061969,-3.43469544931659,0.00059322011006258,0.0148149895501748,"DOWN",35578046,35726413,"+",39.93,552,453,"adaptor related protein complex 2 subunit beta 1"
"PDK2","17",2494.87651555328,-0.769036802260224,0.229644241191307,-3.3488181470206,0.000811570448330153,0.0172483680696951,"DOWN",50094737,50112152,"+",56.67,2384,1032,"pyruvate dehydrogenase kinase 2"
"PEX12","17",315.106878418063,-0.770526133817928,0.237478504996129,-3.24461421816045,0.00117609840063863,0.0206481950448509,"DOWN",35574795,35578863,"-",42.42,2617,1080,"peroxisomal biogenesis factor 12"
"SNHG16","17",343.543534676642,-0.782654498589952,0.237551146509753,-3.2946778413373,0.000985345729201336,0.0189114405632671,"DOWN",76557191,76714384,"+",49.24,3023,NA,"small nucleolar RNA host gene 16"
"PAFAH1B1","17",13709.4687756328,-0.814375179800051,0.253070035910442,-3.21798342055891,0.00129095279738511,0.0213709680749873,"DOWN",2593183,2685615,"+",42.41,5384,1233,"platelet activating factor acetylhydrolase 1b regulatory subunit 1"
"CDC27","17",3126.78564289068,-0.829505015953933,0.242634259500324,-3.41874646087572,0.000629103156255578,0.0152234685120131,"DOWN",47117703,47189422,"-",38.66,5830,2475,"cell division cycle 27"
"SRR","17",400.144350673359,-0.830806376043572,0.250817474683852,-3.31239431020816,0.000925010695936422,0.0183837419421683,"DOWN",2303383,2325260,"+",45.63,298,199,"serine racemase"
"COA3","17",685.31998539408,-0.852059890109306,0.2333191203318,-3.65190769148111,0.000260299455648178,0.0100729642148909,"DOWN",42795147,42798704,"-",54.78,1374,216,"cytochrome c oxidase assembly factor 3"
"PFN1","17",2623.60410915556,-0.853484490977396,0.257617650375791,-3.31298919050152,0.00092304547303317,0.018374302724922,"DOWN",4945652,4949061,"-",57.98,807,423,"profilin 1"
"GABARAP","17",432.790481572141,-0.87192634225317,0.265594336134865,-3.28292521196845,0.00102735917353056,0.0192779949545801,"DOWN",7240008,7242449,"-",49.92,1319,354,"GABA type A receptor-associated protein"
"ZNHIT3","17",563.731237246331,-0.874826847570829,0.174860974304927,-5.00298509171796,5.64493079346639e-07,0.000416186934296712,"DOWN",36486629,36499310,"+",45.77,926,129,"zinc finger HIT-type containing 3"
"MED31","17",125.607543860233,-0.885234505971942,0.232687454821854,-3.80439292118125,0.000142152386596325,0.00701496320889336,"DOWN",6643311,6651634,"-",40.22,1629,396,"mediator complex subunit 31"
"MAP2K4","17",4548.48160146382,-0.898943723283299,0.30665436722989,-2.9314557995823,0.00337377372522154,0.0360613505416637,"DOWN",12020829,12143830,"+",37.09,551,138,"mitogen-activated protein kinase kinase 4"
"RPA1","17",2080.52075244842,-0.903019371324665,0.261002319654269,-3.45981358526174,0.000540549464457055,0.0142822254367668,"DOWN",1829702,1900082,"+",44.49,577,372,"replication protein A1"
"APPBP2","17",2842.95728749909,-0.906240239187879,0.237690628358223,-3.81268813771693,0.000137463518582872,0.00691204295310884,"DOWN",60443158,60526242,"-",39.71,6492,1758,"amyloid beta precursor protein binding protein 2"
"EIF1","17",8640.33921824857,-0.915288317211601,0.245836453726477,-3.72315945555401,0.000196745175955006,0.00848213694411366,"DOWN",41688885,41692668,"+",49.15,2170,NA,"eukaryotic translation initiation factor 1"
"VAMP2","17",8795.64157301122,-0.917811767753103,0.239089240189607,-3.83878323853153,0.000123645525406646,0.00670630104012512,"DOWN",8159149,8163546,"-",58.14,2126,351,"vesicle associated membrane protein 2"
"KLHL11","17",2673.60143587465,-0.958728194849022,0.244056219193911,-3.92830880530556,8.55453214066881e-05,0.00562228028136456,"DOWN",41848518,41865423,"-",44.72,7402,2127,"kelch like family member 11"
"CLTC","17",26579.4777268749,-0.99762774994956,0.315303561784859,-3.16402309032675,0.00155604449790869,0.0237591491328407,"DOWN",59619680,59696956,"+",38.54,6629,4917,"clathrin heavy chain"
"EVI2B","17",297.24591166649,-1.08182736644325,0.343338831525105,-3.15090303545856,0.00162766516840611,0.0242227920218855,"DOWN",31303770,31314105,"-",37.11,1937,1347,"ecotropic viral integration site 2B"
"PMP22","17",3696.78223733208,-1.19270596684364,0.368160936371586,-3.23963204406847,0.00119684036527477,0.020735516529037,"DOWN",15229773,15272292,"-",45.45,2423,483,"peripheral myelin protein 22"
"OMG","17",2132.61146322607,-1.26403320960387,0.366099344801205,-3.45270546793864,0.000554994624707544,0.0144489773877036,"DOWN",31272013,31297539,"-",38.2,799,NA,"oligodendrocyte myelin glycoprotein"
"KRT10-AS1","17",74.7978669489464,-1.30519095359314,0.394922849603625,-3.30492640500069,0.000950013422771678,0.018589825763071,"DOWN",40819071,40836273,"+",37.66,2086,NA,"KRT10 antisense RNA 1"
"NSF","17",8836.44307392276,-1.40944652425139,0.454697036968282,-3.09974864505154,0.00193684932868226,0.0266434170911053,"DOWN",46590669,46757679,"+",38.61,3983,2235,"N-ethylmaleimide sensitive factor, vesicle fusing ATPase"
"MTCO2P2","18",45.088501189809,2.5415107957237,0.453962088027115,5.59850891242684,2.16203289473997e-08,6.53636594902263e-05,"UP",47853233,47853457,"-",49.33,225,NA,"MT-CO2 pseudogene 2"
"ZBTB7C-AS1","18",27.1046582437311,1.88283823354183,0.673710030423853,2.79473089091056,0.00519429339365898,0.0460394077031853,"UP",48162039,48184725,"+",47.96,2218,NA,"ZBTB7C antisense RNA 1"
"ENSG00000267694","18",52.1102243431001,1.65324985303582,0.493085444835105,3.35286687196514,0.00079979166189831,0.0171791839561923,"UP",13461020,13471333,"-",44.42,498,NA,"novel transcript, antisense C18orf1"
"SNORA37","18",43.138859806507,1.6456504313485,0.414518012409056,3.97003358619924,7.1862501185878e-05,0.00511196015788719,"UP",54222284,54222412,"-",54.26,129,NA,"small nucleolar RNA, H/ACA box 37"
"ENSG00000266513","18",67.7150391137498,1.60431597221653,0.539105427724464,2.97588540146639,0.00292144009084645,0.0331013614534644,"UP",3770017,3771430,"-",41.94,557,NA,"novel transcript, overlapping DLGAP1"
"ENSG00000267762","18",42.6778755125173,1.5633120518257,0.513293454652327,3.04564969152897,0.00232178171930951,0.0296174117422046,"UP",48673529,48692478,"-",50.2,618,NA,"novel transcript, antisense to CTIF"
"ENSG00000267366","18",77.2581371303945,1.52707873509259,0.471328608019011,3.23994493249812,0.00119552785619432,0.020735516529037,"UP",13500641,13501289,"-",44.84,487,NA,"novel transcript, antisense C18orf1"
"ENSG00000267529","18",138.225903884722,1.47719019995311,0.482494957976066,3.06156608589137,0.00220182381378385,0.028679450107893,"UP",13471012,13472709,"-",51.71,1698,NA,"novel transcript, antisense C18orf1"
"SALL3","18",993.258354288755,1.19324298488425,0.362803110179966,3.28895467376879,0.00100560216654175,0.0190478947594354,"UP",78979818,79002677,"+",46.74,3996,3687,"spalt like transcription factor 3"
"CCDC68","18",141.609222320772,1.12560578286937,0.307403004788213,3.66166161467699,0.00025058470366036,0.00980606597546943,"UP",54901509,54959461,"-",39.73,4085,1008,"coiled-coil domain containing 68"
"ENSG00000278983","18",153.366489275199,1.02520726044278,0.37089396543702,2.76415190318557,0.00570709640821477,0.0487369746385352,"UP",48564795,48568342,"+",47.94,3548,NA,"TEC"
"ZNF236-DT","18",80.6755418398088,0.885556128335908,0.251055473433555,3.52733249040389,0.000419769276461477,0.0127544468850468,"UP",76794732,76822295,"-",46.24,1295,NA,"ZNF236 divergent transcript"
"SMAD7","18",1057.27977477263,0.630422573352351,0.193515859378629,3.25773078948987,0.00112306893994163,0.0201353190373819,"UP",48919853,48950965,"-",52.17,3341,1281,"SMAD family member 7"
"CTIF","18",7729.83379212883,0.514432088207837,0.182512370959729,2.81861489992558,0.00482313453273579,0.0444389835461896,"UP",48539031,48863217,"+",50.34,5765,1797,"cap binding complex dependent translation initiation factor"
"ELP2","18",2910.15922536379,-0.410244602017885,0.131227010065646,-3.12622075144942,0.0017706858050099,0.0252136024929317,"DOWN",36129444,36180557,"+",40.54,535,172,"elongator acetyltransferase complex subunit 2"
"SMCHD1","18",4647.83291581311,-0.43914722305228,0.155364748513892,-2.82655639231452,0.00470514586483039,0.0437855551699838,"DOWN",2655726,2805017,"+",36.81,6488,5886,"structural maintenance of chromosomes flexible hinge domain containing 1"
"FAM210A","18",550.494308002007,-0.572881452148112,0.187414333475363,-3.05676434413925,0.00223740100609163,0.0289378506595359,"DOWN",13663347,13726663,"-",40.65,4210,819,"family with sequence similarity 210 member A"
"MIB1","18",7120.07786300043,-0.610044413198207,0.186890794581902,-3.26417582290745,0.00109783014761401,0.0198792745813177,"DOWN",21704957,21870953,"+",38.64,3306,NA,"MIB E3 ubiquitin protein ligase 1"
"SS18","18",2780.98016440165,-0.654058640622884,0.212205747813057,-3.08219097438905,0.00205482961477023,0.0275447394582679,"DOWN",26016253,26091217,"-",35.21,3402,1257,"SS18 subunit of BAF chromatin remodeling complex"
"RNMT","18",2365.3148783043,-0.65579511949726,0.217818599473119,-3.01073976732731,0.00260612101271822,0.0314372283359616,"DOWN",13726660,13764556,"+",39.02,1849,1431,"RNA guanine-7 methyltransferase"
"TRAPPC8","18",2966.0120475064,-0.66140289966956,0.200889403710028,-3.29237325341587,0.000993456660739364,0.0190236900414978,"DOWN",31829197,31953136,"-",38.41,6230,4308,"trafficking protein particle complex subunit 8"
"RIOK3","18",1526.02530968946,-0.679044655091055,0.203513491641626,-3.33660756156064,0.000848076051186793,0.0176064956000032,"DOWN",23453287,23486603,"+",41.69,572,NA,"RIO kinase 3"
"TMX3","18",2068.23690701459,-0.689063384767396,0.224342910225547,-3.07147386148568,0.00213004812763053,0.0281033942790902,"DOWN",68673688,68715108,"-",36.04,4737,1365,"thioredoxin related transmembrane protein 3"
"GALNT1","18",1320.57055764243,-0.728716016296144,0.220797049067624,-3.30038838550309,0.000965511100292275,0.0187647562482591,"DOWN",35581117,35711834,"+",38.5,272,NA,"polypeptide N-acetylgalactosaminyltransferase 1"
"VAPA","18",6077.27241704673,-0.758154066372623,0.232986835738772,-3.25406396446654,0.00113766660534031,0.0202759764603564,"DOWN",9914016,9960021,"+",37.12,6801,750,"VAMP associated protein A"
"SERPINB8","18",147.625465275422,-0.760640560834343,0.259016697142788,-2.93664682325489,0.0033178172121207,0.0357119390709174,"DOWN",63970029,64019779,"+",41.09,3387,1125,"serpin family B member 8"
"ACAA2","18",954.214867178676,-0.805238033926184,0.247687017394116,-3.25103044316973,0.00114987544231342,0.020350519956877,"DOWN",49782164,49813953,"-",39.53,2926,1194,"acetyl-CoA acyltransferase 2"
"NAPG","18",3983.09582413757,-0.85468091071175,0.305583447176359,-2.79688222189108,0.00515983389089047,0.0458807876783371,"DOWN",10525905,10552764,"+",39.33,1516,57,"NSF attachment protein gamma"
"RNF138","18",642.829428789847,-0.85987063079263,0.218646249985425,-3.93270239416386,8.39962048365327e-05,0.00559850744029234,"DOWN",32091874,32131561,"+",40.1,3551,738,"ring finger protein 138"
"MAPRE2","18",12745.7328744504,-0.879768567743534,0.275744063882376,-3.19052586429862,0.00142014128844225,0.0224934755745018,"DOWN",34976928,35143470,"+",39.48,803,582,"microtubule associated protein RP/EB family member 2"
"USP14","18",3183.61017976336,-0.883013480296001,0.265578737800948,-3.32486511385494,0.000884613214885296,0.0179776203607291,"DOWN",158383,214629,"+",38.05,1803,1380,"ubiquitin specific peptidase 14"
"SEH1L","18",1964.76321425928,-0.939531482073102,0.3016903724392,-3.11422427728431,0.00184429241466391,0.0258436015881004,"DOWN",12947133,12987536,"+",43.55,787,232,"SEH1 like nucleoporin"
"ST8SIA3","18",8566.74893670614,-1.18362079784396,0.39619372930505,-2.98747988747855,0.00281287802251747,0.0324581430594502,"DOWN",57352557,57371731,"+",41.31,10087,1143,"ST8 alpha-N-acetyl-neuraminide alpha-2,8-sialyltransferase 3"
"AQP4","18",55041.2758820553,-1.20840103672338,0.365165490085735,-3.30918739456915,0.000935671883069452,0.018458531944468,"DOWN",26852043,26865771,"-",40.01,5158,972,"aquaporin 4"
"LINC00526","18",58.2880188965866,-1.27397701692844,0.441089290013125,-2.88825198383423,0.00387389396061966,0.0392025101805636,"DOWN",5232876,5239390,"-",41.17,1875,NA,"long intergenic non-protein coding RNA 526"
"RPL6P27","18",46.4380539399269,-1.66261061075441,0.509040624410273,-3.26616488159577,0.00109014754547269,0.0198541479930741,"DOWN",6462144,6463010,"-",46.71,867,NA,"ribosomal protein L6 pseudogene 27"
"CAPN12","19",33.3337395640494,2.53835476034729,0.806666324497329,3.14672211205675,0.00165111802347482,0.0243796950645677,"UP",38730187,38769904,"-",51.15,1046,110,"calpain 12"
"COL5A3","19",2626.4969056533,2.47729818345742,0.477534802010202,5.18768092509517,2.12929021367518e-07,0.000271047437410253,"UP",9959561,10010504,"-",52.35,6207,5238,"collagen type V alpha 3 chain"
"AMH","19",155.466337215512,2.31996509143546,0.581281244507103,3.99112325291464,6.57610909509295e-05,0.00481969013860358,"UP",2249309,2252073,"+",71.68,534,NA,"anti-Mullerian hormone"
"ENSG00000267304","19",34.6451703825673,2.26209016645503,0.804281736879647,2.81255940888476,0.00491489434887712,0.0447497767630093,"UP",3672582,3674295,"+",64.29,482,NA,"novel transcript, antisense to PIP5K1C"
"ENSG00000286460","19",39.9752577701535,2.23739126030306,0.694481137302726,3.22167318898365,0.00127444412598049,0.0212878044906824,"UP",2721710,2724517,"+",61.89,2520,NA,"novel transcript"
"ENSG00000268670","19",60.6011555875867,1.99640546104607,0.553119042795117,3.60935948065987,0.000306953994762227,0.0109498367512083,"UP",4061615,4062749,"-",63.52,684,NA,"novel transcript, sense intronic to ZBTB7A"
"SRRM5","19",124.107528394622,1.94628991720269,0.458356874078594,4.24623263502962,2.17394915605611e-05,0.00293738180381972,"UP",43596617,43614498,"+",50.64,2698,2148,"serine/arginine repetitive matrix 5"
"ENSG00000269487","19",23.6001838031483,1.8984567613944,0.508826617579323,3.73104844716274,0.000190684546023721,0.00839708488791756,"UP",46728603,46732700,"+",59.61,562,NA,"novel transcript, antisense to STRN4"
"ENSG00000269318","19",79.1648029592482,1.84388206672168,0.539776246589461,3.41601187227508,0.00063545476466596,0.0152886102661423,"UP",4356637,4358448,"-",59.99,1812,NA,"novel transcript, antisense to MPND"
"ENSG00000269124","19",38.6615397445389,1.76347347634088,0.627220448721811,2.811568851007,0.00493005381087938,0.0447759224445846,"UP",46320197,46340004,"-",49.33,472,NA,"novel transcript, antisense to HIF3A"
"ADAMTSL5","19",123.00695840959,1.74647788137424,0.485389591897,3.59809503650181,0.000320556492765794,0.0111074202493316,"UP",1505022,1513604,"-",60.93,2683,1416,"ADAMTS like 5"
"SYNE4","19",64.0201131729247,1.73650034419864,0.548057123283868,3.16846596901034,0.00153245688595865,0.0235471692789819,"UP",36003307,36008813,"-",55.66,713,NA,"spectrin repeat containing nuclear envelope family member 4"
"PRX","19",667.606657369498,1.71361093605466,0.415238020242027,4.12681607299798,3.67820341861751e-05,0.00371803626852041,"UP",40393766,40414793,"-",55.84,4473,293,"periaxin"
"ENSG00000268231","19",30.2432424777761,1.70059396732124,0.609258188203763,2.79125336392275,0.00525043550881713,0.0463542992441282,"UP",50555370,50557969,"-",61.69,813,NA,"novel transcript, sense intronic to LRRC4B"
"SNORD105B","19",58.9759749147818,1.68570489121895,0.552981436128667,3.04839327522511,0.00230068618131559,0.0294726673629761,"UP",10109757,10109835,"+",55.7,79,NA,"small nucleolar RNA, C/D box 105B"
"ENSG00000261342","19",158.696326346715,1.6229201799501,0.459718542470333,3.53024737968848,0.000415171280188757,0.0126784502306127,"UP",2727743,2729327,"-",59.18,1585,NA,"novel transcript"
"ENSG00000267610","19",76.0778588937964,1.58221382045858,0.535361784276122,2.95541046621013,0.00312253313653279,0.0343592294996278,"UP",13069792,13071374,"-",60.33,1583,NA,"novel transcript, antisense to NFIX"
"SHANK1","19",14414.2163671566,1.57786652045301,0.470583841680283,3.35299766098859,0.000799413821432365,0.0171791839561923,"UP",50659255,50719802,"-",56.45,9636,6486,"SH3 and multiple ankyrin repeat domains 1"
"EFNA2","19",38.6313071911185,1.57173596216073,0.513078540356973,3.06334379346133,0.00218878442669432,0.0285842009417003,"UP",1285873,1301431,"+",63.78,2424,642,"ephrin A2"
"VN2R19P","19",60.077839677447,1.56638869676773,0.462569353128454,3.38627858973775,0.000708474208255268,0.0160893494843774,"UP",58012147,58025926,"-",50.63,1739,NA,"vomeronasal 2 receptor 19, pseudogene"
"RNU6-9","19",72.3121575172522,1.47592486955267,0.358520723891972,4.11670726738069,3.84323707704188e-05,0.00371803626852041,"UP",893484,893590,"+",45.79,107,NA,"RNA, U6 small nuclear 9"
"EPS8L1","19",43.3307451908208,1.46457100737765,0.39373171062976,3.71971819347525,0.000199445184915212,0.00852780242631975,"UP",55072020,55087923,"+",58.26,2130,1647,"EPS8 signaling adaptor L1"
"PRR22","19",57.9490396804043,1.46259156368975,0.515004033141927,2.83996137810184,0.00451189961202644,0.0428108293513031,"UP",5782960,5784746,"-",66.82,1640,248,"proline rich 22"
"ENSG00000277744","19",82.5730123680073,1.44764845859817,0.397859841157514,3.63858904278062,0.00027413584631892,0.0103277625957377,"UP",41373971,41374419,"+",53.23,449,NA,"novel transcript, sense intronic TMEM91"
"KANK3","19",589.283992576905,1.44242637793102,0.289748530854422,4.97820083393532,6.41780452203733e-07,0.000419516270729716,"UP",8322584,8343262,"-",55.19,2787,2466,"KN motif and ankyrin repeat domains 3"
"MBD3","19",1622.78958776758,1.43918443759138,0.317136324469402,4.53806242472939,5.67734559380294e-06,0.00129539887294074,"UP",1573596,1592865,"-",58.14,5518,780,"methyl-CpG binding domain protein 3"
"CDC42EP5","19",44.9334340985017,1.43561544973317,0.515015703197897,2.78751781900819,0.00531135331902102,0.0466789212840997,"UP",54465026,54473296,"-",54.27,896,447,"CDC42 effector protein 5"
"RNU6-2","19",73.25589376665,1.42727220016241,0.426127066061985,3.34940517473442,0.00080985271366623,0.0172269988854278,"UP",1021522,1021628,"+",45.79,107,NA,"RNA, U6 small nuclear 2"
"ANKRD24","19",1488.3963612743,1.4039913417631,0.286718069582848,4.89676616407817,9.74266564800028e-07,0.000539260370945487,"UP",4182689,4224814,"+",53.64,3838,3441,"ankyrin repeat domain 24"
"HIF3A","19",1948.5109643368,1.40104607568259,0.457758971434216,3.06066328158014,0.00220847305801307,0.0287018427625492,"UP",46297042,46343433,"+",50.2,5856,2010,"hypoxia inducible factor 3 subunit alpha"
"TMPRSS9","19",93.3320978138106,1.37420524773217,0.368618203106413,3.7279907398807,0.000193012468286466,0.00843938072145467,"UP",2360238,2426261,"+",52.45,3479,3180,"transmembrane serine protease 9"
"PTOV1-AS2","19",121.05154707812,1.3440455787406,0.367098730944844,3.66126457392341,0.000250973418860294,0.00980606597546943,"UP",49856970,49859289,"-",64.31,596,NA,"PTOV1 antisense RNA 2"
"MAP3K10","19",5750.85599462854,1.33599640410444,0.387673974041235,3.44618543818558,0.000568560062283491,0.0145940142505095,"UP",40191426,40215575,"+",53.37,3754,2865,"mitogen-activated protein kinase kinase kinase 10"
"ENSG00000279827","19",31.1278309952765,1.31174478630878,0.469978379663251,2.79107474528652,0.00525333392161397,0.0463542992441282,"UP",8444570,8445597,"-",68.09,1028,NA,"novel transcript"
"WTIP","19",348.055238927566,1.30351557446078,0.379110242361847,3.43835493955509,0.000585260013659665,0.0147670419199815,"UP",34481758,34512304,"+",54.89,13545,1293,"WT1 interacting protein"
"ENSG00000278999","19",78.3406821777606,1.28659212944348,0.444747496390647,2.89285974600156,0.00381751725015923,0.0388101282300663,"UP",47661657,47663895,"-",50.07,2239,NA,"TEC"
"ENSG00000267934","19",344.681302906024,1.27208655121135,0.42939214363901,2.9625287049518,0.00305123357892758,0.0338890759080126,"UP",23323968,23329101,"+",39.75,5134,NA,"novel transcript, antisense to ZNF91"
"P2RY11","19",216.678935329689,1.22460610854305,0.344458027330752,3.55516786190953,0.00037773784885528,0.0121778178942697,"UP",10111693,10115372,"+",62.34,1788,1125,"purinergic receptor P2Y11"
"HOOK2","19",1233.28598021656,1.21197601360332,0.291133847135066,4.1629512525936,3.14160456521548e-05,0.003598579904622,"UP",12763003,12872740,"-",53.64,2547,513,"hook microtubule tethering protein 2"
"ZNF497","19",252.629695218621,1.21183797706943,0.242724361043302,4.99265080711548,5.95561775103405e-07,0.000416186934296712,"UP",58354357,58362848,"-",58.58,3465,1497,"zinc finger protein 497"
"FUT1","19",184.976135416143,1.20290224393079,0.43560434540399,2.76145602453803,0.00575442654545791,0.0489220247039913,"UP",48748011,48755390,"-",55.87,3425,1098,"fucosyltransferase 1 (H blood group)"
"B3GNT8","19",59.2389531684083,1.17722921147681,0.413877259823838,2.84439210788698,0.00444962525699908,0.0425315824124214,"UP",41425359,41428730,"-",64.26,1543,1194,"UDP-GlcNAc:betaGal beta-1,3-N-acetylglucosaminyltransferase 8"
"ENSG00000279619","19",110.024310245583,1.170852986871,0.42285474644981,2.76892478256709,0.005624161769904,0.0483218389225216,"UP",35137645,35139580,"-",58.73,1936,NA,"novel transcript"
"LETM1P2","19",89.8865037361061,1.16548169218047,0.405267175992695,2.87583540247405,0.0040295977973267,0.0400410239630828,"UP",58044592,58046769,"+",58.91,2178,NA,"leucine zipper and EF-hand containing transmembrane protein 1 pseudogene 2"
"ADAMTS10","19",1224.2978687851,1.16049616833065,0.349020848054348,3.32500529638831,0.000884168553856613,0.0179776203607291,"UP",8580240,8610735,"-",54.58,4251,3312,"ADAM metallopeptidase with thrombospondin type 1 motif 10"
"ENSG00000267980","19",35.6944089522795,1.15130486944857,0.361397785021428,3.18569984976612,0.00144404328523673,0.022698563975204,"UP",4363789,4364640,"+",59.15,746,NA,"novel transcript, antisense to SH3GL1"
"ENSG00000288830","19",58.8773853707556,1.1488187725993,0.397513321188626,2.89001326839603,0.00385225566656671,0.0390662641247067,"UP",58042116,58055639,"-",54.75,1077,NA,"novel transcript, antisense to ZSCAN1"
"TMEM91","19",180.546856989163,1.14501913491162,0.353035275517925,3.2433561581964,0.00118130441948731,0.0206481950448509,"UP",41350911,41384083,"+",52.68,1843,399,"transmembrane protein 91"
"RASIP1","19",448.438533721588,1.13803117945767,0.244468311201778,4.65512758632497,3.23780146174146e-06,0.00093922389999178,"UP",48720585,48740610,"-",53.6,3199,2892,"Ras interacting protein 1"
"ZNF865","19",1182.01998379844,1.13713279488729,0.187510736687621,6.06436097993507,1.32479310467105e-09,1.6020723014787e-05,"UP",55605647,55617269,"+",57.91,3763,3180,"zinc finger protein 865"
"DOT1L","19",1411.71691488163,1.13532974106853,0.340313416166527,3.33612983542492,0.000849534784299534,0.0176216537676403,"UP",2163933,2232578,"+",59.52,5469,5217,"DOT1 like histone lysine methyltransferase"
"KANK2","19",2626.11630210397,1.12501884754543,0.287714035834562,3.91019800018489,9.22204955147833e-05,0.0058388610065983,"UP",11164270,11197791,"-",52.98,5183,2556,"KN motif and ankyrin repeat domains 2"
"NOTCH3","19",3500.53361204316,1.10877336094934,0.312193845472718,3.55155419310222,0.000382963119020738,0.012270685957774,"UP",15159038,15200995,"-",54.88,8680,6966,"notch receptor 3"
"BICRA","19",1515.90897822295,1.08675896377229,0.233264070626957,4.65892137117966,3.17870581413528e-06,0.00093922389999178,"UP",47608196,47703277,"+",51.9,5739,4683,"BRD4 interacting chromatin remodeling complex associated protein"
"GRIN2D","19",502.246035159826,1.07929667919455,0.314327436052194,3.4336699740564,0.000595468726531207,0.0148261492395476,"UP",48393668,48444931,"+",52.92,5511,4011,"glutamate ionotropic receptor NMDA type subunit 2D"
"SPACA6","19",439.084259018225,1.07553725601169,0.360672751031783,2.98203081029793,0.00286343180323091,0.0328058946326315,"UP",51688346,51712387,"+",54.03,969,720,"sperm acrosome associated 6"
"NR2F6","19",1138.80713461083,1.07040037295097,0.228443611840462,4.68562182294029,2.79111219915948e-06,0.00093922389999178,"UP",17231883,17245919,"-",58.96,2383,1215,"nuclear receptor subfamily 2 group F member 6"
"KCNJ14","19",93.142125110634,1.06813361405891,0.388179162855281,2.75165108348983,0.00592956609063434,0.0497554902625792,"UP",48455574,48466980,"+",52.28,3854,1311,"potassium inwardly rectifying channel subfamily J member 14"
"DMPK","19",1314.49950335162,1.06719216869149,0.357057674341423,2.98885094868743,0.00280028700946732,0.0324355962415013,"UP",45769709,45782552,"-",59.05,3243,NA,"DM1 protein kinase"
"C2CD4C","19",443.431976857189,1.06703785233755,0.282011309673445,3.78367042645606,0.000154532423098437,0.0074452613248183,"UP",405445,409147,"-",68.43,3099,1266,"C2 calcium dependent domain containing 4C"
"ARID3A","19",354.312364568996,1.05328949986803,0.309397771508848,3.4043215461166,0.000663286241348569,0.0155297589866955,"UP",925781,975939,"+",58.94,377,NA,"AT-rich interaction domain 3A"
"ABCA7","19",1140.80565994867,1.05157071243313,0.31215465500216,3.3687490978658,0.000755101312291431,0.0167089481601835,"UP",1039997,1065572,"+",60.53,6883,NA,"ATP binding cassette subfamily A member 7"
"WIZ","19",3273.33896659369,1.05133022509065,0.247973949675859,4.23968012150027,2.2383852432622e-05,0.00299102682284749,"UP",15419978,15449956,"-",58.15,6356,3201,"WIZ zinc finger"
"CLASRP","19",2361.23282581896,1.04574778807073,0.318585667208327,3.2824696642329,0.00102902056918725,0.0192779949545801,"UP",45039045,45070956,"+",54.01,2229,2025,"CLK4 associating serine/arginine rich protein"
"SYDE1","19",536.897319187265,1.04088881859096,0.267072137739892,3.89740699797261,9.72281417540866e-05,0.00601060469448186,"UP",15107401,15114985,"+",60.26,3252,2208,"synapse defective Rho GTPase homolog 1"
"KMT5C","19",358.76276888863,1.040520972489,0.329562913147504,3.15727568539635,0.00159250708337793,0.0240117042076784,"UP",55339853,55348121,"+",64.87,1601,NA,"lysine methyltransferase 5C"
"ENSG00000268049","19",101.04725105771,1.03336030131738,0.362516895205484,2.85051625175053,0.0043648319722609,0.042036119307476,"UP",58357999,58359603,"+",61.68,1154,NA,"novel transcript, antisense to ZNF497"
"ZBTB32","19",126.956173805204,1.03193857654856,0.341378825075316,3.02285467272578,0.00250402463166762,0.0309307148833059,"UP",35704558,35717038,"+",52.47,2037,1464,"zinc finger and BTB domain containing 32"
"LRP3","19",4096.22016317727,1.01436774680306,0.301225529752307,3.36746937630805,0.000758614512059268,0.0167291122373695,"UP",33177603,33208864,"+",54.7,575,275,"LDL receptor related protein 3"
"SPPL2B","19",1438.73675893777,1.0075589764829,0.295658032537908,3.40785253772435,0.000654762684660641,0.015420482897443,"UP",2328615,2355095,"+",61.04,583,NA,"signal peptide peptidase like 2B"
"ZNF358","19",2048.44801360233,1.00639634871935,0.29645254319073,3.39479748727222,0.000686793810933115,0.0158499953351415,"UP",7515292,7521025,"+",60.97,662,509,"zinc finger protein 358"
"FIZ1","19",588.05374918306,1.0042095401506,0.282972625811836,3.54878687388777,0.000387010181399794,0.0123006442794356,"UP",55591376,55601970,"-",57.1,2645,1491,"FLT3 interacting zinc finger 1"
"CIC","19",10816.654545384,0.974826975444689,0.272712293972227,3.57456189908316,0.000350814813400906,0.011578666076652,"UP",42268537,42295797,"+",61.52,8218,7545,"capicua transcriptional repressor"
"REXO1","19",3393.32137939074,0.971540441395258,0.285012252768653,3.40876727915226,0.000652571237270185,0.0154202443779521,"UP",1815248,1848483,"-",60.94,4609,3666,"RNA exonuclease 1 homolog"
"MLLT1","19",5200.54086217834,0.958354772012443,0.249556627965161,3.84022968985714,0.000122919250462501,0.00670630104012512,"UP",6210381,6279975,"-",55.58,4532,1680,"MLLT1 super elongation complex subunit"
"BCAM","19",1327.59037442783,0.953255424701222,0.329549710790378,2.89259979143958,0.00382067788455254,0.0388101282300663,"UP",44809071,44821421,"+",58.92,3414,1767,"basal cell adhesion molecule (Lutheran blood group)"
"DOCK6","19",1335.53692173339,0.949938499235567,0.267639725397027,3.54931801632359,0.00038623032666916,0.0123006442794356,"UP",11199295,11262524,"-",53.79,1249,NA,"dedicator of cytokinesis 6"
"FEM1A","19",425.354342472911,0.942571584225555,0.253054166865922,3.72478191487346,0.000195484145003263,0.00848213694411366,"UP",4791734,4801273,"+",55.13,9540,2010,"fem-1 homolog A"
"ARHGAP33","19",2178.70402100665,0.942399664416551,0.224509993184223,4.1975844863318,2.69777026665799e-05,0.00334606521381488,"UP",35774532,35788822,"+",60.93,635,NA,"Rho GTPase activating protein 33"
"TPGS1","19",534.468234488944,0.937040155288678,0.203156259687043,4.61241094284846,3.98025096809415e-06,0.0010578719770805,"UP",507497,519654,"+",61.72,1114,873,"tubulin polyglutamylase complex subunit 1"
"ZSWIM9","19",747.027279763602,0.933088448121353,0.2308255695247,4.04239638633928,5.2907694014917e-05,0.0042796839044976,"UP",48170680,48197620,"+",50.04,3600,2763,"zinc finger SWIM-type containing 9"
"TCF3","19",1301.2852846377,0.929257054106201,0.219715583474719,4.22936343162534,2.34353491899951e-05,0.00308047475820229,"UP",1609291,1652615,"-",59.56,996,156,"transcription factor 3"
"NPAS1","19",436.81345037397,0.922716875528047,0.28910948356449,3.19158287079235,0.00141495514048977,0.0224407246084495,"UP",47019837,47045775,"+",55.35,2100,1773,"neuronal PAS domain protein 1"
"PIP5K1C","19",10860.5073715102,0.922391139312849,0.299602104863715,3.07872049074032,0.00207891628032111,0.0277163307738373,"UP",3630183,3700468,"-",60.55,5069,2085,"phosphatidylinositol-4-phosphate 5-kinase type 1 gamma"
"PPP1R12C","19",7050.55414133644,0.918581266092665,0.198605883603531,4.62514629187115,3.74334100516707e-06,0.00101726343315697,"UP",55090914,55117637,"-",57.68,1262,704,"protein phosphatase 1 regulatory subunit 12C"
"ARHGEF1","19",2389.95776166455,0.914733862713493,0.288215692496697,3.17378229752003,0.00150466501984364,0.0232684323337201,"UP",41883173,41930150,"+",58.24,2272,NA,"Rho guanine nucleotide exchange factor 1"
"MADCAM1","19",156.973387942526,0.907489455463887,0.321714302867942,2.8207930060119,0.00479051028391999,0.0443241322597126,"UP",489176,505343,"+",60.88,1723,492,"mucosal vascular addressin cell adhesion molecule 1"
"ZNF444","19",1286.76441165189,0.905865044784566,0.216249995360565,4.18897139523249,2.80221715479955e-05,0.00343110542723915,"UP",56132599,56160893,"+",54.02,646,270,"zinc finger protein 444"
"ZNF566-AS1","19",80.2489976908735,0.904927863649848,0.327865357630308,2.76005940423331,0.00577908520492764,0.0490146920686395,"UP",36489621,36491040,"+",57.61,1420,NA,"ZNF566 antisense RNA 1"
"ZNF628","19",252.792350134137,0.890237522991974,0.245811388087458,3.62162847668894,0.000292754353283998,0.0106314666494396,"UP",55476617,55484487,"+",62.42,3562,3180,"zinc finger protein 628"
"CACNA1A","19",7076.51028902584,0.870793655856991,0.315144526593369,2.76315652780026,0.00572453065621619,0.0488027840857401,"UP",13206442,13624489,"-",47.45,8606,555,"calcium voltage-gated channel subunit alpha1 A"
"TRPM4","19",483.700975720428,0.867103228139007,0.270192618037756,3.20920399097595,0.00133103021669013,0.0217155022007341,"UP",49157741,49211836,"+",50.3,594,468,"transient receptor potential cation channel subfamily M member 4"
"ZBTB7A","19",8294.44279100653,0.865613487856642,0.193321348556518,4.47758871081729,7.54908614677644e-06,0.00156053160295671,"UP",4043303,4066899,"-",61.71,6437,1755,"zinc finger and BTB domain containing 7A"
"ZNF787","19",786.22486926355,0.864834807284923,0.215634031027455,4.01066011317485,6.054922259766e-05,0.00459087480163869,"UP",56087366,56121295,"-",58.61,1940,1149,"zinc finger protein 787"
"APC2","19",19977.8112256015,0.856694637833967,0.207810087917202,4.12248821229169,3.74801795997369e-05,0.00371803626852041,"UP",1446302,1473244,"+",63.5,568,510,"APC regulator of WNT signaling pathway 2"
"POU2F2","19",437.23771145527,0.85480388679091,0.285148057505484,2.99775454993051,0.0027197662226317,0.0319787388724211,"UP",42086110,42196585,"-",51.31,7057,1875,"POU class 2 homeobox 2"
"MZF1","19",1387.91368850418,0.854330730524095,0.245838312985269,3.4751732557459,0.000510523507257623,0.0139362545671928,"UP",58561931,58573575,"-",55.33,2683,NA,"myeloid zinc finger 1"
"SNRNP70","19",9362.44174979408,0.851638667427365,0.293377703843407,2.9028745411476,0.00369754729184959,0.0379074099645699,"UP",49085419,49108605,"+",53.38,1757,501,"small nuclear ribonucleoprotein U1 subunit 70"
"MEX3D","19",962.694934093926,0.84349229494935,0.254862073878638,3.30960304180453,0.000934283697883383,0.0184542157071422,"UP",1554672,1568325,"-",61.04,3114,1956,"mex-3 RNA binding family member D"
"PROSER3","19",673.822711030934,0.837968120543964,0.251010109735247,3.33838394568176,0.000842672230638835,0.0176064956000032,"UP",35758143,35771398,"+",53.67,579,259,"proline and serine rich 3"
"SAMD1","19",3886.11665048016,0.821321898699261,0.229735099090568,3.57508235333023,0.000350117671188775,0.011578666076652,"UP",14087851,14091036,"-",64.5,2196,1299,"sterile alpha motif domain containing 1"
"CSNK1G2","19",2626.40551582016,0.817850557990237,0.237591873217917,3.44224971550316,0.000576897434617766,0.0146497851720054,"UP",1941172,1981338,"+",61.02,2895,1248,"casein kinase 1 gamma 2"
"HCN2","19",7213.79341139003,0.815783137991444,0.213283656959206,3.82487411188508,0.000130838925417738,0.00686436062940004,"UP",589881,617159,"+",63.15,3420,2670,"hyperpolarization activated cyclic nucleotide gated potassium and sodium channel 2"
"TPM3P9","19",423.054353035589,0.811281196308564,0.280737210460865,2.88982424159856,0.00385457268741552,0.0390723784651433,"UP",53441863,53442607,"+",49.66,745,NA,"tropomyosin 3 pseudogene 9"
"SHC2","19",2116.4757014106,0.798054545846894,0.242125244587829,3.29604022581547,0.000980579737840346,0.0189114405632671,"UP",416589,461033,"-",58.72,2525,1749,"SHC adaptor protein 2"
"TTC9B","19",1589.83200316543,0.781120902239921,0.277851370137967,2.81129044586699,0.00493432211986439,0.0447978659125526,"UP",40216058,40218384,"-",63.9,828,720,"tetratricopeptide repeat domain 9B"
"RDH13","19",631.132538434314,0.775294042054179,0.247045802081648,3.138260336834,0.00169953855096404,0.0247471639937486,"UP",55039108,55071291,"-",52.13,2811,NA,"retinol dehydrogenase 13"
"KMT2B","19",3468.1701805789,0.773374079907048,0.213616103306473,3.62039222669226,0.000294156759259246,0.0106663798792266,"UP",35717973,35738880,"+",59.82,8451,8082,"lysine methyltransferase 2B"
"CCDC61","19",642.221151550666,0.770082899888026,0.208782108988819,3.68845253847525,0.000225622101206495,0.0092333268016587,"UP",45995461,46021318,"+",52.56,1282,999,"coiled-coil domain containing 61"
"PRR12","19",5420.54214640998,0.767133174297875,0.186627201439266,4.11051105295346,3.94784381337148e-05,0.00372978712774229,"UP",49591182,49626439,"+",55.73,7416,6111,"proline rich 12"
"PALM","19",12867.1673265382,0.76491999954295,0.246077097748192,3.10845668509015,0.00188067211219487,0.0261563747587954,"UP",708935,748329,"+",59.66,2755,1032,"paralemmin"
"ANO8","19",2375.54642305691,0.762038513343825,0.206124264117379,3.6969859740039,0.000218174391583515,0.00903555793636797,"UP",17323223,17334855,"-",62.68,4618,1746,"anoctamin 8"
"TLE2","19",949.521965183937,0.756752627105666,0.255074039308438,2.96679595131434,0.00300920595076044,0.0336635777636873,"UP",2997639,3047635,"-",54.68,2406,2121,"TLE family member 2, transcriptional corepressor"
"PHLDB3","19",522.498644949037,0.719391092867482,0.223294802819479,3.22170997167842,0.00127428053928601,0.0212878044906824,"UP",43474341,43504935,"-",50.68,3188,1221,"pleckstrin homology like domain family B member 3"
"ABHD17A","19",2040.7867060861,0.705310705407484,0.21666414000316,3.25531814077399,0.00113265409598291,0.0202172486829835,"UP",1876810,1885496,"-",65.1,1781,933,"abhydrolase domain containing 17A, depalmitoylase"
"GNG7","19",4382.15298577146,0.704920272912947,0.228731168826528,3.08187238551457,0.00205703003976689,0.0275478009644529,"UP",2511219,2702694,"-",52.24,4193,207,"G protein subunit gamma 7"
"ZNF446","19",357.581575844725,0.697853313520888,0.222471909739092,3.13681540442255,0.00170793622945302,0.0247799314010502,"UP",58474017,58481230,"+",59.14,3922,1200,"zinc finger protein 446"
"STK11","19",3123.15664138868,0.68758420160185,0.21025197274918,3.27028656431255,0.00107438585097612,0.0196886944321851,"UP",1177558,1228431,"+",57.49,2466,930,"serine/threonine kinase 11"
"LMTK3","19",8868.73376613086,0.683202216287604,0.224966720442295,3.03690348040989,0.0023902197842682,0.0301092998449534,"UP",48485271,48513935,"-",58.49,2222,1953,"lemur tyrosine kinase 3"
"ZSWIM4","19",269.978974223393,0.650600802163092,0.19679332733369,3.30601047798694,0.000946345487766661,0.0185598227454627,"UP",13795443,13832254,"+",53.49,4731,3321,"zinc finger SWIM-type containing 4"
"LIG1","19",1265.93803798571,0.643547547027453,0.230756270479685,2.7888626631453,0.00528934896927048,0.0465193433348276,"UP",48115445,48170603,"-",51.48,3125,2760,"DNA ligase 1"
"OLFM2","19",3514.92918119358,0.627775900478562,0.22813215195205,2.75180808626446,0.0059267242149741,0.0497548600705878,"UP",9853718,9936515,"-",50.51,2124,1437,"olfactomedin 2"
"ZNF653","19",577.292488856275,0.62092125812395,0.192464326457348,3.22616284042411,0.00125461953369602,0.0212002745303878,"UP",11483427,11505839,"-",55.65,674,652,"zinc finger protein 653"
"LRRC4B","19",8044.70687689958,0.61566891294862,0.17971504909381,3.42580610835349,0.000612977786313222,0.0150708618506555,"UP",50516892,50568435,"-",55.28,3019,2142,"leucine rich repeat containing 4B"
"CAMSAP3","19",1703.18218516313,0.611595587695076,0.1953512303478,3.13074858349343,0.00174361362797378,0.0249828431316196,"UP",7595863,7618304,"+",58.7,4137,3750,"calmodulin regulated spectrin associated protein family member 3"
"ZNF324B","19",361.192817806162,0.605633786952656,0.200760321615854,3.01670062130857,0.00255542055473244,0.0311787799692427,"UP",58451611,58457833,"+",58.99,2368,1635,"zinc finger protein 324B"
"KCTD15","19",1351.5074555012,0.605259009975005,0.198230913862203,3.05330282841626,0.00226337405820777,0.029149841243763,"UP",33795933,33815763,"+",56,632,338,"potassium channel tetramerization domain containing 15"
"NACC1","19",4906.5563819798,0.603151311875722,0.205270533178823,2.93832389157523,0.00329992076998947,0.0355826499076974,"UP",13116862,13141147,"+",55.36,4524,1584,"nucleus accumbens associated 1"
"BTBD2","19",5045.77678867941,0.592721287300149,0.207646520007972,2.85447252993883,0.00431083596049269,0.0416714142847627,"UP",1985438,2034881,"-",55.3,2763,NA,"BTB domain containing 2"
"FAM98C","19",732.463376939195,0.580587872318416,0.151732001571719,3.82640356882125,0.000130029052782666,0.00685159623224739,"UP",38403093,38409088,"+",54.97,826,561,"family with sequence similarity 98 member C"
"RFX1","19",878.353701716447,0.569110292097668,0.192889830341926,2.95044218292295,0.00317319428387842,0.0347270936424812,"UP",13961530,14007039,"-",56.3,4375,2940,"regulatory factor X1"
"SPTBN4","19",10656.9917160328,0.566424644408877,0.183770260040574,3.08224325461486,0.00205446873279556,0.0275447394582679,"UP",40466241,40576464,"+",51.05,6105,6009,"spectrin beta, non-erythrocytic 4"
"GNA11","19",3647.114271068,0.559331476818073,0.182860640486983,3.05878550642991,0.00222236204352113,0.028820401278607,"UP",3094362,3123999,"+",61.68,4190,1080,"G protein subunit alpha 11"
"CC2D1A","19",2768.19645563816,0.554942722123692,0.186489789724342,2.97572710518883,0.0029229483644357,0.0331013614534644,"UP",13906201,13930879,"+",53.88,3581,2856,"coiled-coil and C2 domain containing 1A"
"CACTIN","19",1638.51167719066,0.553652460905293,0.152224630333518,3.6370754173767,0.000275751211630218,0.0103400291542457,"UP",3610645,3626815,"-",61.59,699,354,"cactin, spliceosome C complex subunit"
"SIRT6","19",284.170983449475,0.552435538820636,0.198283554781705,2.78608853582852,0.00533482985781024,0.0467662903011955,"UP",4174109,4182566,"-",57.86,1372,132,"sirtuin 6"
"C19orf25","19",1240.21309672701,0.538334757424405,0.192274483444616,2.79982422930013,0.00511304395462442,0.0456827961134146,"UP",1461143,1479219,"-",62.64,853,216,"chromosome 19 open reading frame 25"
"LMNB2","19",2318.55181741105,0.530290784995673,0.135183481155389,3.92274840434181,8.75445577863163e-05,0.00569180826510711,"UP",2427638,2456959,"-",59.73,769,NA,"lamin B2"
"DACT3","19",3599.96434667205,0.492523586572856,0.164518859447364,2.99372113463035,0.00275597712370286,0.0321388923403459,"UP",46647551,46661182,"-",54.78,2939,1890,"dishevelled binding antagonist of beta catenin 3"
"PKN1","19",4331.89033792296,0.468136890170351,0.128659146277093,3.63858228284933,0.000274143040869247,0.0103277625957377,"UP",14433053,14471867,"+",53.14,582,44,"protein kinase N1"
"EVI5L","19",6310.3666909192,0.46763291672874,0.164845350650456,2.83679773122825,0.00455684701830856,0.0429843611485222,"UP",7830218,7864976,"+",58.04,3903,2418,"ecotropic viral integration site 5 like"
"SCAF1","19",7741.54957929328,0.44874159650368,0.142145906087208,3.15690834056361,0.00159451459250682,0.0240130323377147,"UP",49642209,49658642,"+",58.14,4222,3939,"SR-related CTD associated factor 1"
"MED25","19",1951.00281862148,0.308569154790678,0.104522200798599,2.95218769250039,0.00315531073007002,0.0345996121225828,"UP",49818282,49840383,"+",55.17,506,NA,"mediator complex subunit 25"
"ZNF264","19",2634.33685638833,-0.378048506188413,0.114919949705158,-3.28966821825404,0.00100305579672364,0.0190476255064071,"DOWN",57191500,57222846,"+",44.47,12163,1884,"zinc finger protein 264"
"ZNF611","19",1122.12764732501,-0.396684596433862,0.126607474922671,-3.13318464550491,0.00172920623503754,0.0248500190140332,"DOWN",52702813,52735073,"-",46.11,4796,195,"zinc finger protein 611"
"ZNF283","19",786.673964080429,-0.401719785244444,0.135503220034498,-2.96465121007582,0.00303026280559116,0.0337927718558799,"DOWN",43827321,43852017,"+",38.84,5684,2040,"zinc finger protein 283"
"ZNF766","19",787.547940318093,-0.410421236326558,0.135880532984589,-3.0204564797601,0.00252393977047836,0.0310379286036679,"DOWN",52269587,52296046,"+",44.74,554,477,"zinc finger protein 766"
"ZNF507","19",2563.377286143,-0.413301189116336,0.139439928112738,-2.96400890842528,0.00303659495973354,0.0337980145863393,"DOWN",32345594,32387667,"+",39.82,7638,2862,"zinc finger protein 507"
"ZNF585B","19",1073.19877264579,-0.433677767942188,0.141670017860548,-3.06118241877457,0.00220464731543689,0.028679450107893,"DOWN",37181579,37218153,"-",42.21,6197,2310,"zinc finger protein 585B"
"HNRNPL","19",3215.72287444208,-0.469771890449891,0.148273458644889,-3.16828038371305,0.00153343554591747,0.0235471692789819,"DOWN",38836370,38852347,"-",53.74,2142,1770,"heterogeneous nuclear ribonucleoprotein L"
"ZNF256","19",390.569099042601,-0.48723808947564,0.173740785549458,-2.80439672201746,0.00504108349149525,0.0453584990049495,"DOWN",57940833,57947706,"-",48.6,2207,1884,"zinc finger protein 256"
"ZNF737","19",2001.2917635085,-0.492377599370361,0.139776082720616,-3.52261695839998,0.000427308452144598,0.0128962051563793,"DOWN",20535825,20565809,"-",39.46,417,160,"zinc finger protein 737"
"ZNF677","19",581.053925911237,-0.492519728756783,0.159379153140436,-3.09023933840834,0.00199995264413995,0.0272052050906461,"DOWN",53235381,53254898,"-",38.84,3512,1755,"zinc finger protein 677"
"ZNF791","19",1919.34966248033,-0.494811178977306,0.126812740307424,-3.90190431795548,9.54388847823343e-05,0.00594918780243695,"DOWN",12610918,12633840,"+",45.22,6412,210,"zinc finger protein 791"
"ZNF426","19",1069.93212405689,-0.511593832148394,0.151684200785929,-3.37275622311122,0.000744198091863908,0.0165433594207909,"DOWN",9523223,9538645,"-",43.51,7104,1665,"zinc finger protein 426"
"ZNF461","19",495.31677854712,-0.523119283463943,0.185842840163059,-2.81484765840297,0.00488003613608866,0.0447116817973444,"DOWN",36636618,36666853,"-",40.35,3955,1692,"zinc finger protein 461"
"ZNF121","19",1587.97908788466,-0.52333304629835,0.112512320182163,-4.65133991949548,3.29785218473829e-06,0.00093922389999178,"DOWN",9560329,9584504,"-",41.93,7177,1173,"zinc finger protein 121"
"ZNF561","19",713.348706441304,-0.541505749870791,0.149600319045414,-3.61968312184152,0.000294964007475015,0.0106796399472915,"DOWN",9604680,9621236,"-",44.45,912,132,"zinc finger protein 561"
"FBL","19",818.000654628452,-0.544702759269063,0.188843423216038,-2.88441477067443,0.00392141889963088,0.0395287813527493,"DOWN",39834458,39846379,"-",48.26,896,690,"fibrillarin"
"ZNF134","19",1194.96582697948,-0.546250327267982,0.146420579966478,-3.7306936456135,0.000190953307217178,0.00839708488791756,"DOWN",57614233,57624724,"+",46.32,559,NA,"zinc finger protein 134"
"ZNF675","19",917.270937158873,-0.560017491314371,0.200020705877086,-2.79979759524749,0.00511346581902052,0.0456827961134146,"DOWN",23525631,23687220,"-",41.44,1444,354,"zinc finger protein 675"
"ZNF253","19",949.536968160777,-0.564411079152997,0.188232536796384,-2.99847778051005,0.00271331940484134,0.0319339869223809,"DOWN",19865882,19894674,"+",38.27,3542,1500,"zinc finger protein 253"
"ZNF626","19",746.132225954349,-0.583489871814312,0.181491976091984,-3.21496236020146,0.00130461627539648,0.0214941752293865,"DOWN",20619939,20661596,"-",38.61,6063,1587,"zinc finger protein 626"
"ZNF486","19",218.027030628438,-0.591788710246287,0.175297149433201,-3.37591747589595,0.000735699826532371,0.0164442737107872,"DOWN",20167214,20200488,"+",40.91,3895,1392,"zinc finger protein 486"
"ZNF304","19",822.669404572664,-0.592236246158032,0.180020661264956,-3.28982374576646,0.00100250157087768,0.0190476255064071,"DOWN",57351271,57359898,"+",47.42,4423,1980,"zinc finger protein 304"
"ZNF540","19",803.152211742855,-0.592746223145674,0.1454730559539,-4.07461175032657,4.60911767494256e-05,0.00399555985971903,"DOWN",37551406,37614179,"+",39.55,3147,1983,"zinc finger protein 540"
"ZNF682","19",360.302669108638,-0.60383729487942,0.205417203302483,-2.93956535855594,0.00328672943212865,0.0355116997304623,"DOWN",19997058,20039505,"-",41.4,552,249,"zinc finger protein 682"
"ZNF91","19",9198.74798321436,-0.615995747762967,0.155265426376666,-3.96737227429237,7.26694347039779e-05,0.00515420219281645,"DOWN",23304991,23395471,"-",40.54,341,NA,"zinc finger protein 91"
"UBA52","19",4355.41660540044,-0.619348217891253,0.205655516331351,-3.01158086561297,0.00259891169598572,0.0313914541621659,"DOWN",18571730,18577550,"+",53.24,554,387,"ubiquitin A-52 residue ribosomal protein fusion product 1"
"ZNF566","19",577.700596404583,-0.624074153014052,0.206574487416762,-3.02106112336607,0.00251890505958101,0.0310379286036679,"DOWN",36445119,36489902,"-",40.96,1154,234,"zinc finger protein 566"
"ZNF415","19",1176.44176363187,-0.627290348981212,0.226447144975483,-2.7701402419939,0.00560321611329678,0.0481932378791593,"DOWN",53107879,53133077,"-",45.32,2581,180,"zinc finger protein 415"
"ZFP14","19",1341.25381079616,-0.638330747781676,0.16150425623705,-3.95240820678284,7.73686115941677e-05,0.00533722769377786,"DOWN",36334453,36379201,"-",42.69,7491,1602,"ZFP14 zinc finger protein"
"ZNF529","19",1150.56292408476,-0.650438981902266,0.155756269457415,-4.17600514039084,2.96673117440553e-05,0.00350016391142303,"DOWN",36534774,36605276,"-",40.96,395,338,"zinc finger protein 529"
"ZNF615","19",1005.14527188618,-0.652883960642745,0.132081002915698,-4.94305726206105,7.69068825967105e-07,0.000476940990380523,"DOWN",51991332,52008230,"-",39.06,4094,2196,"zinc finger protein 615"
"ZIK1","19",304.630661531001,-0.656972172015723,0.204249027525626,-3.2165253366178,0.00129753076017562,0.0214358462879833,"DOWN",57578456,57593890,"+",47.31,572,NA,"zinc finger protein interacting with K protein 1"
"ZNF420","19",574.835932585902,-0.658607519192866,0.20727344631129,-3.1774813943304,0.00148560221625988,0.0230769269123066,"DOWN",37007857,37130368,"+",41.83,541,238,"zinc finger protein 420"
"ZNF302","19",1850.96452613662,-0.692237894138843,0.176749795055778,-3.91648484752352,8.9849460258364e-05,0.00580123304020557,"DOWN",34677639,34686397,"+",39.83,568,NA,"zinc finger protein 302"
"SNRPD2","19",1151.57745669093,-0.697280068160449,0.207105428418794,-3.36678798563627,0.00076049130959437,0.0167363446895809,"DOWN",45687460,45692569,"-",52.25,515,357,"small nuclear ribonucleoprotein D2 polypeptide"
"ZNF708","19",2431.19112779725,-0.704387409375506,0.246140375049244,-2.86173046268652,0.00421335056060047,0.0412016769565622,"DOWN",21284033,21329425,"-",38.67,10930,1500,"zinc finger protein 708"
"NDUFA3","19",908.434184726498,-0.707081945206465,0.20298521719044,-3.48341596000601,0.000495058523472966,0.0137943380745589,"DOWN",54102728,54109257,"+",54.99,666,198,"NADH:ubiquinone oxidoreductase subunit A3"
"ZNF43","19",980.594268634756,-0.707393197693451,0.170414368219361,-4.15101851495807,3.30998985136903e-05,0.00361355354089549,"DOWN",21804946,21852125,"-",41.77,5584,2412,"zinc finger protein 43"
"TMEM147","19",711.655110979894,-0.731065624413005,0.253622936862286,-2.88249017796827,0.00394545436188004,0.0395287813527493,"DOWN",35545600,35547526,"+",58.54,669,96,"transmembrane protein 147"
"ZNF826P","19",309.524327485141,-0.732067520920972,0.225115012592582,-3.25197112573689,0.00114607663910617,0.0203228336951893,"DOWN",20397334,20409959,"-",36.13,1910,NA,"zinc finger protein 826, pseudogene"
"ZNF260","19",1183.92302552011,-0.735066681262798,0.220276143748954,-3.33702355939435,0.000846807697524081,0.0176064956000032,"DOWN",36510687,36528271,"-",39.78,5285,1239,"zinc finger protein 260"
"ZNF254","19",1617.23247739881,-0.746277754316946,0.133950379340755,-5.57130004401479,2.52845443937655e-08,6.79479989675124e-05,"DOWN",24033405,24129968,"+",41.42,792,162,"zinc finger protein 254"
"UBL5","19",1229.03963099013,-0.75565950432225,0.264182798283695,-2.86036603908926,0.00423152285235878,0.0412142123497323,"DOWN",9827892,9830115,"+",52.38,407,222,"ubiquitin like 5"
"ZNF28","19",585.815668377799,-0.760624737293146,0.231182275892892,-3.29015161026249,0.00100133414685469,0.0190476255064071,"DOWN",52797408,52857600,"-",45.1,4558,2157,"zinc finger protein 28"
"ZNF569","19",578.531693537657,-0.762350274675886,0.227845345209413,-3.34591112219216,0.000820126789655971,0.0173395232519596,"DOWN",37411155,37469275,"-",39.27,3689,2061,"zinc finger protein 569"
"ZNF441","19",754.275265942581,-0.796548619826644,0.244824034761973,-3.2535556429379,0.00113970402433673,0.0202759764603564,"DOWN",11767000,11784078,"+",41.78,560,NA,"zinc finger protein 441"
"RPS11","19",8217.55831473866,-0.801400374518787,0.266756848172361,-3.00423543016588,0.00266249210558986,0.0316593087835774,"DOWN",49496365,49499708,"+",53.08,944,NA,"ribosomal protein S11"
"ZNF100","19",666.11114419009,-0.830634572804735,0.277331100185285,-2.99510070183181,0.00274354248512009,0.0320774389323276,"DOWN",21722771,21767579,"-",38.53,5691,1629,"zinc finger protein 100"
"ZNF627","19",514.168680106619,-0.834305404178508,0.248503094655415,-3.35732400168051,0.000787008296871082,0.0169951630965393,"DOWN",11559374,11619161,"+",48.22,588,NA,"zinc finger protein 627"
"POLR2I","19",728.416173295316,-0.861543920105174,0.281384332799622,-3.06180486856989,0.00220006822633453,0.028679450107893,"DOWN",36113709,36115213,"-",60.73,443,378,"RNA polymerase II subunit I"
"AP2S1","19",1030.70454457351,-0.869695808586137,0.289934184281064,-2.99963183279916,0.00270306118847129,0.0318597650606075,"DOWN",46838136,46850846,"-",52.84,793,471,"adaptor related protein complex 2 subunit sigma 1"
"ZNF714","19",1000.36625279108,-0.919364374328134,0.278458550889372,-3.30162019227553,0.000961281396747376,0.0187203832580663,"DOWN",21082159,21125270,"+",38.78,577,86,"zinc finger protein 714"
"ZNF724","19",91.985056627525,-0.968002413299736,0.336695061728081,-2.87501220936085,0.00404011874871481,0.0401126075765256,"DOWN",23221599,23250394,"-",40.39,2798,1860,"zinc finger protein 724"
"TYROBP","19",632.177224274991,-1.06202728833838,0.30758379181521,-3.45280641112724,0.000554786994217127,0.0144489773877036,"DOWN",35904401,35908295,"-",51.45,541,306,"transmembrane immune signaling adaptor TYROBP"
"ZNF676","19",266.030681764964,-1.21837104529132,0.395671005071793,-3.07925278747745,0.00207520517227788,0.0277144739352362,"DOWN",22179089,22215801,"-",38.49,2946,1767,"zinc finger protein 676"
"ZNF730","19",72.3025032056402,-1.3627004513075,0.472654512080055,-2.88307932428389,0.00393808258068488,0.0395287813527493,"DOWN",23075210,23147221,"+",41.52,464,138,"zinc finger protein 730"
"ZNF728","19",230.379707341332,-1.51251581160509,0.396168692075235,-3.8178580030697,0.000134615363724223,0.00689474145059678,"DOWN",22974883,23003176,"-",37.95,2600,1869,"zinc finger protein 728"
"ENSG00000269374","19",37.5109714283855,-1.7286087015745,0.408564263695777,-4.2309346537994,2.32722278644096e-05,0.0030757491974241,"DOWN",42485076,42485714,"-",44.91,639,NA,"zinc finger, AN1-type domain 5 (ZFAND5) pseudogene"
"CYP4F3","19",223.283530235453,-1.90591511723821,0.485115444752369,-3.92878672047042,8.53755159280792e-05,0.00562228028136456,"DOWN",15640897,15662825,"+",45.74,2078,NA,"cytochrome P450 family 4 subfamily F member 3"
"HCST","19",21.0445434753396,-1.92690458970619,0.568200218363047,-3.39124225481203,0.000695765715599611,0.015965624726917,"DOWN",35902529,35904377,"+",58.73,564,282,"hematopoietic cell signal transducer"
"KCNQ2-AS1","20",79.6472516931104,3.05379044513807,0.78984414269729,3.86632030302774,0.000110489806744709,0.00643929268898202,"UP",63448051,63449329,"+",59.58,789,NA,"KCNQ2 antisense RNA 1"
"ENSG00000167046","20",32.5087077492749,2.7020049152061,0.71566003300349,3.77554256294892,0.000159659757763262,0.00757162921816127,"UP",62640719,62643304,"-",65.12,1933,NA,"novel transcript, antisense to SLCO4A1"
"BPIFB5P","20",25.0450249955773,2.32253239385544,0.825656194067223,2.81295339457763,0.00490887653529849,0.0447497767630093,"UP",33316869,33329969,"+",51.93,1099,NA,"BPI fold containing family B member 5, pseudogene"
"SLCO4A1-AS1","20",44.8360361417586,2.21988090951013,0.736904309378378,3.01244121015214,0.0025915562823873,0.0313914541621659,"UP",62663019,62666724,"-",60.96,673,NA,"SLCO4A1 antisense RNA 1"
"CRMA","20",49.4727590516466,2.14840973268554,0.754796509540336,2.84634296201754,0.00442245360729412,0.0423777586949348,"UP",62540159,62551535,"-",61.7,2302,NA,"cardiomyocyte maturation associated lncRNA"
"ENSG00000280936","20",82.3321925885092,2.11095773444526,0.555865426454254,3.79760574049479,0.000146100458842607,0.00713855696478241,"UP",63422269,63424555,"+",64.63,519,NA,"novel transcript, antisense to KCNQ2"
"LIME1","20",167.063102533834,1.9218236192307,0.466864856249045,4.11644524856999,3.84760678043272e-05,0.00371803626852041,"UP",63736283,63739103,"+",68.95,451,320,"Lck interacting transmembrane adaptor 1"
"UCKL1-AS1","20",218.362480733638,1.83332388442425,0.503549627263906,3.64080079730339,0.000271791367864985,0.0103195384979317,"UP",63953384,63956985,"+",61.88,3602,NA,"UCKL1 antisense RNA 1"
"LAMA5","20",4054.894055817,1.71388678462089,0.440227379090431,3.89318535380969,9.89365002518225e-05,0.00605791948124197,"UP",62307955,62367312,"-",61.89,894,NA,"laminin subunit alpha 5"
"ADAM33","20",423.531440194122,1.68817381235744,0.417890485734575,4.03975172918794,5.35078114362372e-05,0.00428523154767163,"UP",3667965,3682246,"-",61.2,3001,NA,"ADAM metallopeptidase domain 33"
"SNORA51","20",20.5821176229473,1.67581610058673,0.538778608330934,3.11039836154258,0.0018683518248987,0.0260299292839862,"UP",2655067,2655198,"+",50.76,132,NA,"small nucleolar RNA, H/ACA box 51"
"RTEL1-TNFRSF6B","20",232.019743573334,1.55983473581287,0.418080077507072,3.7309472986942,0.00019076112945802,0.00839708488791756,"UP",63659300,63698684,"+",59.83,4824,2358,"RTEL1-TNFRSF6B readthrough (NMD candidate)"
"ENSG00000233293","20",25.3913572330236,1.49113376078574,0.489451809918924,3.0465384549967,0.0023149286576993,0.0295611745063967,"UP",32561025,32574297,"+",55.38,877,NA,"novel transcript, antisense to NOL4L"
"ENSG00000235088","20",27.8262211315649,1.47746471657931,0.460400792647722,3.20908378129096,0.00133158684587604,0.0217155022007341,"UP",41459354,41461944,"-",47.74,323,NA,"lymphocyte antigen 6 complex, locus H (LY6H) pseudogene"
"TCF15","20",47.2142729094561,1.4262665057044,0.480502752137981,2.96827957666898,0.00299471806104591,0.0335791613465259,"UP",604257,610309,"-",56.75,1006,600,"transcription factor 15"
"RIPOR3","20",404.079863001629,1.40446162860321,0.415415063782234,3.3808635050833,0.0007225842777282,0.0162571379917528,"UP",50586108,50691542,"-",51.6,4391,2853,"RIPOR family member 3"
"ENSG00000277301","20",50.732052052471,1.36527596663029,0.480547651202321,2.84108342474341,0.00449605491428641,0.0427275379791477,"UP",32509959,32520285,"+",53.33,1771,NA,"novel transcript, antisense to NOL4L"
"CCM2L","20",159.210543874258,1.35427390001228,0.380577779584299,3.55846813098638,0.000373024040791522,0.0120775896259488,"UP",32010438,32032180,"+",50.16,2599,1716,"CCM2 like scaffold protein"
"LPIN3","20",323.41354931939,1.34506290377697,0.459601778041618,2.92658333374674,0.00342707678591375,0.036374950215334,"UP",41340821,41360582,"+",55.15,4462,2556,"lipin 3"
"TGM2","20",6107.17892713028,1.30471986220011,0.436917523687028,2.98619256831344,0.00282474703530619,0.0325485144334995,"UP",38127385,38166578,"-",52.67,4970,2064,"transglutaminase 2"
"SNORA71B","20",95.8664107548832,1.24376547973373,0.439749429039765,2.82835041412018,0.00467885613376936,0.0436753432849656,"UP",38425083,38425354,"-",51.84,272,NA,"small nucleolar RNA, H/ACA box 71B"
"ENSG00000267882","20",149.326351421244,1.19661186065554,0.407118979640414,2.9392190501962,0.00329040432878384,0.0355116997304623,"UP",47318502,47320754,"+",51.93,2253,NA,"novel transcript, antisense to ZMYND8"
"SPATA25","20",87.7555382393418,1.18694666601621,0.365697446208375,3.2457067401556,0.00117159460771692,0.0206231347760127,"UP",45886491,45887622,"-",58.75,742,684,"spermatogenesis associated 25"
"XKR7","20",306.478102416457,1.14550903574698,0.344800467494682,3.3222374785923,0.000892986568785418,0.0180131552565839,"UP",31968151,32003387,"+",51.79,7695,1740,"XK related 7"
"LINC01273","20",60.991698009339,1.12480991360764,0.395460112803819,2.84430686481304,0.00445081597146442,0.0425315824124214,"UP",50165586,50188316,"+",49.05,1212,NA,"long intergenic non-protein coding RNA 1273"
"SLA2","20",60.024006617514,1.10105938071925,0.395827023871675,2.78166803759262,0.00540803258502764,0.0471346580545868,"UP",36612318,36646196,"-",50.42,2737,786,"Src like adaptor 2"
"SOX12","20",1760.3470781712,1.04419558654574,0.237473099144165,4.3971110425094,1.09701229406312e-05,0.00202536941558859,"UP",325552,330224,"+",62.19,4673,948,"SRY-box transcription factor 12"
"ENSG00000232528","20",295.124797551522,1.03974071451843,0.373499360151505,2.78378178237486,0.00537291691844913,0.0469653094021403,"UP",1767957,1779995,"-",45.19,1367,NA,"pseudogene similar to F830045P16Rik"
"ZBTB46","20",1096.3965275346,1.03732482226525,0.296925848400503,3.49354839887862,0.000476646575602158,0.013610595132838,"UP",63743668,63832038,"-",54.15,5231,1770,"zinc finger and BTB domain containing 46"
"ENSG00000255438","20",53.1032324219731,1.01340082644946,0.36829823498836,2.75157665765488,0.00593091368672025,0.0497554902625792,"UP",47677901,47686297,"+",53.63,2437,NA,"novel transcript, antisense to SULF2"
"MYT1","20",1024.0461206542,0.921342556125601,0.244010083661648,3.77583804037854,0.000159470589329684,0.00757162921816127,"UP",64102394,64242253,"+",54.42,315,175,"myelin transcription factor 1"
"FAM182B","20",528.106638070837,0.838970786150386,0.207035882973994,4.05229651062839,5.07173307301833e-05,0.00418651659058093,"UP",25755861,25868225,"-",47.54,1769,NA,"family with sequence similarity 182 member B"
"NINL","20",1660.36832182655,0.827709630103278,0.213031565522541,3.88538491032071,0.000102167885488703,0.00613159423927985,"UP",25451594,25585531,"-",49,2600,NA,"ninein like"
"EBF4","20",702.860352568027,0.806993793853173,0.285502663641555,2.82657185596819,0.0047049186890915,0.0437855551699838,"UP",2692780,2760108,"+",49.28,2908,1797,"EBF family member 4"
"ZGPAT","20",433.405757499504,0.784748458308961,0.247672534335233,3.16849205914281,0.00153231934916497,0.0235471692789819,"UP",63707465,63736142,"+",49.61,1881,1536,"zinc finger CCCH-type and G-patch domain containing"
"SNX21","20",1270.88889533749,0.777751057942477,0.203454969369961,3.82271841455109,0.000131988476947933,0.00687989936091098,"UP",45833799,45843276,"+",52.48,3206,1122,"sorting nexin family member 21"
"SLC2A4RG","20",866.828174128011,0.737048170996923,0.265753913131202,2.77342358692963,0.00554698657913937,0.047965469218114,"UP",63739776,63744050,"+",67.44,2361,1164,"SLC2A4 regulator"
"MAVS","20",3776.74449919673,0.717054713056434,0.238118650314263,3.01133368642097,0.00260102845203756,0.0313914541621659,"UP",3846799,3876123,"+",52.52,11596,1200,"mitochondrial antiviral signaling protein"
"RBM38","20",703.544866644371,0.686535817701699,0.193589063871723,3.54635641069381,0.000390597540672602,0.0123097432741552,"UP",57391396,57409333,"+",59.97,2393,720,"RNA binding motif protein 38"
"ZNF512B","20",2041.05012096419,0.617314433296905,0.192431604102912,3.20796802674245,0.00133676358875806,0.0217155022007341,"UP",63956704,63969930,"-",63.54,5982,2679,"zinc finger protein 512B"
"SNTA1","20",5785.38487253874,0.600676262185142,0.174187798183504,3.44844052481987,0.000563833627242011,0.0145537674583514,"UP",33407957,33443763,"-",50.31,2211,1518,"syntrophin alpha 1"
"OGFR","20",2221.04289094836,0.528282861631197,0.178036376107357,2.96727485237421,0.00300452241558326,0.0336423051589337,"UP",62804835,62814000,"+",63.45,2410,2034,"opioid growth factor receptor"
"PCED1A","20",1193.17681415903,0.512510642674262,0.173831964446169,2.94831071090479,0.00319515746575352,0.0349042811502776,"UP",2835314,2841190,"-",57.7,531,383,"PC-esterase domain containing 1A"
"ZNF335","20",2285.13317342154,0.473883425047395,0.129356498948858,3.66339093047616,0.000248898226280386,0.00980432003390459,"UP",45948660,45972203,"-",53.48,4454,4029,"zinc finger protein 335"
"CSNK2A1","20",3857.56006857998,-0.448589732607818,0.13968632052992,-3.21140775206927,0.00132086370243365,0.0216620480798074,"DOWN",472498,543835,"-",41.35,12984,1176,"casein kinase 2 alpha 1"
"FASTKD5","20",709.738379708756,-0.555597603515793,0.194621382351324,-2.85476136693371,0.00430691768273994,0.0416501843561568,"DOWN",3146519,3159865,"-",44.47,2842,2295,"FAST kinase domains 5"
"IDH3B","20",1617.00357686485,-0.59802785131355,0.212669689431188,-2.8120032192319,0.00492340105646313,0.0447557425971243,"DOWN",2658393,2664219,"-",51.38,1232,1152,"isocitrate dehydrogenase (NAD(+)) 3 non-catalytic subunit beta"
"PHF20","20",3549.24656556195,-0.603385912715801,0.168271921479552,-3.58577894285901,0.000336073556629851,0.011352339442248,"DOWN",35771974,35950370,"+",44.08,919,NA,"PHD finger protein 20"
"NFS1","20",879.531325903343,-0.631248916563403,0.194148616638746,-3.25136963369651,0.00114850433342003,0.020349982276994,"DOWN",35668052,35699355,"-",46.44,3008,1374,"NFS1 cysteine desulfurase"
"NAA20","20",924.901937050294,-0.66503864417488,0.218067551532931,-3.04969097648831,0.00229076938411771,0.0293923333285257,"DOWN",20017310,20033655,"+",40.77,920,336,"N-alpha-acetyltransferase 20, NatB catalytic subunit"
"ITCH","20",1325.46920264885,-0.667899366636674,0.183086687641618,-3.64799524880831,0.000264294524532172,0.0101949399845855,"DOWN",34363235,34511773,"+",40.54,5266,2493,"itchy E3 ubiquitin protein ligase"
"CSTF1","20",650.601439965007,-0.706342614519753,0.214110314738388,-3.29896584096287,0.000970417190986344,0.0188233939255575,"DOWN",56392371,56406362,"+",41.14,585,NA,"cleavage stimulation factor subunit 1"
"DNTTIP1","20",591.898407168133,-0.745302824693051,0.246230353210425,-3.0268519497112,0.00247114958366831,0.0306655843153422,"DOWN",45791954,45811427,"+",45.98,1264,990,"deoxynucleotidyltransferase terminal interacting protein 1"
"RAE1","20",812.632278119163,-0.766229764660684,0.190027190020359,-4.03221120397873,5.52544948277015e-05,0.00435304629284296,"DOWN",57351223,57379211,"+",44.53,2362,1107,"ribonucleic acid export 1"
"RPN2","20",3366.42326531644,-0.789896565973148,0.2344996630001,-3.3684336935393,0.000755965781222226,0.0167127864576241,"DOWN",37178410,37241619,"+",44.36,791,500,"ribophorin II"
"CRNKL1","20",2606.89688354944,-0.814878593460895,0.260626027234961,-3.12662016954377,0.00176828221133592,0.0252019290296821,"DOWN",20034368,20056046,"-",39.08,4015,2064,"crooked neck pre-mRNA splicing factor 1"
"MKKS","20",1255.16591258801,-0.83844379416548,0.240359724126546,-3.4882873876326,0.000486125266529307,0.0137050792848759,"DOWN",10401009,10434222,"-",38.18,6714,1713,"MKKS centrosomal shuttling protein"
"SEC23B","20",2018.49315041491,-0.848379311919669,0.290426202603293,-2.92115278964175,0.00348738753293392,0.0366890478479785,"DOWN",18507520,18561415,"+",42.97,3464,2304,"SEC23 homolog B, COPII coat complex component"
"SERINC3","20",8614.89487249884,-0.902591215538077,0.260777207137607,-3.46115837900587,0.000537856281395674,0.0142638070414866,"DOWN",44496221,44522085,"-",42.52,812,639,"serine incorporator 3"
"YWHAB","20",19109.7479371809,-0.932453825135941,0.305090863241324,-3.05631514241179,0.00224075604438734,0.0289657539762438,"DOWN",44885702,44908532,"+",40.39,1097,450,"tyrosine 3-monooxygenase/tryptophan 5-monooxygenase activation protein beta"
"TMEM230","20",2018.39699795309,-0.96214203304053,0.277490760911685,-3.46729393756913,0.000525726655720137,0.0141752785900192,"DOWN",5068232,5113087,"-",44.98,594,384,"transmembrane protein 230"
"PRNP","20",24632.2236522557,-0.990094336447628,0.281903176943431,-3.5121787103744,0.000444449028611247,0.0132219485928556,"DOWN",4686350,4701590,"+",41.8,2539,762,"prion protein (Kanno blood group)"
"CSE1L","20",2227.34249300169,-1.07330115786115,0.327578205071879,-3.27647304137844,0.00105112346911657,0.0194808216276271,"DOWN",49046246,49096960,"+",41.33,3459,2748,"chromosome segregation 1 like"
"TOMM34","20",2399.75722662776,-1.12972129713167,0.388835503951701,-2.90539646110095,0.00366788178783993,0.0377977796850006,"DOWN",44942130,44960397,"-",44.95,1973,930,"translocase of outer mitochondrial membrane 34"
"SNRPB2","20",865.143948882066,-1.14696193393044,0.296353043402338,-3.87025528998294,0.000108721441969483,0.00638444420502845,"DOWN",16729961,16742564,"+",38.18,1588,678,"small nuclear ribonucleoprotein polypeptide B2"
"SNAP25","20",45886.8937130252,-1.27226901551742,0.35198374343551,-3.61456754536313,0.000300849375995494,0.0108122772238857,"DOWN",10172395,10308258,"+",40.57,1994,NA,"synaptosome associated protein 25"
"NAPB","20",14984.6864924376,-1.33560558585884,0.38392869563098,-3.47878551683614,0.000503691551052758,0.0139326694000631,"DOWN",23374519,23421519,"-",40.72,3824,615,"NSF attachment protein beta"
"TSPEAR","21",29.912589168265,2.54428154745185,0.902562271210973,2.81895402523105,0.00481804184655051,0.0444089786969019,"UP",44497893,44711572,"-",50.12,3958,2010,"thrombospondin type laminin G domain and EAR repeats"
"ENSG00000276633","21",25.2908328434139,2.51953596535328,0.737357994017936,3.41697789376919,0.000633204210450035,0.0152841088163119,"UP",45870854,45873345,"+",57.91,2492,NA,"novel transcript"
"ENSG00000289404","21",29.6435920246807,1.79351654669107,0.573334682905121,3.1282191713978,0.00175868984549224,0.0251096060230669,"UP",38497742,38498268,"-",45.16,527,NA,"novel transcript, sense intronic to ERG"
"LRRC3","21",128.353665562949,1.73398437354239,0.487774069677636,3.55489248267823,0.000378133682237514,0.0121778178942697,"UP",44455510,44462196,"+",61.15,5845,774,"leucine rich repeat containing 3"
"TRPM2-AS","21",28.9944204760031,1.65649368867143,0.478399239821772,3.46257592150138,0.000535030944822655,0.0142387965008821,"UP",44414588,44425272,"-",57.84,586,NA,"TRPM2 antisense RNA"
"LINC01694","21",24.8153295309415,1.45006800501058,0.514239112559315,2.81983219400358,0.00480487688442072,0.044373901060926,"UP",45590717,45603088,"+",52.52,6958,NA,"long intergenic non-protein coding RNA 1694"
"ENSG00000184441","21",168.560797316323,1.44532480048247,0.471238702201934,3.06707575954389,0.00216164063085505,0.0283214736174757,"UP",44331234,44335851,"+",61.76,4354,NA,"novel transcript, antisense to C21orf2"
"AATBC","21",229.467477504664,1.43835126505703,0.429346681655677,3.35009288882904,0.000807844646295896,0.0172269988854278,"UP",43805758,43812567,"-",60.18,932,NA,"apoptosis associated transcript in bladder cancer"
"ERVH48-1","21",178.343192038497,1.25988952414141,0.403456907834489,3.12273628156159,0.00179178218115899,0.0253330458375519,"UP",42916803,42925630,"-",50.56,2774,483,"endogenous retrovirus group 48 member 1, envelope"
"PCNT","21",11110.546719231,0.747260607078121,0.214234615725275,3.48804792609414,0.000486560855889359,0.0137050792848759,"UP",46324124,46445769,"+",51.58,4037,1392,"pericentrin"
"CFAP410","21",1197.37856516748,0.742343876162609,0.19096377277863,3.88735447232262,0.000101342708429832,0.00613159423927985,"UP",44328944,44339402,"-",60.43,2221,771,"cilia and flagella associated protein 410"
"PDXK","21",14583.7294093277,0.683177062094493,0.237739384181761,2.87363856201536,0.00405773040169399,0.0402214211046602,"UP",43719094,43762307,"+",57.26,2251,264,"pyridoxal kinase"
"TRPM2","21",3597.06826181143,0.672019870701238,0.18075730491022,3.71780200548476,0.000200963673277005,0.00853982260855273,"UP",44350163,44443081,"+",54.13,5989,4512,"transient receptor potential cation channel subfamily M member 2"
"IFNAR1","21",4282.56847249962,-0.520303719087754,0.153828994902075,-3.38235141833287,0.000718681435707173,0.0161994680372914,"DOWN",33324387,33359864,"+",41.36,6171,1467,"interferon alpha and beta receptor subunit 1"
"GET1","21",762.241370949387,-0.544360921495705,0.157891349190424,-3.44769314016807,0.000565396001214086,0.0145785369779999,"DOWN",39377698,39428528,"+",44.4,1178,420,"guided entry of tail-anchored proteins factor 1"
"USP16","21",1933.96140779568,-0.589358757292749,0.213074842998944,-2.76597062796226,0.00567536463386093,0.0486063629725781,"DOWN",29024629,29054488,"+",38.76,2960,2469,"ubiquitin specific peptidase 16"
"LTN1","21",2811.90971249687,-0.712406717655073,0.24459448510776,-2.91260335383772,0.00358429564612028,0.0372378756430692,"DOWN",28928144,28992956,"-",36.74,7677,5301,"listerin E3 ubiquitin protein ligase 1"
"ATP5PF","21",2436.39007836308,-0.786291061224679,0.275527019636273,-2.85377115559364,0.00432036405554036,0.0417468338183377,"DOWN",25716503,25735673,"-",41.96,492,360,"ATP synthase peripheral stalk subunit F6"
"CSTB","21",1633.56796900825,-0.810797602342578,0.186081806756926,-4.35721050044243,1.31730563947708e-05,0.00221252459697171,"DOWN",43772511,43776330,"-",53.64,1855,164,"cystatin B"
"U2AF1","21",283.67897224301,-0.893663147472346,0.324031785115921,-2.75794903007013,0.0058165266511465,0.0491539180938607,"DOWN",43092956,43107570,"-",43.62,1676,NA,"U2 small nuclear RNA auxiliary factor 1"
"NCAM2","21",18548.5731473847,-0.914779269553357,0.330159278068018,-2.77072107410199,0.00559323167740026,0.0481455424703228,"DOWN",20998409,21543329,"+",34.02,8041,2514,"neural cell adhesion molecule 2"
"CCT8","21",3121.96607617374,-0.968290360798256,0.225693655182379,-4.29028614036934,1.78443051896394e-05,0.00256894265069416,"DOWN",29055805,29073797,"-",38.32,556,322,"chaperonin containing TCP1 subunit 8"
"ITGB2","21",2446.02098043915,-1.00176334482404,0.29662329696339,-3.3772240922387,0.000732213702984896,0.0164127160522638,"DOWN",44885953,44931989,"-",57.45,2125,NA,"integrin subunit beta 2"
"SYNJ1","21",10742.5583804239,-1.03591108326299,0.315752246016922,-3.28077185936304,0.00103523443894447,0.0193345020388501,"DOWN",32628759,32728040,"-",38.08,3604,562,"synaptojanin 1"
"SOD1","21",13005.6796565296,-1.05985097788341,0.318032998178736,-3.33251890197812,0.000860636239920197,0.0176700747866807,"DOWN",31659666,31668931,"+",44.42,865,408,"superoxide dismutase 1"
"HSPA13","21",3351.33900906738,-1.14008255979581,0.346027943915769,-3.29477020524486,0.000985021938596176,0.0189114405632671,"DOWN",14371115,14383484,"-",36.7,3945,1416,"heat shock protein family A (Hsp70) member 13"
"ENSG00000275464","21",231.966707461294,-1.14450169288022,0.40887665186615,-2.79913682441051,0.0051239420348699,0.0457128963686328,"DOWN",5130871,5154658,"-",56.84,3188,NA,"novel protein, similar to PWP2 periodic tryptophan protein homolog (yeast) PWP2"
"CBR3","21",89.846364925986,-1.16662882325467,0.363595443745288,-3.20859032565858,0.00133387403606995,0.0217155022007341,"DOWN",36135079,36146562,"+",48.4,998,834,"carbonyl reductase 3"
"CBR1","21",4646.10611807352,-1.31743121321474,0.380827003599516,-3.45939547553769,0.000541389358839428,0.0142822254367668,"DOWN",36069941,36073166,"+",50.62,595,NA,"carbonyl reductase 1"
"S100B","21",13379.1653773116,-1.33711928179798,0.406247414362158,-3.29139148835536,0.000996930694216783,0.0190456285705585,"DOWN",46598604,46605208,"-",45.16,1109,279,"S100 calcium binding protein B"
"SAMSN1","21",283.18334298239,-1.35110167347595,0.417391927203021,-3.23700959558512,0.00120789350135321,0.0208077722391231,"DOWN",14485228,14658821,"-",36.33,1382,618,"SAM domain, SH3 domain and nuclear localization signals 1"
"SMIM11","21",50.3849985820333,-1.47472785361095,0.401077136503254,-3.67691827678884,0.000236068627783398,0.00951592638594877,"DOWN",34375480,34416961,"+",47.3,1220,NA,"small integral membrane protein 11"
"ENSG00000281732","22",188.634195519667,3.02759828080723,0.65207154576253,4.64304615111946,3.43309626081558e-06,0.000954400760506732,"UP",48538900,48547409,"-",56.04,1408,NA,"novel transcript"
"ADORA2A-AS1","22",61.846968034571,2.69252032711407,0.775481239142974,3.47206378595274,0.000516473605896686,0.0140403202049693,"UP",24429206,24495074,"-",46.81,2557,NA,"ADORA2A antisense RNA 1"
"DRICH1","22",36.1648975329789,2.52505295356423,0.723300664877819,3.49101428517387,0.00048119052428827,0.0136521497684978,"UP",23608452,23632321,"-",44.89,1300,690,"aspartate rich 1"
"IL17REL","22",28.5409894850003,2.35040656840657,0.718772386242039,3.27002902921078,0.00107536448130805,0.0196886944321851,"UP",49991811,50012765,"-",58.55,6370,117,"interleukin 17 receptor E like"
"ADORA2A","22",41.2042076045355,2.29554963936272,0.68862407406637,3.33353091449061,0.000857511416508962,0.0176700747866807,"UP",24417879,24442357,"+",59.24,549,NA,"adenosine A2a receptor"
"ENSG00000281295","22",119.649753658822,2.24599307974409,0.48231083562465,4.65673361212227,3.21265696051174e-06,0.00093922389999178,"UP",33704786,33704922,"-",56.93,137,NA,""
"ENSG00000279699","22",25.7332028201097,1.88403926506058,0.635334765221197,2.96542762681125,0.00302262455289122,0.0337824387413249,"UP",30275215,30276951,"-",51.53,1737,NA,"TEC"
"ENSG00000235445","22",41.2205760645549,1.84310130885422,0.654000989872959,2.81819345443537,0.00482947021871239,0.0444634818080617,"UP",17983205,17983619,"-",53.98,361,NA,"novel transcript"
"UPB1","22",28.4346634556402,1.81340799788863,0.649672186841809,2.79126617179655,0.00525022773324802,0.0463542992441282,"UP",24494107,24528390,"+",49.88,3154,129,"beta-ureidopropionase 1"
"ENSG00000289873","22",31.1309890398245,1.69194847355234,0.61317167592032,2.75933892577942,0.00579184315433671,0.0490481507460741,"UP",32265891,32355071,"-",45.75,864,NA,"novel transcript, antisense to RFPL3"
"SMTN","22",1460.0260638076,1.6280101711714,0.43718782225112,3.72382323640358,0.000196228341660358,0.00848213694411366,"UP",31064105,31104757,"+",54.79,567,274,"smoothelin"
"SHISA8","22",140.436060676054,1.57486990624196,0.54545081762681,2.88728122746984,0.00388586734808639,0.039289508743332,"UP",41909543,41915074,"-",67.99,1823,1194,"shisa family member 8"
"ENSG00000230922","22",60.6819161502337,1.55269029069686,0.56455966045,2.75026786267237,0.0059546566121046,0.049822100728572,"UP",45000565,45003619,"-",51.69,1633,NA,"novel transcript"
"SHANK3","22",12276.7074472433,1.51980882688125,0.458397949706756,3.31547911122529,0.000914861781191378,0.0182715499916554,"UP",50674408,50733212,"+",57.13,7982,2280,"SH3 and multiple ankyrin repeat domains 3"
"ZNRF3-IT1","22",83.0408492288242,1.46630002097905,0.492295110131897,2.97849804071016,0.0028966488151283,0.0329782970955638,"UP",28992721,29018620,"+",45.22,674,NA,"ZNRF3 intronic transcript 1"
"ENSG00000279110","22",359.642582938221,1.44853590462107,0.381975824600193,3.7922188037351,0.000149307271357863,0.00723676485984223,"UP",25052122,25065241,"-",49.26,13120,NA,"novel transcript"
"SELENOO-AS1","22",33.0534922547487,1.40718726883056,0.415443459316374,3.3871932203389,0.000706116384075065,0.0160659744734144,"UP",50208461,50209542,"-",64.14,640,NA,"SELENOO antisense RNA 1"
"ENSG00000273188","22",41.8222518031657,1.40155244801014,0.49820461186414,2.8132064911361,0.00490501420636058,0.0447497767630093,"UP",50191724,50192402,"-",56.85,679,NA,"novel transcript, antisense to TRABD"
"ENSG00000273139","22",66.8457981753973,1.38343379504237,0.401530964315459,3.44539753590581,0.000570220105297756,0.0145940142505095,"UP",20320104,20321406,"+",64.39,1303,NA,"novel transcript"
"ENSG00000236540","22",151.609370744814,1.33077849599051,0.373397037802964,3.56397711085416,0.000365277821545202,0.0118904567858577,"UP",20058030,20070569,"-",54.75,550,NA,"novel transcript, antisense to C22orf25"
"CARD10","22",333.494151887414,1.305124562898,0.356508149445853,3.66085477969199,0.000251375213131193,0.00980606597546943,"UP",37490362,37519542,"-",57.09,2169,NA,"caspase recruitment domain family member 10"
"MIR1281","22",50.5339025999357,1.30226084485964,0.29987612312903,4.34266266774198,1.40766187513257e-05,0.00225967236908975,"UP",41092513,41092566,"+",66.67,54,NA,"microRNA 1281"
"SCARF2","22",298.616302750752,1.26391188435648,0.283518659106282,4.45794956967076,8.27473623232012e-06,0.00164043254520405,"UP",20424584,20437826,"-",63.17,3463,2601,"scavenger receptor class F member 2"
"LINC01637","22",42.3665801333319,1.22401258216222,0.430568304268353,2.84278375818242,0.00447214015331671,0.0426342852771455,"UP",20957092,20964881,"+",55.21,687,NA,"long intergenic non-protein coding RNA 1637"
"PHF21B","22",486.919567979972,1.22076196921677,0.376435398181725,3.24295211107495,0.00118298093216688,0.0206481950448509,"UP",44881162,45010005,"-",52.73,3586,228,"PHD finger protein 21B"
"PRR5","22",396.677055246353,1.19837382561106,0.191386633088949,6.26153355785355,3.81209758879975e-10,9.21993922827108e-06,"UP",44668547,44737681,"+",56.73,1726,882,"proline rich 5"
"CYP2D6","22",136.245951986701,1.17602744526513,0.366585526651249,3.20805749208954,0.0013363478145416,0.0217155022007341,"UP",42126499,42130865,"-",62.72,1367,723,"cytochrome P450 family 2 subfamily D member 6"
"MIRLET7BHG","22",1661.95748146758,1.16314295813255,0.33496967800615,3.47238282896519,0.000515860141300992,0.0140403202049693,"UP",46044913,46116382,"+",56.93,504,NA,"MIRLET7B host gene"
"PANX2","22",1775.75438536668,1.11266544118421,0.282824826215501,3.93411517677872,8.35037369185262e-05,0.00559850744029234,"UP",50170731,50180295,"+",64.17,2964,1932,"pannexin 2"
"ENSG00000279175","22",104.281159078972,1.06326234233817,0.379112259404868,2.8046108137133,0.00503773673262217,0.0453458557207595,"UP",44102779,44116232,"+",48.48,13454,NA,"novel transcript, antisense to PARVB"
"CACNA1I","22",4127.05809932602,0.984799641191678,0.344153518778608,2.86151263159159,0.00421624702172709,0.0412016769565622,"UP",39570753,39689735,"+",56.05,5952,5946,"calcium voltage-gated channel subunit alpha1 I"
"LRRC75B","22",387.142474705777,0.947887290832844,0.245226953169046,3.86534709412396,0.000110931328874976,0.00644531439079113,"UP",24585620,24593208,"-",60.52,1828,327,"leucine rich repeat containing 75B"
"ZC3H7B","22",9213.45198963763,0.943757130179565,0.26390016623255,3.5761899799181,0.000348638329701534,0.0115667580825258,"UP",41301525,41360147,"+",54.29,5906,2934,"zinc finger CCCH-type containing 7B"
"GAS2L1","22",3226.40834494509,0.910743259685482,0.238627539823268,3.81658906746469,0.000135309244948654,0.00689474145059678,"UP",29306618,29312787,"+",64.94,2859,2046,"growth arrest specific 2 like 1"
"PPM1F","22",2149.04863339956,0.901145791591125,0.191352748690192,4.70934333454555,2.48516146806789e-06,0.000937227465404875,"UP",21919425,21952848,"-",55.32,5149,1365,"protein phosphatase, Mg2+/Mn2+ dependent 1F"
"GUSBP11","22",727.73048490946,0.821567032768283,0.285337533626654,2.87928132806829,0.0039858260311548,0.0397517645902937,"UP",23630618,23717423,"-",50.2,1087,NA,"GUSB pseudogene 11"
"MICAL3","22",8565.98478664929,0.820212760301824,0.242042568941959,3.38871283628835,0.000702215084540595,0.0160180927840202,"UP",17787649,18024561,"-",49.78,9447,6009,"microtubule associated monooxygenase, calponin and LIM domain containing 3"
"SFI1","22",1435.98647617114,0.787836968661735,0.264376776078129,2.97997797064033,0.00288269113588754,0.032918209543237,"UP",31488688,31618588,"+",46.58,596,NA,"SFI1 centrin binding protein"
"SBF1","22",16456.588154844,0.776298964351429,0.24721738943396,3.14014708321643,0.00168863030375299,0.0247002856855525,"UP",50443219,50483923,"-",60.64,7297,NA,"SET binding factor 1"
"NOL12","22",307.968319487725,0.775773981119747,0.24260662602729,3.19766196753621,0.00138546582462354,0.0221851340409154,"UP",37681673,37693476,"+",54.42,1011,NA,"nucleolar protein 12"
"ZDHHC8","22",1790.34255892196,0.762911273565731,0.230748025036244,3.30625266866704,0.000945527836181613,0.0185598227454627,"UP",20129456,20148007,"+",63.57,557,541,"zinc finger DHHC-type palmitoyltransferase 8"
"SGSM3","22",476.211416292687,0.750188992045391,0.24869978053918,3.01644412559989,0.00255758348987502,0.0311787799692427,"UP",40370591,40410289,"+",47.84,1086,759,"small G protein signaling modulator 3"
"TRIOBP","22",2233.29018722514,0.744392190458346,0.237572861706509,3.13332164756238,0.00172839923619275,0.0248500190140332,"UP",37697048,37776556,"+",54.36,10085,7098,"TRIO and F-actin binding protein"
"RHBDD3","22",518.11509540386,0.741855239262705,0.219505200398881,3.37967044933157,0.000725727913441228,0.0162975443959977,"UP",29259872,29268209,"-",55.98,1777,1161,"rhomboid domain containing 3"
"HIRA","22",1049.93396263827,0.735197040238875,0.165957350459261,4.43003601952148,9.42173502045523e-06,0.00183769421939299,"UP",19330698,19447450,"-",46.11,3395,2433,"histone cell cycle regulator"
"ZNF74","22",868.771855411183,0.70896504297891,0.25174481929208,2.81620509598791,0.00485946335570078,0.0446225882529808,"UP",20394115,20408461,"+",50.81,3714,1935,"zinc finger protein 74"
"TUBGCP6","22",3330.03310945829,0.695816369947179,0.24289597965311,2.86466812230036,0.00417446493599577,0.0409424264049797,"UP",50217689,50245023,"-",56.95,5274,NA,"tubulin gamma complex component 6"
"CBX7","22",4290.5221838088,0.694686107248043,0.173305422629689,4.00844991868729,6.11185963496888e-05,0.00460502919412328,"UP",39120167,39152680,"-",54.25,451,NA,"chromobox 7"
"PDXP","22",1657.12442710664,0.670520632776066,0.243460445820765,2.75412554394853,0.00588491891960533,0.0494897945026337,"UP",37658723,37666932,"+",55.3,2012,891,"pyridoxal phosphatase"
"MGAT3","22",4634.26985228754,0.662768963992453,0.235312506028731,2.81654798199094,0.00485427914130258,0.0446069891001308,"UP",39457012,39492194,"+",57.01,5394,1602,"beta-1,4-mannosyl-glycoprotein 4-beta-N-acetylglucosaminyltransferase"
"CSNK1E","22",2440.37628253732,0.573095686224755,0.177276895068816,3.23277145621423,0.00122595598386538,0.0209844100677764,"UP",38290691,38318084,"-",55.79,2817,1251,"casein kinase 1 epsilon"
"POLR3H","22",1666.78909288832,0.491503202065058,0.149973221747093,3.27727307808258,0.00104814943895702,0.0194405999467902,"UP",41525799,41544606,"-",55.14,4468,615,"RNA polymerase III subunit H"
"OSBP2","22",2250.54536689451,0.462437309849268,0.144166808916626,3.2076544755645,0.00133822170414017,0.0217155022007341,"UP",30693782,30907824,"+",48.17,2747,2253,"oxysterol binding protein 2"
"PARVB","22",1789.0064324837,0.437611728002086,0.158734395984485,2.75688029231458,0.00583557108205602,0.0492116883509787,"UP",43999211,44172939,"+",50.79,1569,1194,"parvin beta"
"DGCR6L","22",1209.54915864513,0.416743248832579,0.138519942830412,3.00854332103495,0.00262503374132324,0.031478194877129,"UP",20314238,20320080,"-",57.69,1172,663,"DiGeorge syndrome critical region gene 6 like"
"SNRPD3","22",1618.90178560794,-0.54529141652044,0.162563354484838,-3.3543317203835,0.000795569266946347,0.0171442029792649,"DOWN",24555958,24582052,"+",45.46,544,NA,"small nuclear ribonucleoprotein D3 polypeptide"
"ZNF280B","22",508.534066405066,-0.620968379603883,0.224192043744638,-2.76980560608648,0.00560897576368156,0.0482084889198302,"DOWN",22484421,22508742,"-",41.13,5309,1632,"zinc finger protein 280B"
"NIPSNAP1","22",1827.64771442442,-0.6442946884871,0.212088910930906,-3.03785184081122,0.00238271071121961,0.0300474720277924,"DOWN",29554808,29581327,"-",50.22,2013,855,"nipsnap homolog 1"
"ADA2","22",843.727699696233,-0.675173929463143,0.20833612613962,-3.2407914170904,0.00119198367210049,0.0207256053870758,"DOWN",17178790,17258235,"-",48.88,3455,762,"adenosine deaminase 2"
"FBXO7","22",3021.99315235874,-0.698829979695475,0.186513659459219,-3.74680321924772,0.00017910247531201,0.0081271528478354,"DOWN",32474676,32498829,"+",38.81,1900,126,"F-box protein 7"
"RBX1","22",483.149800545265,-0.717421852951005,0.228681772569583,-3.13720610475288,0.00170566179526265,0.0247799314010502,"DOWN",40951347,40973309,"+",44.92,574,NA,"ring-box 1"
"RTCB","22",1976.30650746211,-0.718056406386791,0.258259259496804,-2.78037042228752,0.00542969239827186,0.0472723327374381,"DOWN",32387582,32412248,"-",41.29,2019,1518,"RNA 2',3'-cyclic phosphate and 5'-OH ligase"
"DRG1","22",1107.791983617,-0.826243758942871,0.21167478010244,-3.90336420117225,9.48647869444471e-05,0.00592868149105529,"DOWN",31399604,31528740,"+",44.36,1665,1104,"developmentally regulated GTP binding protein 1"
"EIF3L","22",2784.74298797775,-0.837256847570744,0.267353491855918,-3.1316473248906,0.00173828547861051,0.0249324978855859,"DOWN",37848868,37889407,"+",46,3220,1824,"eukaryotic translation initiation factor 3 subunit L"
"MAPK1","22",18314.573163954,-0.876799449045706,0.299485197207827,-2.92768877133267,0.00341491689581479,0.0363388570548741,"DOWN",21759657,21867680,"-",43.44,5881,1083,"mitogen-activated protein kinase 1"
"UQCR10","22",855.802409387085,-0.889616446635073,0.258473948503465,-3.44180313639286,0.000577850618295425,0.0146497851720054,"DOWN",29767369,29770413,"+",47.62,916,192,"ubiquinol-cytochrome c reductase, complex III subunit X"
"XRCC6","22",5920.06826825191,-0.913110492449659,0.285419856951721,-3.19918348429455,0.00137817425704346,0.0221478555354506,"DOWN",41621163,41664048,"+",46.19,2148,1680,"X-ray repair cross complementing 6"
"ATXN10","22",4216.50374688254,-1.0498817632835,0.254052559332731,-4.13253763725512,3.58779993646773e-05,0.00371803626852041,"DOWN",45671798,45845307,"+",40.57,3135,1236,"ataxin 10"
"ATP6V1E1","22",7394.97574671377,-1.11386514377021,0.370574158863758,-3.00578201994847,0.00264898820772337,0.03156895362358,"DOWN",17592136,17628749,"-",45.03,1333,681,"ATPase H+ transporting V1 subunit E1"
"CXCR3","X",30.48306591406,2.37334765050858,0.788693871074086,3.00921274724301,0.00261925632704921,0.031478194877129,"UP",71615916,71618511,"-",61.25,1861,1248,"C-X-C motif chemokine receptor 3"
"SNORA35B","X",190.722382299167,2.04223287495309,0.39898485667332,5.11857239891494,3.07857058378071e-07,0.000297833232557281,"UP",115126316,115126444,"-",43.41,129,NA,"small nucleolar RNA, H/ACA box 35B"
"ITGB1BP2","X",25.3113987651236,2.02609302820625,0.573922607472612,3.53025477969683,0.000415159667379764,0.0126784502306127,"UP",71301750,71305371,"+",46.36,1280,1044,"integrin subunit beta 1 binding protein 2"
"SNORA11","X",188.069394826174,1.82775400676575,0.3097318237096,5.90108560649365,3.61117459550375e-09,2.18349671917134e-05,"UP",54814370,54814497,"+",53.91,128,NA,"small nucleolar RNA, H/ACA box 11"
"ECMXP","X",23.9824050967675,1.5805228410049,0.521632210498236,3.02995637385058,0.00244589065863688,0.0304858192035526,"UP",153479266,153486810,"+",63.99,1889,NA,"extracellular matrix protein X-linked, pseudogene"
"SHISA5P2","X",70.6928232183292,1.48748112748522,0.449190057967157,3.31147384298069,0.000928059156507815,0.0184092701979459,"UP",74066083,74066592,"+",59.61,510,NA,"SHISA5 pseudogene 2"
"DANT1","X",492.659253574083,1.3093472493281,0.374911390929354,3.49241789128467,0.000478668734348239,0.0136361389975813,"UP",115840798,115908066,"+",58.67,462,NA,"DXZ4 associated non-coding transcript 1, proximal"
"SRPK3","X",299.418517033913,1.28109053550676,0.320856816543335,3.99271721669573,6.53204496957876e-05,0.00481770611070358,"UP",153776412,153785732,"+",64.63,4479,1905,"SRSF protein kinase 3"
"CCDC120","X",421.900427187879,0.97164739544657,0.23717291674967,4.09678899581995,4.18920419325242e-05,0.00385446462304069,"UP",49053572,49069857,"+",55.5,2752,1893,"coiled-coil domain containing 120"
"IRAK1","X",2637.44753591478,0.866520575439821,0.245196568515051,3.53398328813329,0.000409346960227172,0.0126049071150024,"UP",154010506,154019902,"-",61.62,3319,1902,"interleukin 1 receptor associated kinase 1"
"TAFAZZIN","X",704.038163774841,0.832435122894782,0.299991127896242,2.77486580597376,0.00552244894469923,0.047838807369805,"UP",154411524,154421726,"+",56.1,1109,NA,"tafazzin, phospholipid-lysophospholipid transacylase"
"HAUS7","X",119.139901767125,0.790714014985196,0.281691335828244,2.80702284527246,0.00500016954818409,0.0452259164892971,"UP",153447668,153495516,"-",58.62,1306,1077,"HAUS augmin like complex subunit 7"
"LINC01278","X",1351.24963241741,-0.432993620751373,0.117955565499539,-3.67081976096386,0.000241773793001401,0.00964940752067969,"DOWN",63222993,63561095,"-",38.34,943,NA,"long intergenic non-protein coding RNA 1278"
"XIAP","X",3535.97007486786,-0.520683919301337,0.15867043995507,-3.28154330100034,0.00103240671429599,0.0193115149203115,"DOWN",123859712,123913972,"+",41.99,3735,1494,"X-linked inhibitor of apoptosis"
"UBA1","X",10795.0826919627,-0.562402213500172,0.17395026958125,-3.23312067784685,0.0012244582618006,0.0209736172237318,"DOWN",47190861,47215128,"+",51.31,3466,3177,"ubiquitin like modifier activating enzyme 1"
"UPRT","X",548.080187144006,-0.564668477842483,0.176358426417653,-3.2018230674458,0.00136560848004091,0.0220631975272341,"DOWN",75156388,75304885,"+",39.9,2711,450,"uracil phosphoribosyltransferase homolog"
"MED14","X",1679.08394212168,-0.569161759576658,0.201095040765265,-2.8303122613602,0.00465025936763607,0.0435597107148125,"DOWN",40648305,40735858,"-",38.86,7996,4365,"mediator complex subunit 14"
"MTM1","X",1281.87171324526,-0.570408205680609,0.185720067359983,-3.07133318326328,0.00213105205936705,0.0281033942790902,"DOWN",150568417,150673143,"+",39.78,3416,1812,"myotubularin 1"
"RRAGB","X",918.023856955072,-0.603594734035508,0.156454260028394,-3.8579629210861,0.000114335987801051,0.00649138544825402,"DOWN",55717749,55758774,"+",40.86,2051,1041,"Ras related GTP binding B"
"YIPF6","X",1686.69707974253,-0.607705196564194,0.197134814170464,-3.08268835781946,0.00205139861119531,0.0275447394582679,"DOWN",68498562,68537282,"+",41.2,1070,565,"Yip1 domain family member 6"
"RAP2C","X",809.981132616258,-0.608162932473692,0.158648653644305,-3.83339485399738,0.000126386837188303,0.00676281425715997,"DOWN",132203024,132219480,"-",37.77,3341,354,"RAP2C, member of RAS oncogene family"
"DDX3X","X",11862.4099773754,-0.610343371875178,0.173818396029546,-3.51138536436287,0.000445777676585336,0.0132289311483349,"DOWN",41333348,41364472,"+",42.68,553,NA,"DEAD-box helicase 3 X-linked"
"HDX","X",380.028901074581,-0.612958500974144,0.202948591842979,-3.02026486317476,0.00252553723195313,0.0310379286036679,"DOWN",84317874,84502479,"-",34.93,6200,2073,"highly divergent homeobox"
"BCAP31","X",3719.63174843309,-0.621490762766871,0.215154633370242,-2.88857717368976,0.00386989054271299,0.0391783895630207,"DOWN",153700492,153724565,"-",54.21,1789,942,"B cell receptor associated protein 31"
"CA5B","X",619.606354801863,-0.621718304286878,0.182150293591803,-3.41321604279234,0.000642010248952572,0.0153613824141095,"DOWN",15688830,15788411,"+",41.7,488,230,"carbonic anhydrase 5B"
"APOOL","X",1132.39555962269,-0.625211983664819,0.203729531731105,-3.0688333613313,0.00214896422225153,0.028216530227674,"DOWN",85003877,85093315,"+",37.14,6480,807,"apolipoprotein O like"
"CHM","X",2728.20820684615,-0.629650969656994,0.205685206973704,-3.06123604570888,0.00220425246210148,0.028679450107893,"DOWN",85861180,86047561,"-",36.96,5438,1962,"CHM Rab escort protein"
"ARMCX1","X",945.088805871524,-0.636817573329342,0.222960708645657,-2.85618742960407,0.0042876194257136,0.0415471652203862,"DOWN",101550547,101554700,"+",48.89,2125,1362,"armadillo repeat containing X-linked 1"
"CTPS2","X",555.253612786768,-0.637840576790198,0.22804555759055,-2.79698751218572,0.0051581526913152,0.0458807876783371,"DOWN",16587999,16712936,"-",43.51,3953,1761,"CTP synthase 2"
"GRIA3","X",7106.45172126797,-0.664153564359115,0.23604592165784,-2.81366252674273,0.00489806190503733,0.0447497767630093,"DOWN",123184153,123490915,"+",39.27,784,435,"glutamate ionotropic receptor AMPA type subunit 3"
"CDKL5","X",7212.10012426311,-0.667353437118665,0.23326553444462,-2.86091744632383,0.00422417030548115,0.0412142123497323,"DOWN",18425583,18653629,"+",40.21,3449,3093,"cyclin dependent kinase like 5"
"HSD17B10","X",594.579773862733,-0.674335386586828,0.209687855097487,-3.21590101760219,0.00130035674433662,0.0214386013759546,"DOWN",53431258,53434370,"-",51.98,556,NA,"hydroxysteroid 17-beta dehydrogenase 10"
"GLUD2","X",253.868900703935,-0.69328313920795,0.202153932838256,-3.42948133372526,0.000604736028129265,0.0149642310663082,"DOWN",121047610,121050094,"+",47.81,2485,1677,"glutamate dehydrogenase 2"
"PHF6","X",1338.08219194529,-0.699603538947029,0.206017097088236,-3.39585184353604,0.000684153808004539,0.015831216622877,"DOWN",134373288,134428791,"+",37.45,3790,471,"PHD finger protein 6"
"CASK","X",4238.32281223514,-0.700849376459826,0.252121265144219,-2.77981064413161,0.0054390603793258,0.0473028099008895,"DOWN",41514934,41923554,"-",38.74,8220,2712,"calcium/calmodulin dependent serine protein kinase"
"ARMCX3","X",4102.11024431033,-0.726100198017311,0.249978091562491,-2.90465533790906,0.00367657713385337,0.0378551275263421,"DOWN",101622797,101627843,"+",45.41,3730,1140,"armadillo repeat containing X-linked 3"
"USP9X","X",13647.5857881364,-0.739388481725795,0.237329547708149,-3.11545059966592,0.00183664109533306,0.0257811964780763,"DOWN",41085445,41236579,"+",38.54,8700,3822,"ubiquitin specific peptidase 9 X-linked"
"ENOX2","X",969.249014376921,-0.739875338120548,0.259643277520382,-2.84958403385763,0.00437764397665925,0.0420855985251569,"DOWN",130622325,130903234,"-",38.85,5215,1833,"ecto-NOX disulfide-thiol exchanger 2"
"CUL4B","X",3325.64118955198,-0.747645076261842,0.207485918913075,-3.60335332719645,0.000314138044373304,0.0110583717662808,"DOWN",120505920,120604074,"-",39.7,24020,2742,"cullin 4B"
"KLHL15","X",1215.29361999997,-0.758493946920366,0.239144370673896,-3.17169893977839,0.00151550027236021,0.0234210157107374,"DOWN",23983716,24027186,"-",41.85,6488,1815,"kelch like family member 15"
"EIF2S3","X",2941.23898512571,-0.759177494304559,0.213223414018483,-3.56047902993782,0.000370178874065091,0.0120176459706554,"DOWN",24054946,24078810,"+",41.35,367,NA,"eukaryotic translation initiation factor 2 subunit gamma"
"ARHGEF6","X",3636.03793571512,-0.761451178123652,0.252578040965499,-3.01471646233752,0.00257219591873463,0.0312461730238653,"DOWN",136665547,136780932,"-",39.75,4764,1869,"Rac/Cdc42 guanine nucleotide exchange factor 6"
"PRAF2","X",532.241039703775,-0.788155656313889,0.2803664194642,-2.8111628269181,0.0049362797995021,0.0447988229758941,"DOWN",49071161,49074002,"-",60.73,1260,537,"PRA1 domain family member 2"
"CSTF2","X",692.020757157149,-0.792463815930936,0.247801995928107,-3.19797188462053,0.00138397772939853,0.0221851340409154,"DOWN",100820391,100841520,"+",38.68,2570,1734,"cleavage stimulation factor subunit 2"
"GDI1","X",19812.0404568419,-0.812921329921087,0.24792801557305,-3.27886030968358,0.00104227214942415,0.0193761677217313,"DOWN",154436913,154443467,"+",59.79,786,444,"GDP dissociation inhibitor 1"
"ATP6AP1","X",5816.87421061292,-0.818013926666141,0.284440846546385,-2.87586658737055,0.00402919972315649,0.0400410239630828,"DOWN",154428633,154436516,"+",56.77,2318,942,"ATPase H+ transporting accessory protein 1"
"NSDHL","X",602.644816365551,-0.840430154247543,0.289877064424953,-2.89926405841992,0.00374039738831803,0.0382001634710097,"DOWN",152830967,152869729,"+",45.97,1630,1122,"NAD(P) dependent steroid dehydrogenase-like"
"IDH3G","X",1930.26991900438,-0.856990832384196,0.252801803653474,-3.38997119482149,0.000698999680288211,0.0159792119730158,"DOWN",153785766,153794512,"-",58.74,1712,1143,"isocitrate dehydrogenase (NAD(+)) 3 non-catalytic subunit gamma"
"MORF4L2","X",6237.14881936968,-0.857953159909668,0.224044122638935,-3.82939373639507,0.00012845933727772,0.00678509297006425,"DOWN",103675496,103688158,"-",39.39,1824,867,"mortality factor 4 like 2"
"EIF1AX","X",2489.38254199873,-0.861307717952427,0.278468050977932,-3.09302167673334,0.00198129662590808,0.0270274338376834,"DOWN",20124525,20141838,"-",38.56,4414,435,"eukaryotic translation initiation factor 1A X-linked"
"FHL1","X",4664.16929590495,-0.866381832291679,0.274945235953796,-3.1511069078399,0.00162652942580218,0.0242227920218855,"DOWN",136146702,136211359,"+",42.07,1501,843,"four and a half LIM domains 1"
"RAB39B","X",1215.22380976805,-0.880152958139751,0.280409023880413,-3.13881823758679,0.00169630631089196,0.0247242418267118,"DOWN",155258235,155264491,"-",40.8,3413,642,"RAB39B, member RAS oncogene family"
"PDZD11","X",672.123018202353,-0.883686162930997,0.274320620897263,-3.22136250654649,0.00127582662307312,0.0212878044906824,"DOWN",70281118,70290514,"-",47.85,1736,423,"PDZ domain containing 11"
"LDOC1","X",3474.2197626583,-0.886859010323915,0.27767257068732,-3.19390211330087,0.0014036370281553,0.0223713214265581,"DOWN",141111605,141177129,"-",38.91,1294,NA,"LDOC1 regulator of NFKB signaling"
"RLIM","X",7862.54794366756,-0.895772701910717,0.270609251674124,-3.31020723189995,0.000932269216735819,0.0184464155787666,"DOWN",74582976,74614624,"-",38.69,10565,1875,"ring finger protein, LIM domain interacting"
"IL13RA1","X",1265.93366353542,-0.902807803614638,0.313035705168662,-2.88404098544672,0.0039260765207981,0.0395287813527493,"DOWN",118727133,118794535,"+",40.57,4189,1278,"interleukin 13 receptor subunit alpha 1"
"RPS4X","X",10793.1873317305,-0.904532147616645,0.313874752213027,-2.88182512686697,0.00395379096886357,0.0395644836780643,"DOWN",72255679,72277248,"-",46.38,610,NA,"ribosomal protein S4 X-linked"
"PGK1","X",6467.95933957592,-0.904962032433204,0.285885783188017,-3.16546706989638,0.0015483418674351,0.0236907030087389,"DOWN",77910739,78129295,"+",39.63,2405,1170,"phosphoglycerate kinase 1"
"PSMD10","X",852.465675271453,-0.905293131051878,0.299943213720939,-3.01821508085242,0.0025426837298095,0.0311694620827028,"DOWN",108084207,108091549,"-",37.71,1470,681,"proteasome 26S subunit, non-ATPase 10"
"SLC25A5","X",2132.45578962304,-0.905479230175442,0.249229958900221,-3.63310748904769,0.000280028294177211,0.0104310171863047,"DOWN",119468422,119471396,"+",52.54,483,NA,"solute carrier family 25 member 5"
"CHIC1","X",1558.34045292767,-0.90895929462073,0.290777217939776,-3.12596461669492,0.00177222873720267,0.0252136024929317,"DOWN",73563197,73687111,"+",37.63,6797,615,"cysteine rich hydrophobic domain 1"
"C1GALT1C1","X",355.288740921386,-0.913739583116158,0.325670664076974,-2.80571658397881,0.00502048289218708,0.045316720993366,"DOWN",120625674,120630054,"-",39.69,1636,957,"C1GALT1 specific chaperone 1"
"MAGED1","X",8609.72047164922,-0.917388285492656,0.307967327705002,-2.97884938746298,0.00289332958198292,0.0329782970955638,"DOWN",51803007,51902354,"+",39,2701,2337,"MAGE family member D1"
"ACSL4","X",4024.34832338213,-0.932876371704602,0.292924461884259,-3.18469944675772,0.00144904418993281,0.022698563975204,"DOWN",109624244,109733403,"-",39.16,464,NA,"acyl-CoA synthetase long chain family member 4"
"UBE2A","X",1227.15251418148,-0.935808052416176,0.217098829948979,-4.31051633321149,1.62873797651668e-05,0.00243164547531064,"DOWN",119474802,119591083,"+",44.64,2423,675,"ubiquitin conjugating enzyme E2 A"
"PAK3","X",9802.60045649452,-0.95352526749704,0.264618459034541,-3.60339664502609,0.000314085672346864,0.0110583717662808,"DOWN",110944285,111227361,"+",39.22,2477,1635,"p21 (RAC1) activated kinase 3"
"GPM6B","X",34195.1422164622,-0.965793992554331,0.31317246769298,-3.0839045324417,0.00204303143593791,0.0275279990582699,"DOWN",13770939,13938638,"-",41.49,3118,987,"glycoprotein M6B"
"SLC9A6","X",6070.01535908816,-0.983536744216625,0.319772151638843,-3.07574233458407,0.00209979216901989,0.0279348588558389,"DOWN",135973841,136047269,"+",40.97,4867,1950,"solute carrier family 9 member A6"
"RNF128","X",311.577603292038,-0.984025279920987,0.314522256121694,-3.12863481285804,0.001756204270539,0.0251037567891585,"DOWN",106693794,106797016,"+",36.73,839,748,"ring finger protein 128"
"TAF9B","X",1159.60600067648,-1.00584901460016,0.303876641514004,-3.31005703363286,0.000932769629241363,0.0184464155787666,"DOWN",78129748,78139650,"-",38.33,2657,756,"TATA-box binding protein associated factor 9b"
"AR","X",411.668565004713,-1.01063577752433,0.263918922976446,-3.82934185289371,0.000128486421082007,0.00678509297006425,"DOWN",67544021,67730619,"+",39.68,4523,1839,"androgen receptor"
"FUNDC1","X",605.370948910804,-1.01796803108783,0.315369631020795,-3.22785687319623,0.00124721360624836,0.0211536523707735,"DOWN",44523639,44542859,"-",41.03,1054,468,"FUN14 domain containing 1"
"NAP1L2","X",2946.08425888144,-1.03168076356002,0.348929835563827,-2.95669976714073,0.00310950731455808,0.034325214016386,"DOWN",73212299,73214851,"-",40.34,2553,1383,"nucleosome assembly protein 1 like 2"
"MAGT1","X",1333.29879113075,-1.03190626951363,0.314268774382466,-3.28351511072429,0.00102521148449446,0.0192663286433434,"DOWN",77825747,77899271,"-",40.92,4506,1008,"magnesium transporter 1"
"NXT2","X",176.542102747669,-1.03811238511396,0.288162223939216,-3.60252766973693,0.000315137843253046,0.0110583717662808,"DOWN",109535781,109544698,"+",37.39,2692,594,"nuclear transport factor 2 like export factor 2"
"GSPT2","X",810.182073625168,-1.04457661320901,0.283718571124941,-3.68173506960532,0.000231652063959344,0.00940056513241728,"DOWN",51743442,51746232,"+",44.72,2791,1887,"G1 to S phase transition 2"
"UBQLN2","X",4563.13416317132,-1.04710597870715,0.28841703317555,-3.63052752876011,0.000282842533787906,0.010439824560541,"DOWN",56563627,56567868,"+",44.39,4242,1875,"ubiquilin 2"
"ATP6AP2","X",4281.24200479743,-1.05488488606952,0.346426853910154,-3.04504363377991,0.00232646554814705,0.0296615159449049,"DOWN",40579372,40606848,"+",41.77,554,384,"ATPase H+ transporting accessory protein 2"
"HPRT1","X",1662.53912280841,-1.06006514719133,0.346758761906893,-3.05706809356979,0.00223513494433733,0.0289240095044102,"DOWN",134460165,134520513,"+",40.12,1395,657,"hypoxanthine phosphoribosyltransferase 1"
"PLS3","X",2739.91186535679,-1.0618106302829,0.363588369534737,-2.92036467404508,0.00349622003057174,0.0367490559145624,"DOWN",115561174,115650861,"+",38.9,926,129,"plastin 3"
"VBP1","X",1277.09577836483,-1.08438308677313,0.345987917056326,-3.13416461476195,0.00172344142698815,0.0248500190140332,"DOWN",155197007,155239841,"+",40.41,944,579,"VHL binding protein 1"
"COX7B","X",1579.80794308792,-1.09498036482371,0.295430926016592,-3.70638368700174,0.000210239721794835,0.00875841767029434,"DOWN",77899440,77907376,"+",40.81,605,183,"cytochrome c oxidase subunit 7B"
"TSPAN7","X",5396.52759618328,-1.0992821692344,0.324185695886567,-3.39090275475647,0.000696628143646113,0.015965624726917,"DOWN",38561542,38688920,"+",39.54,1210,192,"tetraspanin 7"
"MMGT1","X",1193.1186880639,-1.1025952063851,0.253900779797607,-4.34262237108533,1.4079201774293e-05,0.00225967236908975,"DOWN",135960588,135974029,"-",38.96,5145,396,"membrane magnesium transporter 1"
"PGRMC1","X",6482.07576312837,-1.11181829227293,0.345407755944409,-3.21885734509062,0.00128702496354331,0.0213497844775436,"DOWN",119236245,119244466,"+",42.58,1762,432,"progesterone receptor membrane component 1"
"ANOS1","X",2593.07293041652,-1.11714905040168,0.348198550849309,-3.20836789147107,0.00133490621377071,0.0217155022007341,"DOWN",8528874,8732137,"-",39.59,6265,2043,"anosmin 1"
"NDUFA1","X",1048.11648849395,-1.11744351135902,0.283758295641822,-3.93801178158164,8.2159561370633e-05,0.00556613767873986,"DOWN",119871832,119876662,"+",42.08,421,213,"NADH:ubiquinone oxidoreductase subunit A1"
"MAOA","X",2435.30898217171,-1.1539251062047,0.33781859125653,-3.41581291281995,0.000635919206472304,0.0152886102661423,"DOWN",43654907,43746817,"+",40.27,5431,1185,"monoamine oxidase A"
"TLR7","X",335.959931005,-1.15648684046612,0.357896920432335,-3.23134057445675,0.0012321103548398,0.0210302195075197,"DOWN",12867072,12890361,"+",40.25,5003,3150,"toll like receptor 7"
"TCEAL7","X",1713.81293815938,-1.15842480423441,0.375119853116006,-3.08814581422906,0.00201409619790211,0.0273391408784413,"DOWN",103330229,103332326,"+",44.23,852,303,"transcription elongation factor A like 7"
"FTH1P8","X",94.4912304687325,-1.16816747038562,0.414005808840939,-2.82162096627593,0.00477816135194313,0.0442606704167356,"DOWN",148052233,148052746,"+",49.42,514,NA,"ferritin heavy chain 1 pseudogene 8"
"LAMP2","X",11816.3645998079,-1.18298216126055,0.361977317950625,-3.26811129481298,0.00108267782100847,0.0197776780807484,"DOWN",120426148,120469365,"-",38.61,6535,1233,"lysosomal associated membrane protein 2"
"NUS1P1","X",141.894204734518,-1.18989494099782,0.347485165998734,-3.42430427951607,0.000616375650264191,0.0151193321270687,"DOWN",47512602,47513483,"-",53.97,882,NA,"NUS1 pseudogene 1"
"DYNLT3","X",1537.24364178616,-1.19960089778291,0.359481607338797,-3.33702997119496,0.000846788162084156,0.0176064956000032,"DOWN",37836757,37847571,"-",37.43,920,459,"dynein light chain Tctex-type 3"
"GAPDHP1","X",71.9568293862762,-1.23838521158258,0.424705810516139,-2.91586594983851,0.00354702863017965,0.037073653608265,"DOWN",39787132,39788136,"-",53.83,1005,NA,"glyceraldehyde-3-phosphate dehydrogenase pseudogene 1"
"LPAR4","X",167.306924357809,-1.25458494781364,0.428714554188452,-2.92638758249891,0.00342923416651371,0.036374950215334,"DOWN",78747709,78758714,"+",34.8,792,NA,"lysophosphatidic acid receptor 4"
"CYBB","X",1282.47939843829,-1.26656732466532,0.381565732406408,-3.31939484365513,0.000902127741942841,0.0181195429507233,"DOWN",37780018,37813461,"+",37.33,4171,345,"cytochrome b-245 beta chain"
"GABRA3","X",2327.82215801171,-1.31599760816469,0.3613948905964,-3.64143944036657,0.000271117905586234,0.0103187190602337,"DOWN",152166234,152451315,"-",37.36,3669,1479,"gamma-aminobutyric acid type A receptor subunit alpha3"
"GPC3","X",75.2378789519398,-1.62226495488708,0.540546666150744,-3.00115615630247,0.00268956599818233,0.0317626187656435,"DOWN",133535745,133987100,"-",39.68,1188,NA,"glypican 3"
"MT-TS2","MT",548.805507680351,1.61387148365105,0.390852252550001,4.12910882084425,3.64172022611856e-05,0.00371803626852041,"UP",12207,12265,"+",45.76,59,NA,"mitochondrially encoded tRNA-Ser (AGU/C) 2"
"MT-TV","MT",2475.82760297433,1.13925363830676,0.35815718811261,3.18087609608037,0.00146830413717686,0.0228906721623531,"UP",1602,1670,"+",42.03,69,NA,"mitochondrially encoded tRNA-Val (GUN)"
"MT-TH","MT",468.676534364069,1.07424169103386,0.381637839695083,2.81481965177285,0.00488046142168979,0.0447116817973444,"UP",12138,12206,"+",36.23,69,NA,"mitochondrially encoded tRNA-His (CAU/C)"
"MT-TT","MT",1183.28276105784,0.831907969356291,0.3011519210486,2.76241960024568,0.00573746905375675,0.0488442191250126,"UP",15888,15953,"+",37.88,66,NA,"mitochondrially encoded tRNA-Thr (ACN)"
"MT-TN","MT",1080.6663981006,-1.45887854635848,0.521114341193729,-2.79953636090036,0.00511760525258749,0.0456827961134146,"DOWN",5657,5729,"-",41.1,73,NA,"mitochondrially encoded tRNA-Asn (AAU/C)"
"MT-TC","MT",2202.85048961145,-1.57945945026847,0.54756634498386,-2.88450790436185,0.00392025917103778,0.0395287813527493,"DOWN",5761,5826,"-",45.45,66,NA,"mitochondrially encoded tRNA-Cys (UGU/C)"
"MT-TY","MT",1427.3305765336,-2.03080946847552,0.587402415402452,-3.45727122535603,0.000545675342522617,0.0142987040457768,"DOWN",5826,5891,"-",42.42,66,NA,"mitochondrially encoded tRNA-Tyr (UAU/C)"
"LRRC58-DT",NA,107.038432877462,2.49070286269604,0.77909055914813,3.19693626555995,0.00138895612380864,0.0222117941244607,"UP",NA,NA,NA,NA,NA,NA,NA
"LINC00565",NA,38.8984308122498,2.43789393579031,0.648364768667482,3.76006540392481,0.000169868939953412,0.00784055378189548,"UP",NA,NA,NA,NA,NA,NA,NA
"ENSG00000229953",NA,22.7018819207578,2.35003205350334,0.57545746001776,4.08376329578004,4.43121688567966e-05,0.00395473843531543,"UP",NA,NA,NA,NA,NA,NA,NA
"5_8S_rRNA",NA,64.3339560896873,2.27577016602822,0.444592658891196,5.11877585136906,3.07525189752001e-07,0.000297833232557281,"UP",NA,NA,NA,NA,NA,NA,NA
"ENSG00000256542",NA,40.3669292452257,2.24320075239608,0.655599544301009,3.42160206164839,0.000622533550515527,0.0151748814336354,"UP",NA,NA,NA,NA,NA,NA,NA
"ENSG00000248409",NA,31.4161930442673,2.15234524058046,0.734266723581403,2.93128528293145,0.00337562629729292,0.0360613505416637,"UP",NA,NA,NA,NA,NA,NA,NA
"GOLGA6L10","HSCHR15_5_CTG8",57.7929226802763,2.13920099215783,0.764832933459399,2.79695198594817,0.00515871989334147,0.0458807876783371,"UP",128991,138515,"-",47.95,4266,1425,"golgin A6 family like 10"
"DKFZP434A062",NA,23.365949808225,2.02019348551043,0.659087736729391,3.06513590365873,0.00217571107507245,0.0284441881414607,"UP",NA,NA,NA,NA,NA,NA,NA
"ENSG00000224348",NA,42.6058528320478,2.00307973775671,0.60739176279022,3.29783816717404,0.000974322720904403,0.0188821869613733,"UP",NA,NA,NA,NA,NA,NA,NA
"ENSG00000232456",NA,54.448121341325,1.94256232325854,0.561433992912288,3.46000126066828,0.000540172858978193,0.0142822254367668,"UP",NA,NA,NA,NA,NA,NA,NA
"ENSG00000288632",NA,120.904131560239,1.89795944651544,0.625362976808536,3.03497251500472,0.00240557607988327,0.0302034393480522,"UP",NA,NA,NA,NA,NA,NA,NA
"SHANK2-AS2",NA,53.7212768320561,1.88146220403164,0.608605089249144,3.09143357041734,0.00199192546842711,0.0271265255514517,"UP",NA,NA,NA,NA,NA,NA,NA
"ENSG00000224888",NA,113.04062999996,1.87280759258324,0.397189712091369,4.71514627788854,2.41537161254475e-06,0.000937227465404875,"UP",NA,NA,NA,NA,NA,NA,NA
"ENSG00000237422",NA,58.0712000936506,1.78417777187442,0.641320158204743,2.78203912515224,0.00540185274703449,0.0471317498339741,"UP",NA,NA,NA,NA,NA,NA,NA
"C11orf94",NA,30.2137535840328,1.783499900971,0.469972719930055,3.79490090666632,0.000147702436409645,0.00720228049799129,"UP",NA,NA,NA,NA,NA,NA,NA
"FLJ40194",NA,28.2597435162228,1.7534029278292,0.568040859278943,3.08675493881713,0.00202354344174391,0.0273882406203287,"UP",NA,NA,NA,NA,NA,NA,NA
"ENSG00000272382",NA,29.1325776879226,1.64754811453482,0.576394463099526,2.85836908577372,0.00425824776978152,0.0413614379758779,"UP",NA,NA,NA,NA,NA,NA,NA
"ENSG00000233799",NA,49.3236609036544,1.62772531069576,0.402911347273199,4.03990932921543,5.34718693494861e-05,0.00428523154767163,"UP",NA,NA,NA,NA,NA,NA,NA
"ENSG00000239763",NA,144.4459327859,1.6002343952957,0.490979957391423,3.25926623114668,0.00111700792866066,0.020086210975901,"UP",NA,NA,NA,NA,NA,NA,NA
"ENSG00000282572",NA,46.2889815199724,1.59381850615319,0.578976606289418,2.75282021560034,0.00590843330928882,0.0496357652026604,"UP",NA,NA,NA,NA,NA,NA,NA
"ENSG00000240695",NA,135.430794096938,1.48921600454141,0.312675466258136,4.76281693080439,1.90909024437473e-06,0.000887947243277831,"UP",NA,NA,NA,NA,NA,NA,NA
"ENSG00000228434",NA,129.659852463969,1.45622610345695,0.397626588927098,3.66229559091164,0.000249965191729671,0.00980606597546943,"UP",NA,NA,NA,NA,NA,NA,NA
"LINC01814",NA,91.0398150122127,1.41951798784982,0.406945447367447,3.48822673169773,0.000486235567503215,0.0137050792848759,"UP",NA,NA,NA,NA,NA,NA,NA
"ENSG00000271711",NA,22.8785872917018,1.39241427874249,0.488388501642655,2.85103820843287,0.00435767327569263,0.0420066503969319,"UP",NA,NA,NA,NA,NA,NA,NA
"LINC01529",NA,99.6516094161856,1.35123592390618,0.44087460685149,3.06489850607646,0.00217743875552833,0.0284513958623492,"UP",NA,NA,NA,NA,NA,NA,NA
"ENSG00000289614",NA,81.5068078843854,1.33857176839103,0.365041025484204,3.66690775814992,0.000245501303932733,0.00976307986165691,"UP",NA,NA,NA,NA,NA,NA,NA
"ENSG00000230506",NA,27.8746637119156,1.28357710979025,0.399681457494205,3.2115002728363,0.00132043845184289,0.0216620480798074,"UP",NA,NA,NA,NA,NA,NA,NA
"ENSG00000273319",NA,920.991538411708,1.25346271419835,0.425554153427823,2.94548344576538,0.00322450402046485,0.0350870081730653,"UP",NA,NA,NA,NA,NA,NA,NA
"ENSG00000260884",NA,118.771466442613,1.22930160858776,0.441391468799931,2.785059738309,0.00535178622233179,0.0468809495013823,"UP",NA,NA,NA,NA,NA,NA,NA
"LINC01238",NA,119.457701357436,1.20403643070921,0.318276324677006,3.7829908710021,0.000154955099815217,0.00745078338793408,"UP",NA,NA,NA,NA,NA,NA,NA
"CTD-2350J17.1",NA,39.9911059417137,1.20369416794704,0.428327276427357,2.81022067515045,0.00495075419436119,0.044879663022796,"UP",NA,NA,NA,NA,NA,NA,NA
"ENSG00000278817","KI270734.1",52.9800744037951,1.17554119070764,0.372187550755134,3.15846456530471,0.00158602589295437,0.0239597890362239,"UP",131494,137392,"+",57.94,1213,663,""
"C9orf131",NA,98.7224534859586,1.16557204436602,0.395665162083385,2.94585461663765,0.00322063737162339,0.0350717404187678,"UP",NA,NA,NA,NA,NA,NA,NA
"ENSG00000287168",NA,329.754171883402,1.14891361366714,0.324271747717118,3.54305801154596,0.000395515687540134,0.0123590987323588,"UP",NA,NA,NA,NA,NA,NA,NA
"LY6G5C","HSCHR6_MHC_SSTO_CTG1",114.917409423431,1.13972299930303,0.384441346512332,2.96462128655683,0.00303055754000056,0.0337927718558799,"UP",2975968,2983321,"-",52.95,811,NA,"lymphocyte antigen 6 family member G5C"
"SLC9A3R2",NA,4253.22106705927,1.08679587779917,0.25788531239133,4.21426046997979,2.50597948093596e-05,0.00318400269728011,"UP",NA,NA,NA,NA,NA,NA,NA
"ENSG00000229492",NA,114.171286994035,1.07249249778003,0.349755106421674,3.06640983387675,0.00216646138879893,0.0283692664588473,"UP",NA,NA,NA,NA,NA,NA,NA
"ENSG00000287884",NA,39.1441052852268,1.06630203559343,0.386989834846406,2.75537479173487,0.00586249380069738,0.0493526888491705,"UP",NA,NA,NA,NA,NA,NA,NA
"KIAA1522",NA,1865.24924304303,1.06366810935411,0.372929392116076,2.85219704276632,0.00434181776053938,0.0419373819314718,"UP",NA,NA,NA,NA,NA,NA,NA
"LRRC29",NA,198.342167665988,1.00835394808876,0.267632349596383,3.76768335221604,0.000164769515519625,0.00772309205883264,"UP",NA,NA,NA,NA,NA,NA,NA
"ENSG00000283907",NA,532.665707025351,0.960987077883556,0.340366645627422,2.82338792660515,0.00475190363565483,0.0441357685606558,"UP",NA,NA,NA,NA,NA,NA,NA
"ENSG00000288573",NA,65.6596725742099,0.95099062565219,0.334577248816414,2.84236489186391,0.0044780206787809,0.0426534848920464,"UP",NA,NA,NA,NA,NA,NA,NA
"ZDHHC8P1",NA,387.449598670474,0.916610366633422,0.248025232404753,3.69563353593639,0.000219339158422305,0.00906826818051603,"UP",NA,NA,NA,NA,NA,NA,NA
"IRF1-AS1",NA,545.64333418385,0.79027554071292,0.270144497617077,2.92538085241002,0.00344034891102933,0.0364044960306713,"UP",NA,NA,NA,NA,NA,NA,NA
"CYHR1",NA,2524.79487151377,0.734232159381122,0.206521108181565,3.55524026500775,0.000377633840102806,0.0121778178942697,"UP",NA,NA,NA,NA,NA,NA,NA
"MRM1","HSCHR17_7_CTG4",193.617751401441,0.691896100130245,0.213672932595252,3.23810831688664,0.00120325116642858,0.0207870233651726,"UP",837066,844472,"+",52.59,1857,1062,"mitochondrial rRNA methyltransferase 1"
"C16orf72",NA,4453.5578150726,-0.412960254707846,0.1256267800189,-3.28719923129222,0.00101189216680005,0.0191050928541967,"DOWN",NA,NA,NA,NA,NA,NA,NA
"C18orf25",NA,1985.46784197432,-0.432696859389054,0.153323144481378,-2.82212356688006,0.00477067918084738,0.0442138307187263,"DOWN",NA,NA,NA,NA,NA,NA,NA
"C17orf80",NA,1029.95661586552,-0.441676877655467,0.143151414110094,-3.0853825678298,0.00203290483668737,0.0274834188821245,"DOWN",NA,NA,NA,NA,NA,NA,NA
"WDR61",NA,1070.18914276307,-0.483631460745501,0.168541161588769,-2.86951541206021,0.00411101297304756,0.0405336158850911,"DOWN",NA,NA,NA,NA,NA,NA,NA
"TTC37",NA,5502.11676674885,-0.490674241022384,0.157353755745519,-3.11828744536564,0.00181905298081116,0.0255788461592435,"DOWN",NA,NA,NA,NA,NA,NA,NA
"C12orf73",NA,286.752674453715,-0.745968600281952,0.202906465666765,-3.67641611533001,0.000236533584780371,0.00951880412894849,"DOWN",NA,NA,NA,NA,NA,NA,NA
"UHRF1BP1L",NA,4327.23555138693,-0.75853119239356,0.269043549276205,-2.81936212347109,0.00481191983638319,0.0443873160280091,"DOWN",NA,NA,NA,NA,NA,NA,NA
"MRPL45","HSCHR17_7_CTG4",657.976985392894,-0.799083125186392,0.265594773964493,-3.00865530318461,0.00262406648019288,0.031478194877129,"DOWN",2332054,2358166,"+",45.29,1705,921,"mitochondrial ribosomal protein L45"
"C12orf29",NA,801.685108930827,-0.838939398242478,0.244238656086166,-3.43491653486049,0.000592736360398561,0.0148149895501748,"DOWN",NA,NA,NA,NA,NA,NA,NA
"RPS18","HSCHR6_MHC_QBL_CTG1",5118.61486938209,-0.874135698956826,0.263361344160205,-3.31914959556511,0.000902920446214073,0.0181195429507233,"DOWN",4466427,4470930,"+",46.91,613,459,"ribosomal protein S18"
"FAM126A",NA,3262.44582857393,-0.886131126436183,0.304007984967628,-2.91482845929373,0.00355884096678888,0.0371560303979594,"DOWN",NA,NA,NA,NA,NA,NA,NA
"C16orf91",NA,227.828045116513,-0.916292930801126,0.304816863961631,-3.00604408460966,0.00264670622814332,0.03156895362358,"DOWN",NA,NA,NA,NA,NA,NA,NA
"HHLA3",NA,260.157378529108,-0.927167246307543,0.295560959607058,-3.13697467872683,0.00170700868883672,0.0247799314010502,"DOWN",NA,NA,NA,NA,NA,NA,NA
"ATP6V1G2","HSCHR6_MHC_QBL_CTG1",2986.08409945428,-0.942547153226026,0.334127645902199,-2.82091938450946,0.00478862349732497,0.0443236310395337,"DOWN",2800318,2802700,"-",49.14,1351,357,"ATPase H+ transporting V1 subunit G2"
"MRPS36",NA,312.275724754717,-0.993459195270347,0.259118010575071,-3.83400286636009,0.000126074670944936,0.00676106871723775,"DOWN",NA,NA,NA,NA,NA,NA,NA
"GK3P",NA,49.2261068514305,-1.27874039655153,0.441324655916249,-2.89750499866519,0.00376143744072886,0.0383453294912438,"DOWN",NA,NA,NA,NA,NA,NA,NA
"ENSG00000227081",NA,30.8448008240969,-1.35838909095757,0.437521195616151,-3.10473893509224,0.00190447037478572,0.026366067821733,"DOWN",NA,NA,NA,NA,NA,NA,NA
"TDGF1",NA,26.7851189166658,-1.81654832542357,0.657878708738936,-2.76122072548244,0.00575857431667598,0.048937764730543,"DOWN",NA,NA,NA,NA,NA,NA,NA
